conversation_id,topic_l1,topic_l2,label,turn_index,user_query,expanded_query,named_entities,needs_expansion
conv_0002_politics_india,Politics,India,Politics_India,1,who is the 13th prime minister of india?,who is the 13th prime minister of India?,"[""India""]",False
conv_0002_politics_india,Politics,India,Politics_India,2,what were his major economic reforms?,what were the major economic reforms of Manmohan Singh?,"[""Manmohan Singh""]",True
conv_0002_politics_india,Politics,India,Politics_India,3,that sounds impressive... and his role in the cabinet?,that sounds impressive... and what was his role in the cabinet?,[],True
conv_0002_politics_india,Politics,India,Politics_India,4,"back, so what were we saying about Manmohan Singh's cabinet?","back, so what were we saying about Manmohan Singh's cabinet?",[],False
conv_0002_politics_india,Politics,India,Politics_India,5,"right, and how did his policies impact india's growth?","right, and how did Manmohan Singh's policies impact India's growth?","[""Manmohan Singh"", ""India""]",True
conv_0002_politics_india,Politics,India,Politics_India,6,that's interesting... what about his successor?,that's interesting... who was his successor?,[],True
conv_0002_politics_india,Politics,India,Politics_India,7,"okay, compare both of them in terms of economic policies.","okay, compare Manmohan Singh and Narendra Modi in terms of economic policies.","[""Manmohan Singh"", ""Narendra Modi""]",True
conv_0002_politics_india,Politics,India,Politics_India,8,what about Manmohan Singh's international diplomatic efforts?,what were Manmohan Singh's international diplomatic efforts?,"[""Manmohan Singh""]",True
conv_0002_politics_india,Politics,India,Politics_India,9,did he attend any major global summits?,did Manmohan Singh attend any major global summits?,"[""Manmohan Singh""]",True
conv_0002_politics_india,Politics,India,Politics_India,10,"yes, Manmohan Singh attended several G20 summits, as well as meetings with the Commonwealth and SAARC nations.","Manmohan Singh attended several G20 summits, as well as meetings with the Commonwealth and SAARC nations.","[""Manmohan Singh"", ""G20"", ""Commonwealth"", ""SAARC""]",True
conv_0003_politics_uk,Politics,UK,Politics_UK,1,Who is the current Prime Minister of the UK?,Who is the current Prime Minister of the UK?,"[""UK""]",False
conv_0003_politics_uk,Politics,UK,Politics_UK,2,What's his background?,What is Rishi Sunak's background?,"[""Rishi Sunak""]",True
conv_0003_politics_uk,Politics,UK,Politics_UK,3,"He was a banker, right?","He was a banker, right?",[],False
conv_0003_politics_uk,Politics,UK,Politics_UK,4,And what about his rise to PM?,And what about Rishi Sunak's rise to Prime Minister?,"[""Rishi Sunak""]",True
conv_0003_politics_uk,Politics,UK,Politics_UK,5,"Give me a minute, I need to check something...","Give me a minute, I need to check something...",[],False
conv_0003_politics_uk,Politics,UK,Politics_UK,6,"Back, so what were we saying? Ah yes, Rishi Sunak. What's his stance on Brexit?","Back, so what were we saying? Ah yes, Rishi Sunak. What is his stance on Brexit?","[""Rishi Sunak"", ""Brexit""]",True
conv_0003_politics_uk,Politics,UK,Politics_UK,7,How does he compare to Boris Johnson?,How does Rishi Sunak compare to Boris Johnson?,"[""Rishi Sunak"", ""Boris Johnson""]",True
conv_0003_politics_uk,Politics,UK,Politics_UK,8,What about his policies on education?,What are Rishi Sunak's policies on education?,"[""Rishi Sunak""]",True
conv_0003_politics_uk,Politics,UK,Politics_UK,9,That's interesting. What does Keir Starmer think about him?,That is interesting. What does Keir Starmer think about Rishi Sunak?,"[""Keir Starmer"", ""Rishi Sunak""]",True
conv_0003_politics_uk,Politics,UK,Politics_UK,10,"Okay, now tell me about the conservative party...","Okay, now tell me about the Conservative Party.","[""Conservative Party""]",True
conv_0006_politics_usa,Politics,USA,Politics_USA,1,Who is Donald Trump?,Who is Donald Trump?,"[""Donald Trump""]",False
conv_0006_politics_usa,Politics,USA,Politics_USA,2,What were his main goals during presidency?,What were Donald Trump's main goals during his presidency?,"[""Donald Trump""]",True
conv_0006_politics_usa,Politics,USA,Politics_USA,3,"He focused on immigration too, right?","He focused on immigration too, right?",[],False
conv_0006_politics_usa,Politics,USA,Politics_USA,4,"back, so what were we saying about his economic policies?","back, so what were we saying about Donald Trump's economic policies?","[""Donald Trump""]",True
conv_0006_politics_usa,Politics,USA,Politics_USA,5,"Those tax cuts, did they help the middle class?",Did Donald Trump's tax cuts help the middle class?,"[""Donald Trump""]",True
conv_0006_politics_usa,Politics,USA,Politics_USA,6,"That's interesting, what about his vice president, Mike Pence?","That's interesting, what about Mike Pence, Donald Trump's vice president?","[""Mike Pence"", ""Donald Trump""]",True
conv_0006_politics_usa,Politics,USA,Politics_USA,7,compare Trump and Obama on healthcare,Compare Donald Trump's and Barack Obama's policies on healthcare,"[""Donald Trump"", ""Barack Obama""]",True
conv_0006_politics_usa,Politics,USA,Politics_USA,8,"Okay, now tell me about Trump's impact on international relations","Okay, now tell me about Donald Trump's impact on international relations","[""Donald Trump""]",True
conv_0006_politics_usa,Politics,USA,Politics_USA,9,That's a lot to take in; what about his stance on climate change?,That's a lot to take in; what about Donald Trump's stance on climate change?,"[""Donald Trump""]",True
conv_0006_politics_usa,Politics,USA,Politics_USA,10,"Donald Trump expressed skepticism about climate change and its impacts, which influenced his decision to withdraw the US from the Paris Climate Agreement.","Donald Trump expressed skepticism about climate change and its impacts, which influenced his decision to withdraw the US from the Paris Climate Agreement.","[""Donald Trump""]",False
conv_0007_politics_usa,Politics,USA,Politics_USA,1,Who is Barack Obama?,Who is Barack Obama?,"[""Barack Obama""]",False
conv_0007_politics_usa,Politics,USA,Politics_USA,2,What were his major achievements?,What were the major achievements of Barack Obama?,"[""Barack Obama""]",True
conv_0007_politics_usa,Politics,USA,Politics_USA,3,"That's impressive. He was the first African American president, right?","That's impressive. He was the first African American president, right?",[],False
conv_0007_politics_usa,Politics,USA,Politics_USA,4,What about his vice president? Who was that?,What about his vice president? Who was that?,[],False
conv_0007_politics_usa,Politics,USA,Politics_USA,5,"Okay, got it. What were some of Obama's challenges during his presidency?","Okay, got it. What were some of Barack Obama's challenges during his presidency?","[""Barack Obama""]",True
conv_0007_politics_usa,Politics,USA,Politics_USA,6,"Wait a sec, I need to take a call. Brb.","Wait a sec, I need to take a call. Brb.",[],False
conv_0007_politics_usa,Politics,USA,Politics_USA,7,"Back, so what were we saying? Oh yeah, challenges.","Back, so what were we saying? Oh yeah, challenges.",[],False
conv_0007_politics_usa,Politics,USA,Politics_USA,8,That must have been tough. How did he handle healthcare reform?,That must have been tough. How did Barack Obama handle healthcare reform?,"[""Barack Obama""]",True
conv_0007_politics_usa,Politics,USA,Politics_USA,9,"Compare Obama's healthcare reform to, say, the UK's NHS.",Compare Barack Obama's healthcare reform to the UK's NHS.,"[""Barack Obama"", ""UK"", ""NHS""]",True
conv_0007_politics_usa,Politics,USA,Politics_USA,10,"Okay, now tell me about US politics today.","Okay, now tell me about US politics today.",[],False
conv_0011_sports_football,Sports,Football,Sports_Football,1,who's the best soccer player of all time?,who's the best soccer player of all time?,[],False
conv_0011_sports_football,Sports,Football,Sports_Football,2,what makes him so great?,what makes Lionel Messi so great?,"[""Lionel Messi""]",True
conv_0011_sports_football,Sports,Football,Sports_Football,3,"he's had some amazing teammates, right?","Lionel Messi has had some amazing teammates, right?","[""Lionel Messi""]",True
conv_0011_sports_football,Sports,Football,Sports_Football,4,and now he's at inter miami?,and now Lionel Messi is at Inter Miami?,"[""Lionel Messi"", ""Inter Miami""]",True
conv_0011_sports_football,Sports,Football,Sports_Football,5,that's a big change from european football,that's a big change for Lionel Messi from European football,"[""Lionel Messi""]",True
conv_0011_sports_football,Sports,Football,Sports_Football,6,"wait a sec, need to take a call","wait a sec, need to take a call",[],False
conv_0011_sports_football,Sports,Football,Sports_Football,7,"back, so what were we saying about messi?","back, so what were we saying about Lionel Messi?","[""Lionel Messi""]",True
conv_0011_sports_football,Sports,Football,Sports_Football,8,how does he compare to cristiano ronaldo?,how does Lionel Messi compare to Cristiano Ronaldo?,"[""Lionel Messi"", ""Cristiano Ronaldo""]",True
conv_0011_sports_football,Sports,Football,Sports_Football,9,ronaldo's had some great teams too,Cristiano Ronaldo's had some great teams too,"[""Cristiano Ronaldo""]",True
conv_0011_sports_football,Sports,Football,Sports_Football,10,okay now tell me about messi's records,okay now tell me about Lionel Messi's records,"[""Lionel Messi""]",True
conv_0012_sports_football,Sports,Football,Sports_Football,1,Who is the best football player in the world right now?,Who is the best football player in the world right now?,[],False
conv_0012_sports_football,Sports,Football,Sports_Football,2,He's definitely up there. What team does he play for currently?,What team does Cristiano Ronaldo play for currently?,"[""Cristiano Ronaldo""]",True
conv_0012_sports_football,Sports,Football,Sports_Football,3,That's right. And what about his previous teams?,What were Cristiano Ronaldo's previous teams?,"[""Cristiano Ronaldo""]",True
conv_0012_sports_football,Sports,Football,Sports_Football,4,"Ah, Real Madrid. What were his achievements there?",What were Cristiano Ronaldo's achievements at Real Madrid?,"[""Cristiano Ronaldo"", ""Real Madrid""]",True
conv_0012_sports_football,Sports,Football,Sports_Football,5,"That's impressive. Give me a minute, I need to check something.","Give me a minute, I need to check something.",[],True
conv_0012_sports_football,Sports,Football,Sports_Football,6,"Back, so what were we saying? Oh yeah, Cristiano Ronaldo. How does he compare to Lionel Messi?",How does Cristiano Ronaldo compare to Lionel Messi?,"[""Cristiano Ronaldo"", ""Lionel Messi""]",True
conv_0012_sports_football,Sports,Football,Sports_Football,7,"Speed and power, yeah. What about his international career?",What is Cristiano Ronaldo's international career like?,"[""Cristiano Ronaldo""]",True
conv_0012_sports_football,Sports,Football,Sports_Football,8,"That's a great achievement. What about other top players, like Kylian Mbappé?","What about Kylian Mbappé, a top player like him?","[""Kylian Mbapp\u00e9""]",True
conv_0012_sports_football,Sports,Football,Sports_Football,9,"Experience, yeah. Do you think he'll ever retire?",Do you think Cristiano Ronaldo will ever retire?,"[""Cristiano Ronaldo""]",True
conv_0012_sports_football,Sports,Football,Sports_Football,10,"That's fair. Okay, now tell me about the Champions League.",Tell me about the Champions League.,[],True
conv_0013_sports_tennis,Sports,Tennis,Sports_Tennis,1,Who is the number one tennis player in the world right now?,Who is the number one tennis player in the world right now?,[],False
conv_0013_sports_tennis,Sports,Tennis,Sports_Tennis,2,What are his strengths on the court?,What are Novak Djokovic's strengths on the court?,"[""Novak Djokovic""]",True
conv_0013_sports_tennis,Sports,Tennis,Sports_Tennis,3,He's had so many great matches... what about his rivalry with Federer?,Novak Djokovic has had so many great matches... what about his rivalry with Roger Federer?,"[""Novak Djokovic"", ""Roger Federer""]",True
conv_0013_sports_tennis,Sports,Tennis,Sports_Tennis,4,Their matches are always so intense... and what about Nadal?,Novak Djokovic and Roger Federer's matches are always so intense... and what about Rafael Nadal?,"[""Novak Djokovic"", ""Roger Federer"", ""Rafael Nadal""]",True
conv_0013_sports_tennis,Sports,Tennis,Sports_Tennis,5,"Give me a minute, I need to check something... (pauses) Back, so what were we saying?","Give me a minute, I need to check something... (pauses) Back, so what were we saying?",[],False
conv_0013_sports_tennis,Sports,Tennis,Sports_Tennis,6,"Right, and how does he compare to the other two in terms of Grand Slam wins?","Right, and how does Novak Djokovic compare to Roger Federer and Rafael Nadal in terms of Grand Slam wins?","[""Novak Djokovic"", ""Roger Federer"", ""Rafael Nadal""]",True
conv_0013_sports_tennis,Sports,Tennis,Sports_Tennis,7,That's impressive... what about his technique? What's his serve like?,That's impressive... what about Novak Djokovic's technique? What is his serve like?,"[""Novak Djokovic""]",True
conv_0013_sports_tennis,Sports,Tennis,Sports_Tennis,8,I've seen him use different strategies... does he have a favorite surface to play on?,I've seen Novak Djokovic use different strategies... does he have a favorite surface to play on?,"[""Novak Djokovic""]",True
conv_0013_sports_tennis,Sports,Tennis,Sports_Tennis,9,"Okay, now tell me about the tennis tournament in Wimbledon...","Okay, now tell me about the tennis tournament in Wimbledon...",[],False
conv_0013_sports_tennis,Sports,Tennis,Sports_Tennis,10,"Yeah, and has Novak Djokovic won there before?","Yeah, and has Novak Djokovic won Wimbledon before?","[""Novak Djokovic"", ""Wimbledon""]",True
conv_0017_technology_ai,Technology,AI,Technology_AI,1,Who is Geoffrey Hinton?,Who is Geoffrey Hinton?,"[""Geoffrey Hinton""]",False
conv_0017_technology_ai,Technology,AI,Technology_AI,2,"He's often called the ""godfather of deep learning"". What are his contributions?","Geoffrey Hinton is often called the ""godfather of deep learning"". What are his contributions?","[""Geoffrey Hinton""]",True
conv_0017_technology_ai,Technology,AI,Technology_AI,3,That's impressive. What led him to AI?,That is impressive. What led Geoffrey Hinton to AI?,"[""Geoffrey Hinton""]",True
conv_0017_technology_ai,Technology,AI,Technology_AI,4,"He was at the University of Toronto for a long time, right?","Geoffrey Hinton was at the University of Toronto for a long time, right?","[""Geoffrey Hinton"", ""University of Toronto""]",True
conv_0017_technology_ai,Technology,AI,Technology_AI,5,"Wait, give me a sec... *pause* Back, so what were we saying?","Wait, give me a sec... *pause* Back, so what were we saying?",[],False
conv_0017_technology_ai,Technology,AI,Technology_AI,6,Right. And what's his current involvement in AI research?,Right. And what is Geoffrey Hinton's current involvement in AI research?,"[""Geoffrey Hinton""]",True
conv_0017_technology_ai,Technology,AI,Technology_AI,7,How does he feel about AI safety?,How does Geoffrey Hinton feel about AI safety?,"[""Geoffrey Hinton""]",True
conv_0017_technology_ai,Technology,AI,Technology_AI,8,"That's interesting. What about Yann LeCun, how does he compare?","That is interesting. What about Yann LeCun, how does he compare to Geoffrey Hinton?","[""Yann LeCun"", ""Geoffrey Hinton""]",True
conv_0017_technology_ai,Technology,AI,Technology_AI,9,"Okay, now tell me about computer vision.","Okay, now tell me about computer vision.",[],False
conv_0017_technology_ai,Technology,AI,Technology_AI,10,That sounds cool. Has Hinton worked on any computer vision projects?,That sounds cool. Has Geoffrey Hinton worked on any computer vision projects?,"[""Geoffrey Hinton""]",True
conv_0018_technology_ai,Technology,AI,Technology_AI,1,what's the latest on AI research from Google DeepMind?,what's the latest on AI research from Google DeepMind?,"[""Google DeepMind""]",False
conv_0018_technology_ai,Technology,AI,Technology_AI,2,"that's impressive, what are its applications?","that's impressive, what are the applications of AlphaFold?","[""AlphaFold""]",True
conv_0018_technology_ai,Technology,AI,Technology_AI,3,"they've been working on it for years, right?","Google DeepMind has been working on AlphaFold for years, right?","[""Google DeepMind"", ""AlphaFold""]",True
conv_0018_technology_ai,Technology,AI,Technology_AI,5,"back, so what were we saying about DeepMind?","back, so what were we saying about DeepMind?","[""DeepMind""]",False
conv_0018_technology_ai,Technology,AI,Technology_AI,6,compare that to what Facebook's AI lab is doing...,compare that to what Facebook's AI lab is doing...,"[""Facebook""]",False
conv_0018_technology_ai,Technology,AI,Technology_AI,7,what about recent breakthroughs in reinforcement learning?,what about recent breakthroughs in reinforcement learning?,[],False
conv_0018_technology_ai,Technology,AI,Technology_AI,8,I've heard they're working on more general AI...,I've heard that Google DeepMind is working on more general AI...,"[""Google DeepMind""]",True
conv_0018_technology_ai,Technology,AI,Technology_AI,9,"that's a bit scary, aren't there risks?","that's a bit scary, aren't there risks associated with advanced AI?",[],True
conv_0018_technology_ai,Technology,AI,Technology_AI,10,"okay, now tell me about robotics...","okay, now tell me about robotics...",[],False
conv_0022_entertainment_bollywood,Entertainment,Bollywood,Entertainment_Bollywood,1,Who is the king of Bollywood?,Who is the king of Bollywood?,"[""Bollywood""]",False
conv_0022_entertainment_bollywood,Entertainment,Bollywood,Entertainment_Bollywood,2,What's his first big hit?,What was Shah Rukh Khan's first big hit?,"[""Shah Rukh Khan""]",True
conv_0022_entertainment_bollywood,Entertainment,Bollywood,Entertainment_Bollywood,3,"He has so many films, what's his most recent one?","He has so many films, what is Shah Rukh Khan's most recent one?","[""Shah Rukh Khan""]",True
conv_0022_entertainment_bollywood,Entertainment,Bollywood,Entertainment_Bollywood,4,"I loved him in ""Jab We Met"", what are his upcoming projects?","I loved Shah Rukh Khan in ""Jab We Met"", what are his upcoming projects?","[""Shah Rukh Khan"", ""Jab We Met""]",True
conv_0022_entertainment_bollywood,Entertainment,Bollywood,Entertainment_Bollywood,5,Can you compare him to Salman Khan?,Can you compare Shah Rukh Khan to Salman Khan?,"[""Shah Rukh Khan"", ""Salman Khan""]",True
conv_0022_entertainment_bollywood,Entertainment,Bollywood,Entertainment_Bollywood,6,"Yeah, I've seen his interviews, he's very charming.","Yeah, I've seen Shah Rukh Khan's interviews, he is very charming.","[""Shah Rukh Khan""]",True
conv_0022_entertainment_bollywood,Entertainment,Bollywood,Entertainment_Bollywood,7,"Wait, give me a minute... *pause* Back, so what were we saying?","Wait, give me a minute... *pause* Back, so what were we saying?",[],False
conv_0022_entertainment_bollywood,Entertainment,Bollywood,Entertainment_Bollywood,8,"Right, okay... and what about his family?","Right, okay... and what about Shah Rukh Khan's family?","[""Shah Rukh Khan""]",True
conv_0022_entertainment_bollywood,Entertainment,Bollywood,Entertainment_Bollywood,9,"His kids are all grown up, what's Suhana up to?","Shah Rukh Khan's kids are all grown up, what is Suhana up to?","[""Shah Rukh Khan"", ""Suhana""]",True
conv_0022_entertainment_bollywood,Entertainment,Bollywood,Entertainment_Bollywood,10,"That's cool... by the way, have you heard about Priyanka Chopra's new series?","That's cool... by the way, have you heard about Priyanka Chopra's new series?","[""Priyanka Chopra""]",False
conv_0023_entertainment_bollywood,Entertainment,Bollywood,Entertainment_Bollywood,1,Who is Aamir Khan?,Who is Aamir Khan?,"[""Aamir Khan""]",False
conv_0023_entertainment_bollywood,Entertainment,Bollywood,Entertainment_Bollywood,2,What's his acting style like?,What is Aamir Khan's acting style like?,"[""Aamir Khan""]",True
conv_0023_entertainment_bollywood,Entertainment,Bollywood,Entertainment_Bollywood,3,"I've seen him in some comedies, right?","I've seen Aamir Khan in some comedies, right?","[""Aamir Khan""]",True
conv_0023_entertainment_bollywood,Entertainment,Bollywood,Entertainment_Bollywood,4,"And also in dramas, I think?","And also Aamir Khan in dramas, I think?","[""Aamir Khan""]",True
conv_0023_entertainment_bollywood,Entertainment,Bollywood,Entertainment_Bollywood,5,"Lagaan was a period film, wasn't it?","Was Lagaan a period film, wasn't it?","[""Lagaan""]",True
conv_0023_entertainment_bollywood,Entertainment,Bollywood,Entertainment_Bollywood,6,"Wait, give me a minute to check something.","Wait, give me a minute to check something.",[],False
conv_0023_entertainment_bollywood,Entertainment,Bollywood,Entertainment_Bollywood,7,"Back, so what were we saying about Aamir Khan?","I'm back, so what were we saying about Aamir Khan?","[""Aamir Khan""]",True
conv_0023_entertainment_bollywood,Entertainment,Bollywood,Entertainment_Bollywood,8,"Right, and what about his collaborations with other actors?","Right, and what about Aamir Khan's collaborations with other actors?","[""Aamir Khan""]",True
conv_0023_entertainment_bollywood,Entertainment,Bollywood,Entertainment_Bollywood,9,Are those his only co-stars?,Are those Aamir Khan's only co-stars?,"[""Aamir Khan""]",True
conv_0023_entertainment_bollywood,Entertainment,Bollywood,Entertainment_Bollywood,10,"Okay, now tell me about Indian cinema in general.","Okay, now tell me about Indian cinema in general.",[],False
conv_0026_health_nutrition,Health,Nutrition,Health_Nutrition,1,"I've been hearing a lot about intermittent fasting, what is it exactly?","I've been hearing a lot about intermittent fasting, what is intermittent fasting exactly?",[],True
conv_0026_health_nutrition,Health,Nutrition,Health_Nutrition,2,How does it work?,How does intermittent fasting work?,[],True
conv_0026_health_nutrition,Health,Nutrition,Health_Nutrition,3,"I've tried it before, but I'm not sure about the different types, can you explain them?","I've tried intermittent fasting before, but I'm not sure about the different types of intermittent fasting, can you explain them?",[],True
conv_0026_health_nutrition,Health,Nutrition,Health_Nutrition,4,"That sounds interesting, and what about its benefits?","That sounds interesting, and what are the benefits of intermittent fasting?",[],True
conv_0026_health_nutrition,Health,Nutrition,Health_Nutrition,5,"Okay, got it. What about its effects on mental clarity?","Okay, got it. What are the effects of intermittent fasting on mental clarity?",[],True
conv_0026_health_nutrition,Health,Nutrition,Health_Nutrition,6,"Wait a sec, I need to take a call.","Wait a sec, I need to take a call.",[],False
conv_0026_health_nutrition,Health,Nutrition,Health_Nutrition,7,"Back, so what were we saying?","Back, so what were we saying?",[],False
conv_0026_health_nutrition,Health,Nutrition,Health_Nutrition,8,"Right, and how does it compare to traditional calorie restriction?","Right, and how does intermittent fasting compare to traditional calorie restriction?",[],True
conv_0026_health_nutrition,Health,Nutrition,Health_Nutrition,9,I see. What about potential drawbacks?,I see. What are the potential drawbacks of intermittent fasting?,[],True
conv_0026_health_nutrition,Health,Nutrition,Health_Nutrition,10,"Okay, that's good to know. Can you give me some tips for beginners?","Okay, that's good to know. Can you give me some tips for intermittent fasting beginners?",[],True
conv_0027_health_mental_health,Health,Mental Health,Health_Mental Health,1,what's anxiety?,what is anxiety?,[],True
conv_0027_health_mental_health,Health,Mental Health,Health_Mental Health,2,"it affects people in different ways, right?","it affects people in different ways, right?",[],False
conv_0027_health_mental_health,Health,Mental Health,Health_Mental Health,3,how common is it?,how common is anxiety?,[],True
conv_0027_health_mental_health,Health,Mental Health,Health_Mental Health,4,that's a lot; what are its symptoms?,that is a lot; what are the symptoms of anxiety?,[],True
conv_0027_health_mental_health,Health,Mental Health,Health_Mental Health,5,"give me a minute, I need to grab something... (pause) back, so what were we saying?","give me a minute, I need to grab something... (pause) back, so what were we saying?",[],False
conv_0027_health_mental_health,Health,Mental Health,Health_Mental Health,6,and can it be treated?,and can anxiety be treated?,[],True
conv_0027_health_mental_health,Health,Mental Health,Health_Mental Health,7,what about uk's approach to anxiety treatment?,what is the UK's approach to anxiety treatment?,"[""UK""]",True
conv_0027_health_mental_health,Health,Mental Health,Health_Mental Health,8,that's good; compare anxiety with depression.,that is good; compare anxiety with depression.,[],True
conv_0027_health_mental_health,Health,Mental Health,Health_Mental Health,9,"okay, now tell me about stress; is it related?","okay, now tell me about stress; is it related to anxiety?",[],True
conv_0027_health_mental_health,Health,Mental Health,Health_Mental Health,10,who is more prone to anxiety?,who is more prone to anxiety?,[],False
conv_0028_health_fitness,Health,Fitness,Health_Fitness,1,"what's the deal with yoga, is it really good for you?","what's the deal with yoga, is it really good for you?",[],False
conv_0028_health_fitness,Health,Fitness,Health_Fitness,2,"I've heard it's great for stress relief, how does it do that?","I've heard yoga is great for stress relief, how does yoga do that?",[],True
conv_0028_health_fitness,Health,Fitness,Health_Fitness,3,"that sounds amazing, what about the physical benefits?","that sounds amazing, what about the physical benefits of yoga?",[],True
conv_0028_health_fitness,Health,Fitness,Health_Fitness,4,"I've always wanted to try it, what's a good way to start?","I've always wanted to try yoga, what's a good way to start?",[],True
conv_0028_health_fitness,Health,Fitness,Health_Fitness,5,"okay, I'll look into it, what about injuries, can you get hurt doing yoga?","okay, I'll look into yoga, what about injuries, can you get hurt doing yoga?",[],True
conv_0028_health_fitness,Health,Fitness,Health_Fitness,6,"wait, give me a sec to grab a glass of water","wait, give me a sec to grab a glass of water",[],False
conv_0028_health_fitness,Health,Fitness,Health_Fitness,8,"right, got it, and what about yoga for weight loss?","right, got it, and what about yoga for weight loss?",[],False
conv_0028_health_fitness,Health,Fitness,Health_Fitness,9,"that makes sense, how does it compare to other forms of exercise?","that makes sense, how does yoga compare to other forms of exercise?",[],True
conv_0028_health_fitness,Health,Fitness,Health_Fitness,10,"okay, I think I'll give it a shot, what's a good time of day to practice yoga?","okay, I think I'll give yoga a shot, what's a good time of day to practice yoga?",[],True
conv_0029_history_india,History,India,History_India,1,Who was Mahatma Gandhi?,Who was Mahatma Gandhi?,"[""Mahatma Gandhi""]",False
conv_0029_history_india,History,India,History_India,2,What were his methods?,What were Mahatma Gandhi's methods?,"[""Mahatma Gandhi""]",True
conv_0029_history_india,History,India,History_India,3,That's interesting... and what about his influence on others?,That's interesting... and what about Mahatma Gandhi's influence on others?,"[""Mahatma Gandhi""]",True
conv_0029_history_india,History,India,History_India,4,"wait a sec, I need to check something","wait a sec, I need to check something",[],False
conv_0029_history_india,History,India,History_India,5,"back, so what were we saying? Oh yeah, Gandhi... what was his role in the Indian National Congress?","back, so what were we saying? Oh yeah, Mahatma Gandhi... what was his role in the Indian National Congress?","[""Mahatma Gandhi"", ""Indian National Congress""]",True
conv_0029_history_india,History,India,History_India,6,"That's great, and how did he get involved in politics?","That's great, and how did Mahatma Gandhi get involved in politics?","[""Mahatma Gandhi""]",True
conv_0029_history_india,History,India,History_India,7,compare him to Nehru,compare Mahatma Gandhi to Nehru,"[""Mahatma Gandhi"", ""Nehru""]",True
conv_0029_history_india,History,India,History_India,8,what about his personal life?,what about Mahatma Gandhi's personal life?,"[""Mahatma Gandhi""]",True
conv_0029_history_india,History,India,History_India,9,"simple living... that reminds me, what about the Salt March?","simple living... that reminds me, what about the Salt March led by Mahatma Gandhi?","[""Mahatma Gandhi"", ""Salt March""]",True
conv_0029_history_india,History,India,History_India,10,"Okay, now tell me about the Non-Cooperation Movement","Okay, now tell me about the Non-Cooperation Movement led by Mahatma Gandhi","[""Mahatma Gandhi"", ""Non-Cooperation Movement""]",True
conv_0030_history_world_wars,History,World Wars,History_World Wars,1,what was world war ii?,what was World War II?,"[""World War II""]",False
conv_0030_history_world_wars,History,World Wars,History_World Wars,2,who were the main leaders then?,who were the main leaders during World War II?,"[""World War II""]",True
conv_0030_history_world_wars,History,World Wars,History_World Wars,3,what was hitler's role in it?,what was Adolf Hitler's role in World War II?,"[""Adolf Hitler"", ""World War II""]",True
conv_0030_history_world_wars,History,World Wars,History_World Wars,4,and what about churchill?,and what about Winston Churchill's role in World War II?,"[""Winston Churchill"", ""World War II""]",True
conv_0030_history_world_wars,History,World Wars,History_World Wars,5,"wait, give me a sec to grab a book","wait, give me a sec to grab a book",[],False
conv_0030_history_world_wars,History,World Wars,History_World Wars,7,"right, his speeches... what made them so famous?","right, what made Winston Churchill's speeches so famous?","[""Winston Churchill""]",True
conv_0030_history_world_wars,History,World Wars,History_World Wars,8,that's interesting... what about the war's impact on europe?,"that's interesting, what was the impact of World War II on Europe?","[""Europe"", ""World War II""]",True
conv_0030_history_world_wars,History,World Wars,History_World Wars,9,compare it to world war i...,compare World War II to World War I,"[""World War I"", ""World War II""]",True
conv_0030_history_world_wars,History,World Wars,History_World Wars,10,what were the war's long-term effects on the world order?,what were the long-term effects of World War II on the world order?,"[""World War II""]",True
conv_0033_general_general,General,General,General_General,1,how's your day going so far?,how's your day going so far?,[],False
conv_0033_general_general,General,General,General_General,2,"same here, I love walking. it's great exercise, right?","same here, I love walking. it's great exercise, right?",[],False
conv_0033_general_general,General,General,General_General,3,that's awesome. do you have any fun plans for the weekend?,that's awesome. do you have any fun plans for the weekend?,[],False
conv_0033_general_general,General,General,General_General,4,"wait a sec, let me check my schedule real quick... *pause* okay, I'm back. I was thinking of trying out that new restaurant downtown. have you been?","wait a sec, let me check my schedule real quick... *pause* okay, I'm back. I was thinking of trying out that new restaurant downtown. have you been?",[],False
conv_0033_general_general,General,General,General_General,5,I've heard great things. they have a huge menu. can you recommend any good restaurants like that around here?,I've heard great things. they have a huge menu. can you recommend any good restaurants like that around here?,[],False
conv_0033_general_general,General,General,General_General,6,"mmm, italian food is my favorite. what's your go-to order?","mmm, italian food is my favorite. what's your go-to order?",[],False
conv_0033_general_general,General,General,General_General,7,same here! or sometimes I get lasagna. do they have that at the italian place?,same here! or sometimes I get lasagna. do they have that at the italian place?,[],False
conv_0033_general_general,General,General,General_General,8,"okay, now that we're talking about food... what's your favorite type of cuisine?","okay, now that we're talking about food... what's your favorite type of cuisine?",[],False
conv_0033_general_general,General,General,General_General,9,"oh, sushi sounds great. have you tried making it at home?","oh, sushi sounds great. have you tried making it at home?",[],False
conv_0033_general_general,General,General,General_General,10,"yeah, it's a bit hit or miss. but it's fun to experiment. do you have a favorite sushi place around here?","yeah, it's a bit hit or miss. but it's fun to experiment. do you have a favorite sushi place around here?",[],False
conv_0036_politics_india,Politics,India,Politics_India,1,Who is Manmohan Singh?,Who is Manmohan Singh?,"[""Manmohan Singh""]",False
conv_0036_politics_india,Politics,India,Politics_India,3,That's impressive. His finance minister was...,That's impressive. His finance minister was...,[],False
conv_0036_politics_india,Politics,India,Politics_India,4,What about his healthcare initiatives?,What about Manmohan Singh's healthcare initiatives?,"[""Manmohan Singh""]",True
conv_0036_politics_india,Politics,India,Politics_India,5,NRHM was a huge success...,NRHM was a huge success...,"[""NRHM""]",False
conv_0036_politics_india,Politics,India,Politics_India,6,"Give me a minute, I need to check something.","Give me a minute, I need to check something.",[],False
conv_0036_politics_india,Politics,India,Politics_India,7,"Back, so what were we saying about Manmohan Singh's policies?","Back, so what were we saying about Manmohan Singh's policies?","[""Manmohan Singh""]",False
conv_0036_politics_india,Politics,India,Politics_India,8,"Right, compare them to those of his successor, Narendra Modi.","Right, compare Manmohan Singh's policies to those of his successor, Narendra Modi.","[""Manmohan Singh"", ""Narendra Modi""]",True
conv_0036_politics_india,Politics,India,Politics_India,9,How did Manmohan Singh handle foreign policy during his term?,How did Manmohan Singh handle foreign policy during his term?,"[""Manmohan Singh""]",False
conv_0036_politics_india,Politics,India,Politics_India,10,That's interesting. What about India-Pakistan relations under him?,That's interesting. What about India-Pakistan relations under Manmohan Singh?,"[""India"", ""Pakistan"", ""Manmohan Singh""]",True
conv_0038_politics_uk,Politics,UK,Politics_UK,2,What were his major accomplishments during his tenure?,What were Boris Johnson's major accomplishments during his tenure as Prime Minister of the UK?,"[""Boris Johnson"", ""UK""]",True
conv_0038_politics_uk,Politics,UK,Politics_UK,3,That's a lot on his plate - how did he handle the pandemic?,That's a lot on his plate - how did Boris Johnson handle the COVID-19 pandemic?,"[""Boris Johnson"", ""COVID-19""]",True
conv_0038_politics_uk,Politics,UK,Politics_UK,4,"Criticism, that sounds serious - what were his opponents saying?","Criticism, that sounds serious - what were Boris Johnson's opponents saying about his handling of the COVID-19 pandemic?","[""Boris Johnson""]",True
conv_0038_politics_uk,Politics,UK,Politics_UK,5,"Wait, what about his relationship with the EU?","Wait, what about Boris Johnson's relationship with the EU?","[""Boris Johnson"", ""EU""]",True
conv_0038_politics_uk,Politics,UK,Politics_UK,6,"brb, gotta take a call","brb, gotta take a call",[],False
conv_0038_politics_uk,Politics,UK,Politics_UK,8,"Right, and how does that compare to, say, Theresa May's approach?","Right, and how does Boris Johnson's approach compare to Theresa May's approach on Brexit?","[""Boris Johnson"", ""Theresa May""]",True
conv_0038_politics_uk,Politics,UK,Politics_UK,9,"Okay, now tell me about the Conservative party under his leadership.","Okay, now tell me about the Conservative party under Boris Johnson's leadership.","[""Boris Johnson"", ""Conservative party""]",True
conv_0038_politics_uk,Politics,UK,Politics_UK,10,"That's impressive - what about his cabinet, who were some key members?",That's impressive - who were some key members of Boris Johnson's cabinet?,"[""Boris Johnson""]",True
conv_0041_politics_usa,Politics,USA,Politics_USA,3,That's impressive... and his successor?,That's impressive... and who was his successor?,"[""Barack Obama""]",True
conv_0041_politics_usa,Politics,USA,Politics_USA,4,"Okay, now tell me about Joe Biden.","Okay, now tell me about Joe Biden.","[""Joe Biden""]",False
conv_0041_politics_usa,Politics,USA,Politics_USA,5,"Give me a minute, I'm getting a call.","Give me a minute, I'm getting a call.",[],False
conv_0041_politics_usa,Politics,USA,Politics_USA,6,"Back, so what were we saying? Oh yeah, Obama.","Back, so what were we saying? Oh yeah, Barack Obama.","[""Barack Obama""]",True
conv_0041_politics_usa,Politics,USA,Politics_USA,7,"Right, compare him with George W. Bush.","Right, compare Barack Obama with George W. Bush.","[""Barack Obama"", ""George W. Bush""]",True
conv_0041_politics_usa,Politics,USA,Politics_USA,8,What about his role in the Paris Climate Agreement?,What about the role of Barack Obama in the Paris Climate Agreement?,"[""Barack Obama"", ""Paris Climate Agreement""]",True
conv_0041_politics_usa,Politics,USA,Politics_USA,9,"He was a strong supporter, wasn't he?","Barack Obama was a strong supporter, wasn't he?","[""Barack Obama""]",True
conv_0041_politics_usa,Politics,USA,Politics_USA,10,How did his views on healthcare impact his presidency?,How did the views of Barack Obama on healthcare impact his presidency?,"[""Barack Obama""]",True
conv_0043_sports_cricket,Sports,Cricket,Sports_Cricket,1,Who is MS Dhoni?,Who is MS Dhoni?,"[""MS Dhoni""]",False
conv_0043_sports_cricket,Sports,Cricket,Sports_Cricket,2,What made him famous?,What made MS Dhoni famous?,"[""MS Dhoni""]",True
conv_0043_sports_cricket,Sports,Cricket,Sports_Cricket,3,"His batting style is quite unique, isn't it?","MS Dhoni's batting style is quite unique, isn't it?","[""MS Dhoni""]",True
conv_0043_sports_cricket,Sports,Cricket,Sports_Cricket,4,"Yeah, and he is from Ranchi, right?","Yeah, and MS Dhoni is from Ranchi, right?","[""MS Dhoni"", ""Ranchi""]",True
conv_0043_sports_cricket,Sports,Cricket,Sports_Cricket,5,What's his current role in cricket?,What is MS Dhoni's current role in cricket?,"[""MS Dhoni""]",True
conv_0043_sports_cricket,Sports,Cricket,Sports_Cricket,7,"Back, so what were we saying about Dhoni?","Back, so what were we saying about Dhoni?","[""MS Dhoni""]",False
conv_0043_sports_cricket,Sports,Cricket,Sports_Cricket,8,"That's cool. What about Virat Kohli, how does he compare?","That's cool. What about Virat Kohli, how does he compare to MS Dhoni?","[""Virat Kohli"", ""MS Dhoni""]",True
conv_0043_sports_cricket,Sports,Cricket,Sports_Cricket,9,"Okay, now tell me about the Indian Premier League.","Okay, now tell me about the Indian Premier League.","[""Indian Premier League""]",False
conv_0043_sports_cricket,Sports,Cricket,Sports_Cricket,10,"CSK did well under him, didn't they?","Chennai Super Kings did well under MS Dhoni, didn't they?","[""Chennai Super Kings"", ""MS Dhoni""]",True
conv_0045_sports_football,Sports,Football,Sports_Football,1,who's the best football player of all time?,who is the best football player of all time?,[],True
conv_0045_sports_football,Sports,Football,Sports_Football,2,what makes him so special?,what makes Lionel Messi so special?,"[""Lionel Messi""]",True
conv_0045_sports_football,Sports,Football,Sports_Football,3,he's won how many Ballon d'Ors?,Lionel Messi has won how many Ballon d'Ors?,"[""Lionel Messi"", ""Ballon d'Or""]",True
conv_0045_sports_football,Sports,Football,Sports_Football,4,that's insane... and Cristiano Ronaldo?,that is insane and what about Cristiano Ronaldo?,"[""Cristiano Ronaldo""]",True
conv_0045_sports_football,Sports,Football,Sports_Football,5,compare both of them,compare Lionel Messi and Cristiano Ronaldo,"[""Lionel Messi"", ""Cristiano Ronaldo""]",True
conv_0045_sports_football,Sports,Football,Sports_Football,8,"right, and what about their teams?","right, and what about Lionel Messi and Cristiano Ronaldo's teams?","[""Lionel Messi"", ""Cristiano Ronaldo""]",True
conv_0045_sports_football,Sports,Football,Sports_Football,9,"okay, now tell me about Kylian Mbappé","okay, now tell me about Kylian Mbappé","[""Kylian Mbapp\u00e9""]",False
conv_0045_sports_football,Sports,Football,Sports_Football,10,is he a threat to Messi's legacy?,is Kylian Mbappé a threat to Lionel Messi's legacy?,"[""Kylian Mbapp\u00e9"", ""Lionel Messi""]",True
conv_0048_sports_tennis,Sports,Tennis,Sports_Tennis,1,who's the king of clay in tennis?,who's the king of clay in tennis?,[],False
conv_0048_sports_tennis,Sports,Tennis,Sports_Tennis,2,what makes him so dominant on clay?,what makes Rafael Nadal so dominant on clay?,"[""Rafael Nadal""]",True
conv_0048_sports_tennis,Sports,Tennis,Sports_Tennis,3,"he's got some amazing comebacks, right?","Rafael Nadal's got some amazing comebacks, right?","[""Rafael Nadal""]",True
conv_0048_sports_tennis,Sports,Tennis,Sports_Tennis,4,compare him to federer,compare Rafael Nadal to Roger Federer,"[""Rafael Nadal"", ""Roger Federer""]",True
conv_0048_sports_tennis,Sports,Tennis,Sports_Tennis,5,"federer's got 8 Wimbledon, by the way","Roger Federer's got 8 Wimbledon, by the way","[""Roger Federer""]",True
conv_0048_sports_tennis,Sports,Tennis,Sports_Tennis,6,"give me a minute, brb","give me a minute, brb",[],False
conv_0048_sports_tennis,Sports,Tennis,Sports_Tennis,8,"right, and what about nadal's rivals now?","right, and what about Rafael Nadal's rivals now?","[""Rafael Nadal""]",True
conv_0048_sports_tennis,Sports,Tennis,Sports_Tennis,9,are they close to beating him?,are Rafael Nadal's rivals close to beating him?,"[""Rafael Nadal""]",True
conv_0048_sports_tennis,Sports,Tennis,Sports_Tennis,10,okay now tell me about djokovic,okay now tell me about Novak Djokovic,"[""Novak Djokovic""]",True
conv_0050_technology_ai,Technology,AI,Technology_AI,1,what's the latest on OpenAI?,what's the latest on OpenAI?,"[""OpenAI""]",False
conv_0050_technology_ai,Technology,AI,Technology_AI,2,"that sounds impressive, what are its applications?","that sounds impressive, what are the applications of GPT-4?","[""GPT-4""]",True
conv_0050_technology_ai,Technology,AI,Technology_AI,3,"I've heard it's also being used in education, right?","I've heard GPT-4 is also being used in education, right?","[""GPT-4""]",True
conv_0050_technology_ai,Technology,AI,Technology_AI,4,"compare OpenAI's approach to, say, Google's AI research",compare OpenAI's approach to Google's AI research,"[""OpenAI"", ""Google""]",True
conv_0050_technology_ai,Technology,AI,Technology_AI,5,"give me a minute, I need to check something","give me a minute, I need to check something",[],False
conv_0050_technology_ai,Technology,AI,Technology_AI,6,"back, so what were we saying about OpenAI?","back, so what were we saying about OpenAI?","[""OpenAI""]",False
conv_0050_technology_ai,Technology,AI,Technology_AI,7,"yeah, that'd be great, what makes GPT-4 so special?","yeah, that'd be great, what makes GPT-4 so special?","[""GPT-4""]",False
conv_0050_technology_ai,Technology,AI,Technology_AI,8,"okay, now tell me about AI ethics and OpenAI's stance","okay, now tell me about AI ethics and OpenAI's stance","[""OpenAI""]",False
conv_0050_technology_ai,Technology,AI,Technology_AI,9,"that's reassuring, do they collaborate with other organizations?","that's reassuring, do OpenAI collaborate with other organizations?","[""OpenAI""]",True
conv_0050_technology_ai,Technology,AI,Technology_AI,10,"what about their competitors, how do they stack up?","what about OpenAI's competitors, how do they stack up?","[""OpenAI""]",True
conv_0051_technology_ai,Technology,AI,Technology_AI,3,That's impressive. What did he do at Google?,That is impressive. What did Geoffrey Hinton do at Google?,"[""Geoffrey Hinton"", ""Google""]",True
conv_0051_technology_ai,Technology,AI,Technology_AI,4,AlphaGo... That was a big deal. What's his current focus?,AlphaGo was a big deal. What is Geoffrey Hinton's current focus?,"[""Geoffrey Hinton"", ""AlphaGo""]",True
conv_0051_technology_ai,Technology,AI,Technology_AI,5,He seems worried about AI. What are his concerns?,Geoffrey Hinton seems worried about AI. What are his concerns?,"[""Geoffrey Hinton""]",True
conv_0051_technology_ai,Technology,AI,Technology_AI,7,Right. Compare his views with Elon Musk's on AI safety.,Right. Compare Geoffrey Hinton's views with Elon Musk's on AI safety.,"[""Geoffrey Hinton"", ""Elon Musk""]",True
conv_0051_technology_ai,Technology,AI,Technology_AI,8,That's interesting. What about Yann LeCun? How does he fit in?,That is interesting. What about Yann LeCun? How does he fit in with Geoffrey Hinton?,"[""Geoffrey Hinton"", ""Yann LeCun""]",True
conv_0051_technology_ai,Technology,AI,Technology_AI,9,"Okay, now tell me about computer vision. How has AI impacted that field?","Okay, now tell me about computer vision. How has AI impacted the field of computer vision?",[],True
conv_0051_technology_ai,Technology,AI,Technology_AI,10,That makes sense. What's the future of AI in computer vision?,That makes sense. What is the future of AI in computer vision?,[],True
conv_0058_entertainment_hollywood,Entertainment,Hollywood,Entertainment_Hollywood,1,Who is Christopher Nolan?,Who is Christopher Nolan?,"[""Christopher Nolan""]",False
conv_0058_entertainment_hollywood,Entertainment,Hollywood,Entertainment_Hollywood,2,What are some of his notable works?,What are some notable works of Christopher Nolan?,"[""Christopher Nolan""]",True
conv_0058_entertainment_hollywood,Entertainment,Hollywood,Entertainment_Hollywood,3,"I loved ""Inception"" - what's the idea behind it?","I loved ""Inception"" - what is the idea behind ""Inception""?","[""Inception""]",True
conv_0058_entertainment_hollywood,Entertainment,Hollywood,Entertainment_Hollywood,4,"That's fascinating - and his lead actor, Leonardo DiCaprio, is great...","That is fascinating - and the lead actor of ""Inception"", Leonardo DiCaprio, is great.","[""Leonardo DiCaprio"", ""Inception""]",True
conv_0058_entertainment_hollywood,Entertainment,Hollywood,Entertainment_Hollywood,5,"Speaking of trilogies, what's Nolan's take on the Batman series?","Speaking of trilogies, what is Christopher Nolan's take on the Batman series?","[""Christopher Nolan"", ""Batman""]",True
conv_0058_entertainment_hollywood,Entertainment,Hollywood,Entertainment_Hollywood,6,"Okay, now tell me about another director - what about Quentin Tarantino?","Okay, now tell me about another director - what about Quentin Tarantino?","[""Quentin Tarantino""]",False
conv_0058_entertainment_hollywood,Entertainment,Hollywood,Entertainment_Hollywood,7,"Hold on, brb - *pause* - back, so what were we saying about Nolan?","Hold on, brb - *pause* - back, so what were we saying about Nolan?",[],False
conv_0058_entertainment_hollywood,Entertainment,Hollywood,Entertainment_Hollywood,8,"Right, and how does his use of IMAX compare to other directors?","Right, and how does Christopher Nolan's use of IMAX compare to other directors?","[""IMAX"", ""Christopher Nolan""]",True
conv_0058_entertainment_hollywood,Entertainment,Hollywood,Entertainment_Hollywood,9,That's interesting - compare both Nolan and Tarantino's use of practical effects.,That is interesting - compare both Christopher Nolan and Quentin Tarantino's use of practical effects.,"[""Christopher Nolan"", ""Quentin Tarantino""]",True
conv_0058_entertainment_hollywood,Entertainment,Hollywood,Entertainment_Hollywood,10,Can you name some of Nolan's awards and nominations?,Can you name some of Christopher Nolan's awards and nominations?,"[""Christopher Nolan""]",True
conv_0059_entertainment_hollywood,Entertainment,Hollywood,Entertainment_Hollywood,1,What's the latest on Marvel Studios?,What's the latest on Marvel Studios?,"[""Marvel Studios""]",False
conv_0059_entertainment_hollywood,Entertainment,Hollywood,Entertainment_Hollywood,2,"They're really pushing the Marvel Cinematic Universe, aren't they?","They're really pushing the Marvel Cinematic Universe, aren't they?",[],False
conv_0059_entertainment_hollywood,Entertainment,Hollywood,Entertainment_Hollywood,3,What about their upcoming projects?,What about their upcoming projects?,[],False
conv_0059_entertainment_hollywood,Entertainment,Hollywood,Entertainment_Hollywood,4,That sounds exciting; I love their cosmic movies.,That sounds exciting; I love their cosmic movies.,[],False
conv_0059_entertainment_hollywood,Entertainment,Hollywood,Entertainment_Hollywood,5,"Okay, now tell me about Star Wars – how's that franchise doing?","Okay, now tell me about Star Wars – how's that franchise doing?","[""Star Wars""]",False
conv_0059_entertainment_hollywood,Entertainment,Hollywood,Entertainment_Hollywood,6,"Wait, give me a minute to grab a snack.","Wait, give me a minute to grab a snack.",[],False
conv_0059_entertainment_hollywood,Entertainment,Hollywood,Entertainment_Hollywood,7,"Back, so what were we saying about Marvel?","Back, so what were we saying about Marvel?",[],False
conv_0059_entertainment_hollywood,Entertainment,Hollywood,Entertainment_Hollywood,8,That's right! I loved Brie Larson's performance – what's her character's role in the next film?,That's right! I loved Brie Larson's performance as Captain Marvel – what's Captain Marvel's role in The Marvels?,"[""Brie Larson"", ""Captain Marvel""]",True
conv_0059_entertainment_hollywood,Entertainment,Hollywood,Entertainment_Hollywood,9,That's so cool! Compare both Captain Marvel and Ms. Marvel – what's the difference?,That's so cool! Compare both Captain Marvel and Ms. Marvel – what's the difference between Captain Marvel and Ms. Marvel?,"[""Captain Marvel"", ""Ms. Marvel""]",True
conv_0059_entertainment_hollywood,Entertainment,Hollywood,Entertainment_Hollywood,10,"Brb, I need to take a call.","Brb, I need to take a call.",[],False
conv_0061_health_mental_health,Health,Mental Health,Health_Mental Health,3,what are some common symptoms?,what are some common symptoms of anxiety?,[],True
conv_0061_health_mental_health,Health,Mental Health,Health_Mental Health,4,and what about its impact on daily life?,and what about the impact of anxiety on daily life?,[],True
conv_0061_health_mental_health,Health,Mental Health,Health_Mental Health,5,"give me a minute, I need to take a call","give me a minute, I need to take a call",[],False
conv_0061_health_mental_health,Health,Mental Health,Health_Mental Health,7,"right, and what about treatment options?","right, and what about treatment options for anxiety?",[],True
conv_0061_health_mental_health,Health,Mental Health,Health_Mental Health,8,are there any self-help techniques?,are there any self-help techniques for anxiety?,[],True
conv_0061_health_mental_health,Health,Mental Health,Health_Mental Health,9,what about support groups?,what about support groups for anxiety?,[],True
conv_0061_health_mental_health,Health,Mental Health,Health_Mental Health,10,"okay, now tell me about depression","okay, now tell me about depression",[],False
conv_0062_health_fitness,Health,Fitness,Health_Fitness,1,what's the best way to improve flexibility?,what's the best way to improve flexibility?,[],False
conv_0062_health_fitness,Health,Fitness,Health_Fitness,2,"it seems like a low-impact exercise, right?","it seems like a low-impact exercise, right?",[],False
conv_0062_health_fitness,Health,Fitness,Health_Fitness,3,are there different types of yoga?,are there different types of yoga?,[],False
conv_0062_health_fitness,Health,Fitness,Health_Fitness,4,"i've heard of vinyasa, what's its focus?","i've heard of Vinyasa, what's its focus?","[""Vinyasa""]",False
conv_0062_health_fitness,Health,Fitness,Health_Fitness,5,"okay, and what about restorative yoga?","okay, and what about Restorative yoga?","[""Restorative yoga""]",False
conv_0062_health_fitness,Health,Fitness,Health_Fitness,6,"wait, give me a sec to grab a water bottle","wait, give me a sec to grab a water bottle",[],False
conv_0062_health_fitness,Health,Fitness,Health_Fitness,8,"right, and how often should one practice yoga?","right, and how often should one practice yoga?",[],False
conv_0062_health_fitness,Health,Fitness,Health_Fitness,9,"that sounds doable, what about other benefits?","that sounds doable, what about other benefits?",[],False
conv_0062_health_fitness,Health,Fitness,Health_Fitness,10,"that's great, can it help with weight loss?","that's great, can yoga help with weight loss?",[],True
conv_0064_history_world_wars,History,World Wars,History_World Wars,3,what was Hitler's role?,what was Adolf Hitler's role?,"[""Adolf Hitler""]",True
conv_0064_history_world_wars,History,World Wars,History_World Wars,6,"right, and what about the war in Europe?","right, and what about the war in Europe during World War II?","[""World War II""]",True
conv_0064_history_world_wars,History,World Wars,History_World Wars,7,"they were allies, weren't they?","they were allies, weren't they?",[],False
conv_0064_history_world_wars,History,World Wars,History_World Wars,8,what about the Pacific?,what about the Pacific Theater during World War II?,"[""World War II""]",True
conv_0064_history_world_wars,History,World Wars,History_World Wars,9,how did it end?,how did World War II end?,"[""World War II""]",True
conv_0064_history_world_wars,History,World Wars,History_World Wars,10,compare European and Pacific Theaters,compare the European and Pacific Theaters during World War II,"[""World War II""]",True
conv_0066_geography_cities,Geography,Cities,Geography_Cities,1,what is the capital of france?,what is the capital of France?,"[""France""]",False
conv_0066_geography_cities,Geography,Cities,Geography_Cities,2,it's famous for what else?,what else is Paris famous for?,"[""Paris""]",True
conv_0066_geography_cities,Geography,Cities,Geography_Cities,3,what about the louvre?,what about the Louvre?,"[""Louvre""]",False
conv_0066_geography_cities,Geography,Cities,Geography_Cities,4,that's where she is,that is where the Mona Lisa is,"[""Mona Lisa"", ""Louvre""]",True
conv_0066_geography_cities,Geography,Cities,Geography_Cities,5,"brb, gotta grab a snack","brb, gotta grab a snack",[],False
conv_0066_geography_cities,Geography,Cities,Geography_Cities,7,"right, and what's another famous landmark in paris?","right, and what is another famous landmark in Paris?","[""Paris""]",True
conv_0066_geography_cities,Geography,Cities,Geography_Cities,8,how does it compare to london's landmarks?,how does the Arc de Triomphe compare to London's landmarks?,"[""London"", ""Arc de Triomphe""]",True
conv_0066_geography_cities,Geography,Cities,Geography_Cities,9,what about berlin?,what about Berlin?,"[""Berlin""]",False
conv_0066_geography_cities,Geography,Cities,Geography_Cities,10,"compare both of them, paris and berlin",compare Paris and Berlin,"[""Paris"", ""Berlin""]",True
conv_0067_general_general,General,General,General_General,2,"same here, I love starting the day with a walk. they always clear my head","same here, I love starting the day with a walk. walks always clear my head",[],True
conv_0067_general_general,General,General,General_General,3,"oh, I was busy with work stuff... give me a minute, I need to grab a glass of water","oh, I was busy with work stuff... give me a minute, I need to grab a glass of water",[],False
conv_0067_general_general,General,General,General_General,5,right! I was saying I was busy with work. then I met a friend for dinner. we talked about traveling,right! I was saying I was busy with work. then I met a friend for dinner. we talked about traveling,[],False
conv_0067_general_general,General,General,General_General,6,"hmm, we were thinking about europe... what about you, have you traveled much?","hmm, we were thinking about Europe... what about you, have you traveled much?","[""Europe""]",False
conv_0067_general_general,General,General,General_General,7,we were looking at france and italy... they both have so much history,we were looking at France and Italy... they both have so much history,"[""France"", ""Italy""]",False
conv_0067_general_general,General,General,General_General,8,definitely. okay now tell me about your favorite hobby,definitely. okay now tell me about your favorite hobby,[],False
conv_0067_general_general,General,General,General_General,9,"actually, I'm in the middle of one right now... wait a sec, my phone's ringing","actually, I'm in the middle of one right now... wait a sec, my phone's ringing",[],False
conv_0067_general_general,General,General,General_General,10,"sorry about that. where was I? ah yes, the book. it's really good so far","sorry about that. where was I? ah yes, the book. it's really good so far",[],False
conv_0069_politics_india,Politics,India,Politics_India,1,Who is Rahul Gandhi?,Who is Rahul Gandhi?,"[""Rahul Gandhi""]",False
conv_0069_politics_india,Politics,India,Politics_India,2,What party does he belong to?,What party does Rahul Gandhi belong to?,"[""Rahul Gandhi""]",True
conv_0069_politics_india,Politics,India,Politics_India,3,What's his role currently?,What is Rahul Gandhi's role currently?,"[""Rahul Gandhi""]",True
conv_0069_politics_india,Politics,India,Politics_India,5,"Back, so what were we saying about Rahul Gandhi?","Back, so what were we saying about Rahul Gandhi?","[""Rahul Gandhi""]",False
conv_0069_politics_india,Politics,India,Politics_India,6,"Right, and what about his family background?","Right, and what about Rahul Gandhi's family background?","[""Rahul Gandhi""]",True
conv_0069_politics_india,Politics,India,Politics_India,7,"That's interesting, and how does he compare to his mother Sonia Gandhi?","That's interesting, and how does Rahul Gandhi compare to his mother Sonia Gandhi?","[""Rahul Gandhi"", ""Sonia Gandhi""]",True
conv_0069_politics_india,Politics,India,Politics_India,8,What are his views on economic policies?,What are Rahul Gandhi's views on economic policies?,"[""Rahul Gandhi""]",True
conv_0069_politics_india,Politics,India,Politics_India,9,"That's tough, what about education policies?","That's tough, what about Rahul Gandhi's education policies?","[""Rahul Gandhi""]",True
conv_0069_politics_india,Politics,India,Politics_India,10,"Can you compare both of them, I mean Rahul and his mother, on their political styles?",Can you compare Rahul Gandhi and his mother Sonia Gandhi on their political styles?,"[""Rahul Gandhi"", ""Sonia Gandhi""]",True
conv_0071_politics_uk,Politics,UK,Politics_UK,2,What are his main priorities as PM?,What are Rishi Sunak's main priorities as Prime Minister of the UK?,"[""Rishi Sunak"", ""UK""]",True
conv_0071_politics_uk,Politics,UK,Politics_UK,3,That's a lot on his plate... what about his background?,That's a lot on his plate... what about Rishi Sunak's background?,"[""Rishi Sunak""]",True
conv_0071_politics_uk,Politics,UK,Politics_UK,4,"He was Chancellor, right? What did he do in that role?","Rishi Sunak was Chancellor, right? What did he do in that role?","[""Rishi Sunak""]",True
conv_0071_politics_uk,Politics,UK,Politics_UK,6,"Ah yes, and now he's PM... how does he compare to his predecessors, say Boris Johnson?","Ah yes, and now Rishi Sunak is PM... how does he compare to his predecessors, say Boris Johnson?","[""Rishi Sunak"", ""Boris Johnson""]",True
conv_0071_politics_uk,Politics,UK,Politics_UK,7,That's interesting... what about his stance on Brexit?,That's interesting... what about Rishi Sunak's stance on Brexit?,"[""Rishi Sunak""]",True
conv_0071_politics_uk,Politics,UK,Politics_UK,8,That's a delicate balance... what's the public's view on him so far?,That's a delicate balance... what's the public's view on Rishi Sunak so far?,"[""Rishi Sunak""]",True
conv_0071_politics_uk,Politics,UK,Politics_UK,9,"Okay, now tell me about Keir Starmer, the opposition leader.","Okay, now tell me about Keir Starmer, the opposition leader.","[""Keir Starmer""]",False
conv_0071_politics_uk,Politics,UK,Politics_UK,10,"Compare both of them, Sunak and Starmer... their leadership styles?",Compare Rishi Sunak and Keir Starmer... their leadership styles?,"[""Rishi Sunak"", ""Keir Starmer""]",True
conv_0074_politics_usa,Politics,USA,Politics_USA,3,He was quite famous for his wall...,He was quite famous for his wall,[],True
conv_0074_politics_usa,Politics,USA,Politics_USA,4,How did people react to that?,How did people react to Donald Trump's wall?,"[""Donald Trump""]",True
conv_0074_politics_usa,Politics,USA,Politics_USA,5,what about his economic policies?,what about Donald Trump's economic policies?,"[""Donald Trump""]",True
conv_0074_politics_usa,Politics,USA,Politics_USA,8,"right, and how did that affect the country?","right, and how did Donald Trump's economic policies affect the country?","[""Donald Trump""]",True
conv_0074_politics_usa,Politics,USA,Politics_USA,9,"interesting... what about his VP, Mike Pence?","interesting... what about Mike Pence, Donald Trump's Vice President?","[""Mike Pence"", ""Donald Trump""]",True
conv_0074_politics_usa,Politics,USA,Politics_USA,10,Compare Trump and Obama's approaches to healthcare.,Compare Donald Trump's and Barack Obama's approaches to healthcare.,"[""Donald Trump"", ""Barack Obama""]",True
conv_0077_sports_cricket,Sports,Cricket,Sports_Cricket,3,His batting style?,What is Mahendra Singh Dhoni's batting style?,"[""Mahendra Singh Dhoni""]",True
conv_0077_sports_cricket,Sports,Cricket,Sports_Cricket,4,And fielding?,What about Mahendra Singh Dhoni's fielding?,"[""Mahendra Singh Dhoni""]",True
conv_0077_sports_cricket,Sports,Cricket,Sports_Cricket,5,"wait a sec, got a call","wait a sec, got a call",[],False
conv_0077_sports_cricket,Sports,Cricket,Sports_Cricket,7,"right, compare him with another great wicket-keeper, like Adam Gilchrist.","compare Mahendra Singh Dhoni with another great wicket-keeper, like Adam Gilchrist.","[""Mahendra Singh Dhoni"", ""Adam Gilchrist""]",True
conv_0077_sports_cricket,Sports,Cricket,Sports_Cricket,8,That makes sense. What about his IPL team?,That makes sense. What about Mahendra Singh Dhoni's IPL team?,"[""Mahendra Singh Dhoni""]",True
conv_0077_sports_cricket,Sports,Cricket,Sports_Cricket,9,Did he retire from IPL?,Did Mahendra Singh Dhoni retire from IPL?,"[""Mahendra Singh Dhoni""]",True
conv_0077_sports_cricket,Sports,Cricket,Sports_Cricket,10,"Okay, now tell me about another cricket legend, Sachin Tendulkar.","Okay, now tell me about Sachin Tendulkar.","[""Sachin Tendulkar""]",True
conv_0078_sports_cricket,Sports,Cricket,Sports_Cricket,1,Who is the current captain of the Indian cricket team in ODIs?,Who is the current captain of the Indian cricket team in One Day Internationals?,"[""Indian cricket team""]",True
conv_0078_sports_cricket,Sports,Cricket,Sports_Cricket,2,"He's been doing great, what are his strengths as a batsman?","Rohit Sharma has been doing great, what are his strengths as a batsman?","[""Rohit Sharma""]",True
conv_0078_sports_cricket,Sports,Cricket,Sports_Cricket,3,"That reminds me, what's his record in international cricket?","That reminds me, what is Rohit Sharma's record in international cricket?","[""Rohit Sharma""]",True
conv_0078_sports_cricket,Sports,Cricket,Sports_Cricket,5,"Back, so what were we saying about Rohit Sharma?","Back, so what were we saying about Rohit Sharma?","[""Rohit Sharma""]",False
conv_0078_sports_cricket,Sports,Cricket,Sports_Cricket,6,"Right, and how does he compare to Virat Kohli?","Right, and how does Rohit Sharma compare to Virat Kohli?","[""Rohit Sharma"", ""Virat Kohli""]",True
conv_0078_sports_cricket,Sports,Cricket,Sports_Cricket,7,"Okay, now tell me about the T20 World Cup.","Okay, now tell me about the T20 World Cup.",[],False
conv_0078_sports_cricket,Sports,Cricket,Sports_Cricket,8,"What about his IPL team, the Mumbai Indians?","What about Rohit Sharma's IPL team, the Mumbai Indians?","[""Rohit Sharma"", ""Mumbai Indians""]",True
conv_0078_sports_cricket,Sports,Cricket,Sports_Cricket,9,That's impressive; has he won any awards for his performances?,That's impressive; has Rohit Sharma won any awards for his performances?,"[""Rohit Sharma""]",True
conv_0078_sports_cricket,Sports,Cricket,Sports_Cricket,10,"Compare both of them, I mean Rohit and Virat.",Compare Rohit Sharma and Virat Kohli.,"[""Rohit Sharma"", ""Virat Kohli""]",True
conv_0079_sports_football,Sports,Football,Sports_Football,1,who's the greatest footballer of all time?,who is the greatest footballer of all time?,[],True
conv_0079_sports_football,Sports,Football,Sports_Football,8,"right, and Messi's records?","right, and what are Lionel Messi's records?","[""Lionel Messi""]",True
conv_0079_sports_football,Sports,Football,Sports_Football,9,okay now tell me about Kylian Mbappé,okay now tell me about Kylian Mbappé,"[""Kylian Mbapp\u00e9""]",False
conv_0079_sports_football,Sports,Football,Sports_Football,10,how does he compare to them?,how does Kylian Mbappé compare to Lionel Messi and Cristiano Ronaldo?,"[""Kylian Mbapp\u00e9"", ""Lionel Messi"", ""Cristiano Ronaldo""]",True
conv_0080_sports_football,Sports,Football,Sports_Football,3,that's impressive... and his career?,that is impressive... and his career?,[],True
conv_0080_sports_football,Sports,Football,Sports_Football,4,compare him to Messi,compare Cristiano Ronaldo to Lionel Messi,"[""Cristiano Ronaldo"", ""Lionel Messi""]",True
conv_0080_sports_football,Sports,Football,Sports_Football,7,"right, and what about his recent team?","right, and what about Cristiano Ronaldo's recent team?","[""Cristiano Ronaldo""]",True
conv_0080_sports_football,Sports,Football,Sports_Football,8,how's he performing there?,how is Cristiano Ronaldo performing there?,"[""Cristiano Ronaldo""]",True
conv_0080_sports_football,Sports,Football,Sports_Football,9,"that's great, now tell me about football in general","that is great, now tell me about football in general",[],True
conv_0080_sports_football,Sports,Football,Sports_Football,10,what about the next World Cup?,what about the next FIFA World Cup?,[],True
conv_0082_sports_tennis,Sports,Tennis,Sports_Tennis,3,"he's got a tough serve, right?","Rafael Nadal has got a tough serve, right?","[""Rafael Nadal""]",True
conv_0082_sports_tennis,Sports,Tennis,Sports_Tennis,4,"compare him to Djokovic, who's better?","compare Rafael Nadal to Novak Djokovic, who's better?","[""Rafael Nadal"", ""Novak Djokovic""]",True
conv_0082_sports_tennis,Sports,Tennis,Sports_Tennis,5,"Djokovic has more grand slams, yeah...","Novak Djokovic has more Grand Slams than Rafael Nadal, yeah...","[""Novak Djokovic"", ""Rafael Nadal""]",True
conv_0082_sports_tennis,Sports,Tennis,Sports_Tennis,8,"right, and what about their head to head?","right, and what about Rafael Nadal and Novak Djokovic's head to head record?","[""Rafael Nadal"", ""Novak Djokovic""]",True
conv_0082_sports_tennis,Sports,Tennis,Sports_Tennis,9,that's so close... what about Federer?,that's so close... what about Roger Federer?,"[""Roger Federer""]",True
conv_0082_sports_tennis,Sports,Tennis,Sports_Tennis,10,okay now tell me about tennis in australia,okay now tell me about tennis in Australia,"[""Australia""]",False
conv_0089_technology_gadgets,Technology,Gadgets,Technology_Gadgets,1,what's the latest iPhone model?,what's the latest iPhone model?,"[""iPhone""]",False
conv_0089_technology_gadgets,Technology,Gadgets,Technology_Gadgets,2,what are its key features?,what are the key features of the iPhone 14 Pro?,"[""iPhone 14 Pro""]",True
conv_0089_technology_gadgets,Technology,Gadgets,Technology_Gadgets,3,and what about the battery life?,and what about the battery life of the iPhone 14 Pro?,"[""iPhone 14 Pro""]",True
conv_0089_technology_gadgets,Technology,Gadgets,Technology_Gadgets,4,that's great... what about the storage options?,that's great... what about the storage options of the iPhone 14 Pro?,"[""iPhone 14 Pro""]",True
conv_0089_technology_gadgets,Technology,Gadgets,Technology_Gadgets,5,"wait, give me a minute to think about it","wait, give me a minute to think about it",[],False
conv_0089_technology_gadgets,Technology,Gadgets,Technology_Gadgets,6,"back, so what were we saying about iPhone storage?","back, so what were we saying about iPhone storage?","[""iPhone""]",False
conv_0089_technology_gadgets,Technology,Gadgets,Technology_Gadgets,7,"right, compare that to Samsung's latest flagship","right, compare the iPhone 14 Pro to Samsung's latest flagship","[""Samsung"", ""iPhone 14 Pro""]",True
conv_0089_technology_gadgets,Technology,Gadgets,Technology_Gadgets,8,"okay, how does iPhone's camera compare to Samsung's?","okay, how does the iPhone 14 Pro's camera compare to Samsung's?","[""iPhone 14 Pro"", ""Samsung""]",True
conv_0089_technology_gadgets,Technology,Gadgets,Technology_Gadgets,9,and what about the price of the new iPhone?,and what about the price of the new iPhone 14 Pro?,"[""iPhone 14 Pro""]",True
conv_0089_technology_gadgets,Technology,Gadgets,Technology_Gadgets,10,that's steep... what about last year's iPhone 13?,that's steep... what about last year's iPhone 13?,"[""iPhone 13""]",False
conv_0092_entertainment_hollywood,Entertainment,Hollywood,Entertainment_Hollywood,3,I loved 'Inception'... what inspired him to make it?,I loved 'Inception'... what inspired Christopher Nolan to make 'Inception'?,"[""Christopher Nolan"", ""Inception""]",True
conv_0092_entertainment_hollywood,Entertainment,Hollywood,Entertainment_Hollywood,4,"That's really cool... and his lead actors, who are they?","That's really cool... and the lead actors in 'Inception', who are they?","[""Inception""]",True
conv_0092_entertainment_hollywood,Entertainment,Hollywood,Entertainment_Hollywood,5,"wait a sec, I need to take a call","wait a sec, I need to take a call",[],False
conv_0092_entertainment_hollywood,Entertainment,Hollywood,Entertainment_Hollywood,7,"right, and what about his collaboration with Hans Zimmer?","right, and what about Christopher Nolan's collaboration with Hans Zimmer?","[""Christopher Nolan"", ""Hans Zimmer""]",True
conv_0092_entertainment_hollywood,Entertainment,Hollywood,Entertainment_Hollywood,8,Their combo is amazing... how does Nolan approach his storytelling?,Their combo is amazing... how does Christopher Nolan approach his storytelling?,"[""Christopher Nolan""]",True
conv_0092_entertainment_hollywood,Entertainment,Hollywood,Entertainment_Hollywood,9,That's really impressive... what about 'Oppenheimer'?,That's really impressive... what about the film 'Oppenheimer' by Christopher Nolan?,"[""Christopher Nolan"", ""Oppenheimer""]",True
conv_0092_entertainment_hollywood,Entertainment,Hollywood,Entertainment_Hollywood,10,"Okay, now tell me about Quentin Tarantino","Okay, now tell me about Quentin Tarantino","[""Quentin Tarantino""]",False
conv_0093_entertainment_hollywood,Entertainment,Hollywood,Entertainment_Hollywood,1,what's the latest news from Marvel Studios?,what's the latest news from Marvel Studios?,"[""Marvel Studios""]",False
conv_0093_entertainment_hollywood,Entertainment,Hollywood,Entertainment_Hollywood,2,"they're really expanding their universe, aren't they?","Marvel Studios is really expanding their universe, isn't it?","[""Marvel Studios""]",True
conv_0093_entertainment_hollywood,Entertainment,Hollywood,Entertainment_Hollywood,3,what about the next Avengers film?,what about the next Avengers film?,"[""Avengers""]",False
conv_0093_entertainment_hollywood,Entertainment,Hollywood,Entertainment_Hollywood,5,"back, so what were we saying about Avengers?","I'm back, so what were we saying about Avengers?","[""Avengers""]",True
conv_0093_entertainment_hollywood,Entertainment,Hollywood,Entertainment_Hollywood,6,"compare it to the DC Extended Universe, how's Marvel doing?","compare Marvel Studios to the DC Extended Universe, how is Marvel Studios doing?","[""Marvel Studios"", ""DC Extended Universe""]",True
conv_0093_entertainment_hollywood,Entertainment,Hollywood,Entertainment_Hollywood,7,"yeah, their recent movies have been pretty good","yes, Marvel Studios' recent movies have been pretty good","[""Marvel Studios""]",True
conv_0093_entertainment_hollywood,Entertainment,Hollywood,Entertainment_Hollywood,8,what about other Disney-owned franchises?,what about other Disney-owned franchises?,"[""Disney""]",False
conv_0093_entertainment_hollywood,Entertainment,Hollywood,Entertainment_Hollywood,9,okay now tell me about Star Wars,okay now tell me about Star Wars,"[""Star Wars""]",False
conv_0093_entertainment_hollywood,Entertainment,Hollywood,Entertainment_Hollywood,10,"they've got some great shows, I love The Mandalorian","Star Wars has got some great shows, I love The Mandalorian","[""The Mandalorian"", ""Star Wars""]",True
conv_0096_health_fitness,Health,Fitness,Health_Fitness,2,"I've heard it's really good for stress relief too, how does it help with that?","I've heard yoga is really good for stress relief too, how does yoga help with that?",[],True
conv_0096_health_fitness,Health,Fitness,Health_Fitness,3,"that sounds great, what about the different types of yoga, are they all similar?","that sounds great, what about the different types of yoga, are they all similar?",[],False
conv_0096_health_fitness,Health,Fitness,Health_Fitness,4,"okay, I've tried Hatha before, what's the difference with Vinyasa?","okay, I've tried Hatha yoga before, what's the difference with Vinyasa yoga?","[""Hatha yoga"", ""Vinyasa yoga""]",True
conv_0096_health_fitness,Health,Fitness,Health_Fitness,5,"wait, give me a minute to grab a water bottle","wait, give me a minute to grab a water bottle",[],False
conv_0096_health_fitness,Health,Fitness,Health_Fitness,6,"back, so what were we saying? oh yeah, Vinyasa yoga","I'm back, so what were we saying? oh yeah, Vinyasa yoga",[],True
conv_0096_health_fitness,Health,Fitness,Health_Fitness,7,"that sounds intense, is yoga suitable for beginners?","that sounds intense, is yoga suitable for beginners?",[],False
conv_0096_health_fitness,Health,Fitness,Health_Fitness,8,"I've been meaning to try it for ages, what about equipment, do I need anything?","I've been meaning to try yoga for ages, what about equipment, do I need anything?",[],True
conv_0096_health_fitness,Health,Fitness,Health_Fitness,9,"okay, got it, and what about other forms of exercise, can yoga be combined with them?","okay, got it, and what about other forms of exercise, can yoga be combined with them?",[],False
conv_0096_health_fitness,Health,Fitness,Health_Fitness,10,"that makes sense, what about Pilates, how does it compare to yoga?","that makes sense, what about Pilates, how does Pilates compare to yoga?","[""Pilates"", ""yoga""]",True
conv_0100_geography_cities,Geography,Cities,Geography_Cities,1,what's the capital of france?,what's the capital of France?,"[""France""]",False
conv_0100_geography_cities,Geography,Cities,Geography_Cities,2,it's famous for what?,Paris is famous for what?,"[""Paris""]",True
conv_0100_geography_cities,Geography,Cities,Geography_Cities,3,who built the eiffel tower?,who built the Eiffel Tower?,"[""Eiffel Tower""]",False
conv_0100_geography_cities,Geography,Cities,Geography_Cities,4,"that's really old, what about modern attractions?","that's really old, what about modern attractions?",[],False
conv_0100_geography_cities,Geography,Cities,Geography_Cities,6,"back, so what were we saying about paris?","back, so what were we saying about Paris?","[""Paris""]",False
conv_0100_geography_cities,Geography,Cities,Geography_Cities,7,compare paris to rome,compare Paris to Rome,"[""Paris"", ""Rome""]",False
conv_0100_geography_cities,Geography,Cities,Geography_Cities,8,"rome has the colosseum, what about paris's iconic buildings?","Rome has the Colosseum, what about Paris's iconic buildings?","[""Rome"", ""Colosseum"", ""Paris""]",False
conv_0100_geography_cities,Geography,Cities,Geography_Cities,9,and paris's river?,and Paris's river?,"[""Paris""]",False
conv_0100_geography_cities,Geography,Cities,Geography_Cities,10,are there any other famous european cities like paris?,are there any other famous European cities like Paris?,"[""Paris""]",False
conv_0104_politics_india,Politics,India,Politics_India,3,"That helped India grow, right?","That helped India grow, right?",[],False
conv_0104_politics_india,Politics,India,Politics_India,4,What about his role in education?,What about Manmohan Singh's role in education?,"[""Manmohan Singh""]",True
conv_0104_politics_india,Politics,India,Politics_India,5,That sounds great... and healthcare?,That sounds great... and healthcare?,[],False
conv_0104_politics_india,Politics,India,Politics_India,6,"wait a sec, need to check something","wait a sec, need to check something",[],False
conv_0104_politics_india,Politics,India,Politics_India,8,"Right, compare his healthcare policies with Narendra Modi's...","Right, compare Manmohan Singh's healthcare policies with Narendra Modi's","[""Manmohan Singh"", ""Narendra Modi""]",True
conv_0104_politics_india,Politics,India,Politics_India,9,How did Manmohan Singh's economic policies impact poverty?,How did Manmohan Singh's economic policies impact poverty?,"[""Manmohan Singh""]",False
conv_0104_politics_india,Politics,India,Politics_India,10,That's impressive... now tell me about indian foreign policy,That's impressive... now tell me about Indian foreign policy,"[""India""]",False
conv_0115_sports_tennis,Sports,Tennis,Sports_Tennis,3,"He's definitely a great player. What about his rivals, like Federer and Nadal?","He's definitely a great player. What about Novak Djokovic's rivals, like Federer and Nadal?","[""Novak Djokovic"", ""Federer"", ""Nadal""]",True
conv_0115_sports_tennis,Sports,Tennis,Sports_Tennis,4,That's impressive. What's his training regimen like?,That's impressive. What is Novak Djokovic's training regimen like?,"[""Novak Djokovic""]",True
conv_0115_sports_tennis,Sports,Tennis,Sports_Tennis,5,Give me a minute to think about this...,Give me a minute to think about this...,[],False
conv_0115_sports_tennis,Sports,Tennis,Sports_Tennis,7,"Right, so does he have any unique techniques?","Right, so does Novak Djokovic have any unique techniques?","[""Novak Djokovic""]",True
conv_0115_sports_tennis,Sports,Tennis,Sports_Tennis,8,That's really interesting. What about his recent performances?,That's really interesting. What about Novak Djokovic's recent performances?,"[""Novak Djokovic""]",True
conv_0115_sports_tennis,Sports,Tennis,Sports_Tennis,9,That's great. Can you compare him to other top players like Stefanos Tsitsipas?,That's great. Can you compare Novak Djokovic to other top players like Stefanos Tsitsipas?,"[""Novak Djokovic"", ""Stefanos Tsitsipas""]",True
conv_0115_sports_tennis,Sports,Tennis,Sports_Tennis,10,"Okay, now tell me about the upcoming tennis tournaments.","Okay, now tell me about the upcoming tennis tournaments.",[],False
conv_0118_technology_ai,Technology,AI,Technology_AI,1,what is openai?,what is OpenAI?,"[""OpenAI""]",False
conv_0118_technology_ai,Technology,AI,Technology_AI,2,"they're known for their chatbots, right?","OpenAI is known for their chatbots, right?","[""OpenAI""]",True
conv_0118_technology_ai,Technology,AI,Technology_AI,4,that's impressive... what about their other projects?,that's impressive... what about OpenAI's other projects?,"[""OpenAI""]",True
conv_0118_technology_ai,Technology,AI,Technology_AI,5,"wait, give me a minute to think about this...","wait, give me a minute to think about this...",[],False
conv_0118_technology_ai,Technology,AI,Technology_AI,7,"compare chatgpt and dall-e, what's the difference?","compare ChatGPT and DALL-E, what's the difference?","[""ChatGPT"", ""DALL-E""]",False
conv_0118_technology_ai,Technology,AI,Technology_AI,8,"okay, now tell me about google's ai efforts","okay, now tell me about Google's AI efforts","[""Google""]",False
conv_0118_technology_ai,Technology,AI,Technology_AI,9,do they have something similar to chatgpt?,does Google have something similar to ChatGPT?,"[""Google"", ""ChatGPT""]",True
conv_0118_technology_ai,Technology,AI,Technology_AI,10,that's interesting... what about openai's future plans?,that's interesting... what about OpenAI's future plans?,"[""OpenAI""]",False
conv_0121_technology_space,Technology,Space,Technology_Space,1,what's the latest on ISRO's Mars mission?,what's the latest on ISRO's Mars mission?,"[""ISRO""]",False
conv_0121_technology_space,Technology,Space,Technology_Space,2,that's impressive. What are its objectives?,that's impressive. What are the objectives of ISRO's Mars mission?,"[""ISRO""]",True
conv_0121_technology_space,Technology,Space,Technology_Space,3,and what about the recent lunar mission?,and what about ISRO's recent lunar mission?,"[""ISRO""]",True
conv_0121_technology_space,Technology,Space,Technology_Space,4,"wait, how does ISRO's budget compare to NASA's?","wait, how does ISRO's budget compare to NASA's?","[""ISRO"", ""NASA""]",False
conv_0121_technology_space,Technology,Space,Technology_Space,7,right! and what about private players in space tech?,right! and what about private players in space technology?,[],True
conv_0121_technology_space,Technology,Space,Technology_Space,8,that's interesting. Are they working on reusable rockets?,that's interesting. Are private players working on reusable rockets?,"[""USA""]",True
conv_0121_technology_space,Technology,Space,Technology_Space,9,what about applications in everyday life?,what about applications of ISRO's technology in everyday life?,"[""ISRO""]",True
conv_0121_technology_space,Technology,Space,Technology_Space,10,"okay, now tell me about the future of space travel.","okay, now tell me about the future of space travel.",[],False
conv_0123_technology_gadgets,Technology,Gadgets,Technology_Gadgets,1,What's the latest model of Apple iPhone?,What's the latest model of Apple iPhone?,"[""Apple""]",False
conv_0123_technology_gadgets,Technology,Gadgets,Technology_Gadgets,2,What are its main features?,What are the main features of iPhone 14 Pro?,"[""iPhone 14 Pro""]",True
conv_0123_technology_gadgets,Technology,Gadgets,Technology_Gadgets,3,How does it compare to the previous model?,How does iPhone 14 Pro compare to iPhone 13 Pro?,"[""iPhone 14 Pro"", ""iPhone 13 Pro""]",True
conv_0123_technology_gadgets,Technology,Gadgets,Technology_Gadgets,4,"That's great, what about the price?","That's great, what about the price of iPhone 14 Pro?","[""iPhone 14 Pro""]",True
conv_0123_technology_gadgets,Technology,Gadgets,Technology_Gadgets,5,"Wait a sec, I need to take a call, brb.","Wait a sec, I need to take a call, brb.",[],False
conv_0123_technology_gadgets,Technology,Gadgets,Technology_Gadgets,7,"Right, and what about storage options?","Right, and what about storage options of iPhone 14 Pro?","[""iPhone 14 Pro""]",True
conv_0123_technology_gadgets,Technology,Gadgets,Technology_Gadgets,8,"That's a lot, do other brands offer similar storage?","That's a lot, do other brands offer similar storage options?",[],True
conv_0123_technology_gadgets,Technology,Gadgets,Technology_Gadgets,9,"Okay, now tell me about smartwatches, I've been thinking of getting one.","Okay, now tell me about smartwatches, I've been thinking of getting one.",[],False
conv_0123_technology_gadgets,Technology,Gadgets,Technology_Gadgets,10,"That makes sense, I've heard their integration is seamless.","That makes sense, I've heard that Apple devices' integration is seamless.","[""Apple""]",True
conv_0127_entertainment_hollywood,Entertainment,Hollywood,Entertainment_Hollywood,1,who owns Marvel Studios?,who owns Marvel Studios?,"[""Marvel Studios""]",False
conv_0127_entertainment_hollywood,Entertainment,Hollywood,Entertainment_Hollywood,2,"they've produced some amazing movies, what are some of their most popular ones?","Marvel Studios has produced some amazing movies, what are some of their most popular ones?","[""Marvel Studios""]",True
conv_0127_entertainment_hollywood,Entertainment,Hollywood,Entertainment_Hollywood,3,"I love Iron Man, what's the latest one they released?","I love Iron Man, what's the latest Iron Man movie they released?","[""Iron Man""]",True
conv_0127_entertainment_hollywood,Entertainment,Hollywood,Entertainment_Hollywood,4,"what about the Avengers, are they making another one?","what about the Avengers, are Marvel Studios making another Avengers movie?","[""Avengers""]",True
conv_0127_entertainment_hollywood,Entertainment,Hollywood,Entertainment_Hollywood,7,"right, and what about other Marvel characters, like Black Widow?","right, and what about other Marvel characters, like Black Widow?","[""Black Widow""]",False
conv_0127_entertainment_hollywood,Entertainment,Hollywood,Entertainment_Hollywood,8,"that's cool, I heard they're also making a new Fantastic Four movie?","that's cool, I heard Marvel Studios is also making a new Fantastic Four movie?","[""Fantastic Four""]",True
conv_0127_entertainment_hollywood,Entertainment,Hollywood,Entertainment_Hollywood,9,"compare Marvel and DC movies, which one do you think is better?","compare Marvel and DC movies, which one do you think is better?","[""Marvel"", ""DC""]",False
conv_0127_entertainment_hollywood,Entertainment,Hollywood,Entertainment_Hollywood,10,"okay now tell me about Pixar, are they related to Marvel?","okay now tell me about Pixar, are Pixar and Marvel related?","[""Pixar"", ""Marvel""]",True
conv_0128_health_nutrition,Health,Nutrition,Health_Nutrition,3,what about 16:8?,what about the 16:8 method of intermittent fasting?,[],True
conv_0128_health_nutrition,Health,Nutrition,Health_Nutrition,4,that sounds doable... and what are its benefits?,that sounds doable... and what are the benefits of the 16:8 method of intermittent fasting?,[],True
conv_0128_health_nutrition,Health,Nutrition,Health_Nutrition,7,"right, and how does it compare to traditional diets?","right, and how does intermittent fasting compare to traditional diets?",[],True
conv_0128_health_nutrition,Health,Nutrition,Health_Nutrition,8,"I've tried traditional diets before, and they never seemed to stick... does it help with cravings?","I've tried traditional diets before, and they never seemed to stick... does intermittent fasting help with cravings?",[],True
conv_0128_health_nutrition,Health,Nutrition,Health_Nutrition,9,that's great to know... what about hydration? do I need to drink more water?,that's great to know... what about hydration during intermittent fasting? do I need to drink more water?,[],True
conv_0128_health_nutrition,Health,Nutrition,Health_Nutrition,10,"okay, got it. so can I still exercise while doing it?","okay, got it. so can I still exercise while doing intermittent fasting?",[],True
conv_0129_health_mental_health,Health,Mental Health,Health_Mental Health,2,"it affects people so differently, right?","it affects people so differently, right?",[],False
conv_0129_health_mental_health,Health,Mental Health,Health_Mental Health,3,what are some symptoms?,what are some symptoms of anxiety?,[],True
conv_0129_health_mental_health,Health,Mental Health,Health_Mental Health,4,give me an example of a situation that might trigger it,give me an example of a situation that might trigger anxiety,[],True
conv_0129_health_mental_health,Health,Mental Health,Health_Mental Health,5,"wait a sec, brb","wait a sec, brb",[],False
conv_0129_health_mental_health,Health,Mental Health,Health_Mental Health,7,"right, and how does it affect relationships?","right, and how does anxiety affect relationships?",[],True
conv_0129_health_mental_health,Health,Mental Health,Health_Mental Health,8,that's interesting... and what about treatment options?,that's interesting... and what about treatment options for anxiety?,[],True
conv_0129_health_mental_health,Health,Mental Health,Health_Mental Health,9,is it similar to depression?,is anxiety similar to depression?,[],True
conv_0129_health_mental_health,Health,Mental Health,Health_Mental Health,10,"okay, got it... what about coping mechanisms?","okay, got it... what about coping mechanisms for anxiety?",[],True
conv_0130_health_fitness,Health,Fitness,Health_Fitness,1,what's the deal with yoga? is it really good for fitness?,what's the deal with yoga? is it really good for fitness?,[],False
conv_0130_health_fitness,Health,Fitness,Health_Fitness,2,I've heard it's great for stress relief too. how does that work?,I've heard yoga is great for stress relief too. how does that work?,[],True
conv_0130_health_fitness,Health,Fitness,Health_Fitness,3,"that sounds amazing. what about the different types of yoga? I've heard of hatha, vinyasa...","that sounds amazing. what about the different types of yoga? I've heard of Hatha, Vinyasa...","[""Hatha"", ""Vinyasa""]",False
conv_0130_health_fitness,Health,Fitness,Health_Fitness,4,I think I'll try vinyasa. do they all involve meditation?,I think I'll try Vinyasa. do they all involve meditation?,"[""Vinyasa""]",False
conv_0130_health_fitness,Health,Fitness,Health_Fitness,5,"wait, can I ask you something else real quick? brb","wait, can I ask you something else real quick? brb",[],False
conv_0130_health_fitness,Health,Fitness,Health_Fitness,6,"back, so what were we saying? oh yeah, vinyasa. how often should I practice it?","back, so what were we saying? oh yeah, Vinyasa. how often should I practice it?","[""Vinyasa""]",False
conv_0130_health_fitness,Health,Fitness,Health_Fitness,7,that makes sense. what about the benefits for athletes? I've heard it can improve performance.,that makes sense. what about the benefits of yoga for athletes? I've heard it can improve performance.,[],True
conv_0130_health_fitness,Health,Fitness,Health_Fitness,8,compare yoga with pilates. which one is better for core strength?,compare yoga with Pilates. which one is better for core strength?,"[""Pilates""]",False
conv_0130_health_fitness,Health,Fitness,Health_Fitness,9,"okay, I think I'll try both. what's a good resource for learning yoga at home?","okay, I think I'll try both. what's a good resource for learning yoga at home?",[],False
conv_0130_health_fitness,Health,Fitness,Health_Fitness,10,those sound great. one more thing - can yoga help with weight loss?,those sound great. one more thing - can yoga help with weight loss?,[],False
conv_0133_geography_countries,Geography,Countries,Geography_Countries,1,where is india located?,where is India located?,"[""India""]",False
conv_0133_geography_countries,Geography,Countries,Geography_Countries,2,"it's huge, what's its population?","it's huge, what is India's population?","[""India""]",True
conv_0133_geography_countries,Geography,Countries,Geography_Countries,3,"that many, wow... and what about its capital?","that many, wow... and what about India's capital?","[""India""]",True
conv_0133_geography_countries,Geography,Countries,Geography_Countries,4,I've heard great things about new delhi... what's the climate like there?,I've heard great things about New Delhi... what's the climate like in New Delhi?,"[""New Delhi"", ""India""]",True
conv_0133_geography_countries,Geography,Countries,Geography_Countries,5,sounds intense... give me a minute to process,sounds intense... give me a minute to process,[],False
conv_0133_geography_countries,Geography,Countries,Geography_Countries,6,"back, so what were we saying? oh yeah, india's climate","back, so what were we saying? oh yeah, India's climate","[""India""]",False
conv_0133_geography_countries,Geography,Countries,Geography_Countries,7,what about its famous landmarks?,what about India's famous landmarks?,"[""India""]",True
conv_0133_geography_countries,Geography,Countries,Geography_Countries,8,the taj mahal is so beautiful... is it in india?,the Taj Mahal is so beautiful... is it in India?,"[""Taj Mahal"", ""India""]",False
conv_0133_geography_countries,Geography,Countries,Geography_Countries,9,that's a great example... how does india compare to china in terms of geography?,that's a great example... how does India compare to China in terms of geography?,"[""India"", ""China""]",False
conv_0133_geography_countries,Geography,Countries,Geography_Countries,10,"okay, now tell me about australia","okay, now tell me about Australia","[""Australia""]",False
conv_0136_politics_india,Politics,India,Politics_India,1,Who is the current Prime Minister of India?,Who is the current Prime Minister of India?,"[""India""]",False
conv_0136_politics_india,Politics,India,Politics_India,2,"He has been in office for a while, right?","Narendra Modi has been in office for a while, right?","[""Narendra Modi""]",True
conv_0136_politics_india,Politics,India,Politics_India,3,What are his key responsibilities as Prime Minister?,What are Narendra Modi's key responsibilities as Prime Minister of India?,"[""Narendra Modi"", ""India""]",True
conv_0136_politics_india,Politics,India,Politics_India,4,That sounds like a lot of work. Does he have any deputy?,That sounds like a lot of work. Does Narendra Modi have any deputy?,"[""Narendra Modi""]",True
conv_0136_politics_india,Politics,India,Politics_India,6,"Back, so what were we saying about Narendra Modi's cabinet?","Back, so what were we saying about Narendra Modi's cabinet?","[""Narendra Modi""]",False
conv_0136_politics_india,Politics,India,Politics_India,7,How does he handle opposition in parliament?,How does Narendra Modi handle opposition in parliament?,"[""Narendra Modi""]",True
conv_0136_politics_india,Politics,India,Politics_India,8,What about his economic policies? Have they been successful?,What about Narendra Modi's economic policies? Have they been successful?,"[""Narendra Modi""]",True
conv_0136_politics_india,Politics,India,Politics_India,9,That's interesting. Has he faced any criticism for those policies?,That's interesting. Has Narendra Modi faced any criticism for those policies?,"[""Narendra Modi""]",True
conv_0136_politics_india,Politics,India,Politics_India,10,"Okay, now tell me about the President of India. How does that role compare?","Okay, now tell me about the President of India. How does that role compare to the Prime Minister?","[""India""]",True
conv_0142_politics_usa,Politics,USA,Politics_USA,2,What did he do before becoming president?,What did Donald Trump do before becoming president?,"[""Donald Trump""]",True
conv_0142_politics_usa,Politics,USA,Politics_USA,3,"His policies were quite controversial, weren't they?",Were Donald Trump's policies quite controversial?,"[""Donald Trump""]",True
conv_0142_politics_usa,Politics,USA,Politics_USA,5,"Back, so what were we saying about Trump?","Back, so what were we saying about Donald Trump?","[""Donald Trump""]",True
conv_0142_politics_usa,Politics,USA,Politics_USA,6,What about his relationship with Congress?,What about Donald Trump's relationship with Congress?,"[""Donald Trump"", ""Congress""]",True
conv_0142_politics_usa,Politics,USA,Politics_USA,7,"Compare him with his successor, Joe Biden.","Compare Donald Trump with his successor, Joe Biden.","[""Donald Trump"", ""Joe Biden""]",True
conv_0142_politics_usa,Politics,USA,Politics_USA,8,"That approach seems to be paying off, hasn't it?","That approach of Joe Biden seems to be paying off, hasn't it?","[""Joe Biden""]",True
conv_0142_politics_usa,Politics,USA,Politics_USA,9,"Okay, now tell me about the current state of US politics.","Okay, now tell me about the current state of US politics.",[],False
conv_0142_politics_usa,Politics,USA,Politics_USA,10,"Wait, what about Trump's impact on the Republican Party?","Wait, what about Donald Trump's impact on the Republican Party?","[""Donald Trump"", ""Republican Party""]",True
conv_0146_sports_cricket,Sports,Cricket,Sports_Cricket,1,Who is the current captain of the Indian cricket team in ODI and T20?,Who is the current captain of the Indian cricket team in ODI and T20?,"[""Indian cricket team""]",False
conv_0146_sports_cricket,Sports,Cricket,Sports_Cricket,2,What are his major achievements as a batsman?,What are Rohit Sharma's major achievements as a batsman?,"[""Rohit Sharma""]",True
conv_0146_sports_cricket,Sports,Cricket,Sports_Cricket,3,That's impressive. How does he perform under pressure?,That's impressive. How does Rohit Sharma perform under pressure?,"[""Rohit Sharma""]",True
conv_0146_sports_cricket,Sports,Cricket,Sports_Cricket,4,Can you compare his style with Virat Kohli's?,Can you compare Rohit Sharma's style with Virat Kohli's?,"[""Rohit Sharma"", ""Virat Kohli""]",True
conv_0146_sports_cricket,Sports,Cricket,Sports_Cricket,7,"Right, and what about his fielding skills?","Right, and what about Rohit Sharma's fielding skills?","[""Rohit Sharma""]",True
conv_0146_sports_cricket,Sports,Cricket,Sports_Cricket,8,"Okay, now tell me about the Indian cricket team's chances in the upcoming World Cup.","Okay, now tell me about the Indian cricket team's chances in the upcoming World Cup.","[""Indian cricket team""]",False
conv_0146_sports_cricket,Sports,Cricket,Sports_Cricket,9,That's great. What role do you think Rohit Sharma will play in the team's success?,That's great. What role do you think Rohit Sharma will play in the Indian cricket team's success?,"[""Rohit Sharma"", ""Indian cricket team""]",True
conv_0146_sports_cricket,Sports,Cricket,Sports_Cricket,10,Can you tell me more about his early life and cricket beginnings?,Can you tell me more about Rohit Sharma's early life and cricket beginnings?,"[""Rohit Sharma""]",True
conv_0148_sports_football,Sports,Football,Sports_Football,1,who's the best soccer player in the world?,who's the best soccer player in the world?,[],False
conv_0148_sports_football,Sports,Football,Sports_Football,3,"that's insane, how many champions league titles does he have?","that's insane, how many Champions League titles does Cristiano Ronaldo have?","[""Cristiano Ronaldo""]",True
conv_0148_sports_football,Sports,Football,Sports_Football,5,"back, so what were we saying about Ronaldo?","back, so what were we saying about Cristiano Ronaldo?","[""Cristiano Ronaldo""]",True
conv_0148_sports_football,Sports,Football,Sports_Football,6,"yeah, and what about Lionel Messi? Compare both of them.","yeah, and what about Lionel Messi? Compare Cristiano Ronaldo and Lionel Messi.","[""Cristiano Ronaldo"", ""Lionel Messi""]",True
conv_0148_sports_football,Sports,Football,Sports_Football,7,"okay, now tell me about football in England","okay, now tell me about football in England","[""England""]",False
conv_0148_sports_football,Sports,Football,Sports_Football,8,"that sounds great, do you think Cristiano Ronaldo would fit in well there?","that sounds great, do you think Cristiano Ronaldo would fit in well in the Premier League?","[""Cristiano Ronaldo""]",True
conv_0148_sports_football,Sports,Football,Sports_Football,9,what about his recent move to Saudi Arabia?,what about Cristiano Ronaldo's recent move to Saudi Arabia?,"[""Cristiano Ronaldo"", ""Saudi Arabia""]",True
conv_0149_sports_tennis,Sports,Tennis,Sports_Tennis,1,Who is the current world number one in tennis?,Who is the current world number one in tennis?,[],False
conv_0149_sports_tennis,Sports,Tennis,Sports_Tennis,2,"He's had an incredible career, what are his major achievements?",What are the major achievements of Novak Djokovic?,"[""Novak Djokovic""]",True
conv_0149_sports_tennis,Sports,Tennis,Sports_Tennis,3,That's impressive. How does he compare to other top players like Rafael Nadal?,How does Novak Djokovic compare to Rafael Nadal?,"[""Novak Djokovic"", ""Rafael Nadal""]",True
conv_0149_sports_tennis,Sports,Tennis,Sports_Tennis,4,What about his playing style? Is it similar to Nadal's?,Is the playing style of Novak Djokovic similar to Rafael Nadal's?,"[""Novak Djokovic"", ""Rafael Nadal""]",True
conv_0149_sports_tennis,Sports,Tennis,Sports_Tennis,5,"Give me a minute, I need to check something... (pause) Back, so what were we saying?","Give me a minute, I need to check something... (pause) Back, so what were we saying?",[],False
conv_0149_sports_tennis,Sports,Tennis,Sports_Tennis,6,"Right, and what about his recent performances? Has he been struggling with injuries?",What about the recent performances of Novak Djokovic? Has he been struggling with injuries?,"[""Novak Djokovic""]",True
conv_0149_sports_tennis,Sports,Tennis,Sports_Tennis,7,That's good to know. What's his next tournament?,What is the next tournament of Novak Djokovic?,"[""Novak Djokovic""]",True
conv_0149_sports_tennis,Sports,Tennis,Sports_Tennis,8,"Okay, and how do you think he'll do there? Will he win it?",How will Novak Djokovic do at his next tournament? Will he win it?,"[""Novak Djokovic""]",True
conv_0149_sports_tennis,Sports,Tennis,Sports_Tennis,9,Compare both of him and Nadal in terms of their clay court skills.,Compare Novak Djokovic and Rafael Nadal in terms of their clay court skills.,"[""Novak Djokovic"", ""Rafael Nadal""]",True
conv_0149_sports_tennis,Sports,Tennis,Sports_Tennis,10,That's interesting. What about other surfaces? How does he perform on grass and hard courts?,What about the performance of Novak Djokovic on other surfaces? How does he perform on grass and hard courts?,"[""Novak Djokovic""]",True
conv_0150_sports_tennis,Sports,Tennis,Sports_Tennis,1,Who is the king of clay in tennis?,Who is the king of clay in tennis?,[],False
conv_0150_sports_tennis,Sports,Tennis,Sports_Tennis,2,What's his record on clay?,What is Rafael Nadal's record on clay?,"[""Rafael Nadal""]",True
conv_0150_sports_tennis,Sports,Tennis,Sports_Tennis,3,That's insane. How does he compare to Federer on clay?,That's insane. How does Rafael Nadal compare to Roger Federer on clay?,"[""Rafael Nadal"", ""Roger Federer""]",True
conv_0150_sports_tennis,Sports,Tennis,Sports_Tennis,4,"Yeah, I know. Give me a minute, I need to take a call.","Yeah, I know. Give me a minute, I need to take a call.",[],False
conv_0150_sports_tennis,Sports,Tennis,Sports_Tennis,5,"Back, so what were we saying? Oh yeah, Nadal. What's his serve like?","Back, so what were we saying? Oh yeah, Rafael Nadal. What is his serve like?","[""Rafael Nadal""]",True
conv_0150_sports_tennis,Sports,Tennis,Sports_Tennis,6,That's true. What about his recent form?,That's true. What about Rafael Nadal's recent form?,"[""Rafael Nadal""]",True
conv_0150_sports_tennis,Sports,Tennis,Sports_Tennis,7,That was impressive. Can he still dominate on other surfaces?,That was impressive. Can Rafael Nadal still dominate on other surfaces?,"[""Rafael Nadal""]",True
conv_0150_sports_tennis,Sports,Tennis,Sports_Tennis,8,That's right. Has he ever mentioned his favorite tournament?,That's right. Has Rafael Nadal ever mentioned his favorite tournament?,"[""Rafael Nadal""]",True
conv_0150_sports_tennis,Sports,Tennis,Sports_Tennis,9,Compare both him and Djokovic in terms of Grand Slams.,Compare Rafael Nadal and Novak Djokovic in terms of Grand Slams.,"[""Rafael Nadal"", ""Novak Djokovic""]",True
conv_0150_sports_tennis,Sports,Tennis,Sports_Tennis,10,What's the next big tournament for him?,What is the next big tournament for Rafael Nadal?,"[""Rafael Nadal""]",True
conv_0151_sports_olympics,Sports,Olympics,Sports_Olympics,1,Who is Neeraj Chopra?,Who is Neeraj Chopra?,"[""Neeraj Chopra""]",False
conv_0151_sports_olympics,Sports,Olympics,Sports_Olympics,2,What's his achievement in Olympics?,What is Neeraj Chopra's achievement in Olympics?,"[""Neeraj Chopra"", ""Olympics""]",True
conv_0151_sports_olympics,Sports,Olympics,Sports_Olympics,3,That was historic! What was his throw distance?,That was historic! What was Neeraj Chopra's throw distance?,"[""Neeraj Chopra""]",True
conv_0151_sports_olympics,Sports,Olympics,Sports_Olympics,4,That's impressive! How did he start his athletic career?,That's impressive! How did Neeraj Chopra start his athletic career?,"[""Neeraj Chopra""]",True
conv_0151_sports_olympics,Sports,Olympics,Sports_Olympics,5,"Jacobs is American, right?","Jacobs is American, right?","[""Dave Jacobs""]",False
conv_0151_sports_olympics,Sports,Olympics,Sports_Olympics,8,Right! What about other Indian athletes in javelin throw?,Right! What about other Indian athletes in javelin throw?,"[""India""]",False
conv_0151_sports_olympics,Sports,Olympics,Sports_Olympics,9,How does he train for competitions?,How does Neeraj Chopra train for competitions?,"[""Neeraj Chopra""]",True
conv_0151_sports_olympics,Sports,Olympics,Sports_Olympics,10,That makes sense. What about the next Olympics?,That makes sense. What about Neeraj Chopra in the next Olympics?,"[""Neeraj Chopra"", ""Olympics""]",True
conv_0152_technology_ai,Technology,AI,Technology_AI,2,what makes it so special?,what makes OpenAI's GPT-4 so special?,"[""OpenAI"", ""GPT-4""]",True
conv_0152_technology_ai,Technology,AI,Technology_AI,3,"I've heard it's really good at coding, can it beat GitHub Copilot?","I've heard OpenAI's GPT-4 is really good at coding, can it beat GitHub Copilot?","[""OpenAI"", ""GPT-4"", ""GitHub Copilot""]",True
conv_0152_technology_ai,Technology,AI,Technology_AI,4,"okay, what about its applications in education?","okay, what about OpenAI's GPT-4 applications in education?","[""OpenAI"", ""GPT-4""]",True
conv_0152_technology_ai,Technology,AI,Technology_AI,7,"that's really cool, can OpenAI's models be used for language translation?","that's really cool, can OpenAI's models be used for language translation?","[""OpenAI""]",False
conv_0152_technology_ai,Technology,AI,Technology_AI,8,how does it compare to Google Translate?,how does OpenAI's GPT-4 compare to Google Translate?,"[""OpenAI"", ""GPT-4"", ""Google Translate""]",True
conv_0152_technology_ai,Technology,AI,Technology_AI,9,"what about other AI companies, like Meta?","what about other AI companies, like Meta AI?","[""Meta AI""]",True
conv_0152_technology_ai,Technology,AI,Technology_AI,10,"compare both of them, OpenAI and Meta AI.",compare OpenAI and Meta AI.,"[""OpenAI"", ""Meta AI""]",True
conv_0154_technology_ai,Technology,AI,Technology_AI,1,what is google deepmind?,what is Google DeepMind?,"[""Google DeepMind""]",False
conv_0154_technology_ai,Technology,AI,Technology_AI,2,"they've made some impressive advancements, right?","Google DeepMind has made some impressive advancements, right?","[""Google DeepMind""]",True
conv_0154_technology_ai,Technology,AI,Technology_AI,3,what about their AlphaGo program?,what about the AlphaGo program of Google DeepMind?,"[""AlphaGo"", ""Google DeepMind""]",True
conv_0154_technology_ai,Technology,AI,Technology_AI,4,that's amazing... and what about their recent projects?,that is amazing and what are the recent projects of Google DeepMind?,"[""Google DeepMind""]",True
conv_0154_technology_ai,Technology,AI,Technology_AI,7,"compare their approach to, say, facebook's ai research",compare the approach of Google DeepMind to the approach of Meta's AI research,"[""Google DeepMind"", ""Meta""]",True
conv_0154_technology_ai,Technology,AI,Technology_AI,8,that makes sense... do they collaborate with other institutions?,that makes sense and do Google DeepMind collaborate with other institutions?,"[""Google DeepMind""]",True
conv_0154_technology_ai,Technology,AI,Technology_AI,9,I'd love to know more about their partnerships,I would love to know more about the partnerships of Google DeepMind,"[""Google DeepMind""]",True
conv_0154_technology_ai,Technology,AI,Technology_AI,10,okay now tell me about robotics,okay now tell me about robotics,[],False
conv_0161_entertainment_hollywood,Entertainment,Hollywood,Entertainment_Hollywood,2,"they've really been killing it, what's their next project?","Marvel Studios has really been killing it, what's their next project?","[""Marvel Studios""]",True
conv_0161_entertainment_hollywood,Entertainment,Hollywood,Entertainment_Hollywood,3,and what about the rumors on the new Fantastic Four movie?,and what about the rumors on the new Fantastic Four movie?,"[""Fantastic Four""]",False
conv_0161_entertainment_hollywood,Entertainment,Hollywood,Entertainment_Hollywood,4,do they have a new director lined up?,does Marvel have a new director lined up for the Fantastic Four movie?,"[""Marvel"", ""Fantastic Four""]",True
conv_0161_entertainment_hollywood,Entertainment,Hollywood,Entertainment_Hollywood,7,"right, and what about the X-Men movies?","right, and what about the X-Men movies?","[""X-Men""]",False
conv_0161_entertainment_hollywood,Entertainment,Hollywood,Entertainment_Hollywood,8,"compare the X-Men and Fantastic Four, which one do you think will do better?","compare the X-Men and Fantastic Four, which one do you think will do better?","[""X-Men"", ""Fantastic Four""]",False
conv_0161_entertainment_hollywood,Entertainment,Hollywood,Entertainment_Hollywood,9,"that's interesting, what about other hollywood studios, are they keeping up?","that's interesting, what about other Hollywood studios, are they keeping up?","[""Hollywood""]",False
conv_0161_entertainment_hollywood,Entertainment,Hollywood,Entertainment_Hollywood,10,"okay now tell me about Star Wars, what's new?","okay now tell me about Star Wars, what's new?","[""Star Wars""]",False
conv_0164_health_fitness,Health,Fitness,Health_Fitness,2,"I've heard it's really good for stress relief too, what about anxiety?","I've heard yoga is really good for stress relief too, what about anxiety?",[],True
conv_0164_health_fitness,Health,Fitness,Health_Fitness,3,"that sounds great, I've been feeling really anxious lately; do they offer classes for beginners?","that sounds great, I've been feeling really anxious lately; do yoga studios offer classes for beginners?",[],True
conv_0164_health_fitness,Health,Fitness,Health_Fitness,4,"okay, I think I'll try that; are there different types of yoga I should know about?","okay, I think I'll try that; are there different types of yoga I should know about?",[],False
conv_0164_health_fitness,Health,Fitness,Health_Fitness,5,"wait a sec, I need to take a call; brb","wait a sec, I need to take a call; brb",[],False
conv_0164_health_fitness,Health,Fitness,Health_Fitness,6,"back, so what were we saying about yoga styles?","I'm back, so what were we saying about yoga styles?",[],True
conv_0164_health_fitness,Health,Fitness,Health_Fitness,7,what's the main difference between Hatha and Vinyasa?,what's the main difference between Hatha and Vinyasa yoga?,[],True
conv_0164_health_fitness,Health,Fitness,Health_Fitness,8,"that makes sense; I've also heard of hot yoga, what's the deal with that?","that makes sense; I've also heard of hot yoga, what's the deal with hot yoga?",[],True
conv_0164_health_fitness,Health,Fitness,Health_Fitness,9,"okay, I think I'll start with a regular studio then; how often should I practice yoga to see benefits?","okay, I think I'll start with a regular studio then; how often should I practice yoga to see benefits?",[],False
conv_0164_health_fitness,Health,Fitness,Health_Fitness,10,"that's doable; what about meditation, is that something I should try too?","that's doable; what about meditation, is that something I should try too?",[],False
conv_0167_geography_countries,Geography,Countries,Geography_Countries,3,"that's massive, what's the capital city?","that is massive, what is the capital city of India?","[""India""]",True
conv_0167_geography_countries,Geography,Countries,Geography_Countries,4,"I've heard it's very diverse, what are its major languages?","I have heard that India is very diverse, what are its major languages?","[""India""]",True
conv_0167_geography_countries,Geography,Countries,Geography_Countries,7,"yeah please, what about other countries in south asia?","yes please, what about other countries in South Asia?","[""South Asia""]",True
conv_0167_geography_countries,Geography,Countries,Geography_Countries,8,compare india and china,compare India and China,"[""India"", ""China""]",False
conv_0167_geography_countries,Geography,Countries,Geography_Countries,9,"that's interesting, what about the coastline of india?","that is interesting, what about the coastline of India?","[""India""]",True
conv_0167_geography_countries,Geography,Countries,Geography_Countries,10,"beautiful, are there any mountains in india?","that is beautiful, are there any mountains in India?","[""India""]",True
conv_0169_general_general,General,General,General_General,1,how's your day going?,how's your day going?,[],False
conv_0169_general_general,General,General,General_General,2,"that sounds great, I love walking. Do they have good walking spots where you are?","that sounds great, I love walking. Do they have good walking spots where you are?",[],False
conv_0169_general_general,General,General,General_General,3,"that's awesome. What about you, do you have any fun plans for the weekend?","that's awesome. What about you, do you have any fun plans for the weekend?",[],False
conv_0169_general_general,General,General,General_General,4,"Ha, that sounds tempting. I'm actually thinking of going out of town, though.","Ha, that sounds tempting. I'm actually thinking of going out of town, though.",[],False
conv_0169_general_general,General,General,General_General,5,"Just a quick trip to visit some family. Give me a minute, I need to check the time.","Just a quick trip to visit some family. Give me a minute, I need to check the time.",[],False
conv_0169_general_general,General,General,General_General,7,"Right. Yeah, it's just a short drive. What do you think about road trips?","Right. Yeah, it's just a short drive. What do you think about road trips?",[],False
conv_0169_general_general,General,General,General_General,8,"Actually, not too much. I've been pretty busy with work. They've been keeping me pretty occupied.","Actually, not too much. I've been pretty busy with my work. They've been keeping me pretty occupied.",[],True
conv_0169_general_general,General,General,General_General,9,"Definitely. Okay, now tell me about your favorite hobbies. You mentioned walking...","Definitely. Okay, now tell me about your favorite hobbies. You mentioned walking...",[],False
conv_0169_general_general,General,General,General_General,10,I like reading too. What's your favorite book you've read recently?,I like reading too. What's your favorite book you've read recently?,[],False
conv_0170_politics_india,Politics,India,Politics_India,3,What are his major accomplishments?,What are the major accomplishments of Narendra Modi?,"[""Narendra Modi""]",True
conv_0170_politics_india,Politics,India,Politics_India,4,That sounds significant. What about his economic policies?,That sounds significant. What about Narendra Modi's economic policies?,"[""Narendra Modi""]",True
conv_0170_politics_india,Politics,India,Politics_India,6,"Back, so what were we saying about Modi's policies?","Back, so what were we saying about Narendra Modi's policies?","[""Narendra Modi""]",True
conv_0170_politics_india,Politics,India,Politics_India,7,"How do these policies compare to those of his predecessor, Manmohan Singh?","How do Narendra Modi's policies compare to those of his predecessor, Manmohan Singh?","[""Narendra Modi"", ""Manmohan Singh""]",True
conv_0170_politics_india,Politics,India,Politics_India,8,That's interesting. What about his role in international relations?,That's interesting. What about Narendra Modi's role in international relations?,"[""Narendra Modi""]",True
conv_0170_politics_india,Politics,India,Politics_India,9,I see. How does he handle diplomacy with neighboring countries?,I see. How does Narendra Modi handle diplomacy with neighboring countries?,"[""Narendra Modi""]",True
conv_0170_politics_india,Politics,India,Politics_India,10,"Okay, now tell me about the BJP.","Okay, now tell me about the BJP.","[""BJP""]",False
conv_0176_politics_usa,Politics,USA,Politics_USA,3,"He made some controversial statements, didn't he?","Donald Trump made some controversial statements, didn't he?","[""Donald Trump""]",True
conv_0176_politics_usa,Politics,USA,Politics_USA,4,What about his policies? What were some of his key initiatives?,What were some key policies of Donald Trump? What were some of his key initiatives?,"[""Donald Trump""]",True
conv_0176_politics_usa,Politics,USA,Politics_USA,5,"Wait, give me a minute to check something... (pauses) Okay, back. So, what were we saying?","Wait, give me a minute to check something... (pauses) Okay, back. So, what were we saying?",[],False
conv_0176_politics_usa,Politics,USA,Politics_USA,6,Right. And how did his presidency impact the economy?,Right. And how did Donald Trump's presidency impact the economy?,"[""Donald Trump""]",True
conv_0176_politics_usa,Politics,USA,Politics_USA,7,"That's interesting. What about his relationships with other world leaders? Did he get along with, say, Vladimir Putin?",That's interesting. What about Donald Trump's relationships with other world leaders? Did he get along with Vladimir Putin?,"[""Donald Trump"", ""Vladimir Putin""]",True
conv_0176_politics_usa,Politics,USA,Politics_USA,8,"Compare him to Joe Biden, another recent president. How do their leadership styles differ?","Compare Donald Trump to Joe Biden, another recent president. How do their leadership styles differ?","[""Donald Trump"", ""Joe Biden""]",True
conv_0176_politics_usa,Politics,USA,Politics_USA,9,"Okay, now tell me about the Republican party. How has it changed since Trump left office?","Okay, now tell me about the Republican party. How has it changed since Donald Trump left office?","[""Republican party"", ""Donald Trump""]",True
conv_0176_politics_usa,Politics,USA,Politics_USA,10,That's a good point. Did Trump influence the party's shift to the right?,That's a good point. Did Donald Trump influence the Republican party's shift to the right?,"[""Donald Trump"", ""Republican party""]",True
conv_0181_sports_football,Sports,Football,Sports_Football,1,who's the greatest soccer player of all time?,who's the greatest soccer player of all time?,[],False
conv_0181_sports_football,Sports,Football,Sports_Football,3,those are impressive stats; how does he compare to Cristiano Ronaldo?,those are impressive stats; how does Lionel Messi compare to Cristiano Ronaldo?,"[""Lionel Messi"", ""Cristiano Ronaldo""]",True
conv_0181_sports_football,Sports,Football,Sports_Football,4,"yeah, I've seen Messi play; he's amazing, but what about his team?","yeah, I've seen Lionel Messi play; he's amazing, but what about his team?","[""Lionel Messi""]",True
conv_0181_sports_football,Sports,Football,Sports_Football,7,"right, and what about his international career?","right, and what about Lionel Messi's international career?","[""Lionel Messi""]",True
conv_0181_sports_football,Sports,Football,Sports_Football,8,that's impressive; what's his current team now?,that's impressive; what's Lionel Messi's current team now?,"[""Lionel Messi""]",True
conv_0181_sports_football,Sports,Football,Sports_Football,9,"okay, now tell me about another great footballer, Kylian Mbappé","okay, now tell me about another great footballer, Kylian Mbappé","[""Kylian Mbapp\u00e9""]",False
conv_0181_sports_football,Sports,Football,Sports_Football,10,compare both of them; who's better?,compare both Lionel Messi and Kylian Mbappé; who's better?,"[""Lionel Messi"", ""Kylian Mbapp\u00e9""]",True
conv_0186_technology_ai,Technology,AI,Technology_AI,3,"I've heard it's being used in chatbots, how does it compare to others?","I've heard GPT-4 is being used in chatbots, how does it compare to other AI models?","[""GPT-4""]",True
conv_0186_technology_ai,Technology,AI,Technology_AI,4,"okay, what about its limitations?","okay, what are the limitations of GPT-4?","[""GPT-4""]",True
conv_0186_technology_ai,Technology,AI,Technology_AI,7,"right, and how does OpenAI plan to mitigate those biases?","right, and how does OpenAI plan to mitigate the biases of GPT-4?","[""OpenAI"", ""GPT-4""]",True
conv_0186_technology_ai,Technology,AI,Technology_AI,8,"that's reassuring, what about its competitors, like Google's AI?","that's reassuring, what about the competitors of OpenAI, like Google's AI?","[""OpenAI"", ""Google""]",True
conv_0186_technology_ai,Technology,AI,Technology_AI,9,"I've heard rumors about OpenAI's next project, what's the scoop?","I've heard rumors about OpenAI's next project, what's the information about it?","[""OpenAI""]",True
conv_0186_technology_ai,Technology,AI,Technology_AI,10,"wait, multimodal? that sounds like a game-changer...","wait, multimodal? that sounds like a game-changer...",[],False
conv_0189_technology_space,Technology,Space,Technology_Space,1,what's the latest on ISRO's space missions?,what's the latest on ISRO's space missions?,"[""ISRO""]",False
conv_0189_technology_space,Technology,Space,Technology_Space,2,"they've been doing some impressive work, haven't they?","ISRO has been doing some impressive work, hasn't it?","[""ISRO""]",True
conv_0189_technology_space,Technology,Space,Technology_Space,3,what about their future plans?,what about ISRO's future plans?,"[""ISRO""]",True
conv_0189_technology_space,Technology,Space,Technology_Space,4,that sounds ambitious... what's the expected timeline?,that sounds ambitious... what's the expected timeline for Gaganyaan?,"[""Gaganyaan""]",True
conv_0189_technology_space,Technology,Space,Technology_Space,6,"back, so what were we saying about ISRO?","I'm back, so what were we saying about ISRO?","[""ISRO""]",True
conv_0189_technology_space,Technology,Space,Technology_Space,7,"right, and what about their collaboration with other space agencies?","right, and what about ISRO's collaboration with other space agencies?","[""ISRO""]",True
conv_0189_technology_space,Technology,Space,Technology_Space,8,"compare ISRO's approach to, say, China's space program...",compare ISRO's approach to China's space program,"[""ISRO"", ""China""]",True
conv_0189_technology_space,Technology,Space,Technology_Space,9,"that's interesting... okay, now tell me about private space companies in India.","that's interesting... okay, now tell me about private space companies in India","[""India""]",True
conv_0189_technology_space,Technology,Space,Technology_Space,10,"wait, what about ISRO's role in satellite technology?","wait, what about ISRO's role in satellite technology?","[""ISRO""]",False
conv_0192_entertainment_bollywood,Entertainment,Bollywood,Entertainment_Bollywood,2,what's his claim to fame?,what is Shah Rukh Khan's claim to fame?,"[""Shah Rukh Khan""]",True
conv_0192_entertainment_bollywood,Entertainment,Bollywood,Entertainment_Bollywood,3,those are great films... and what about his personal life?,those are great films... and what about Shah Rukh Khan's personal life?,"[""Shah Rukh Khan""]",True
conv_0192_entertainment_bollywood,Entertainment,Bollywood,Entertainment_Bollywood,4,do his kids do acting?,do Shah Rukh Khan's kids do acting?,"[""Shah Rukh Khan""]",True
conv_0192_entertainment_bollywood,Entertainment,Bollywood,Entertainment_Bollywood,5,"nice, i've heard of suhana... by the way, what's shah rukh khan's nickname?","nice, i've heard of Suhana... by the way, what is Shah Rukh Khan's nickname?","[""Suhana"", ""Shah Rukh Khan""]",True
conv_0192_entertainment_bollywood,Entertainment,Bollywood,Entertainment_Bollywood,6,"okay, got it... brb, gotta take a call.","okay, got it... brb, gotta take a call.",[],False
conv_0192_entertainment_bollywood,Entertainment,Bollywood,Entertainment_Bollywood,8,"right! compare shah rukh khan and salman khan... both are huge stars, right?","right! compare Shah Rukh Khan and Salman Khan... both are huge stars, right?","[""Shah Rukh Khan"", ""Salman Khan""]",False
conv_0192_entertainment_bollywood,Entertainment,Bollywood,Entertainment_Bollywood,9,that's true... what about akshay kumar? how does he fit in?,that's true... what about Akshay Kumar? how does he fit in?,"[""Akshay Kumar""]",False
conv_0192_entertainment_bollywood,Entertainment,Bollywood,Entertainment_Bollywood,10,"okay, got it... now tell me about the oscars?","okay, got it... now tell me about the oscars?","[""Oscars""]",False
conv_0193_entertainment_bollywood,Entertainment,Bollywood,Entertainment_Bollywood,1,Who is Aamir Khan and why is he famous?,Who is Aamir Khan and why is he famous?,"[""Aamir Khan""]",False
conv_0193_entertainment_bollywood,Entertainment,Bollywood,Entertainment_Bollywood,2,What made him a household name?,What made Aamir Khan a household name?,"[""Aamir Khan""]",True
conv_0193_entertainment_bollywood,Entertainment,Bollywood,Entertainment_Bollywood,3,"He's known for his social messages too, right?","Aamir Khan is known for his social messages too, right?","[""Aamir Khan""]",True
conv_0193_entertainment_bollywood,Entertainment,Bollywood,Entertainment_Bollywood,4,That's impressive. What's his production company called?,That's impressive. What is Aamir Khan's production company called?,"[""Aamir Khan""]",True
conv_0193_entertainment_bollywood,Entertainment,Bollywood,Entertainment_Bollywood,7,Right! Does he only produce his own films?,Right! Does Aamir Khan only produce his own films?,"[""Aamir Khan""]",True
conv_0193_entertainment_bollywood,Entertainment,Bollywood,Entertainment_Bollywood,8,That's interesting. How does he choose his projects?,That's interesting. How does Aamir Khan choose his projects?,"[""Aamir Khan""]",True
conv_0193_entertainment_bollywood,Entertainment,Bollywood,Entertainment_Bollywood,9,"Compare him with another popular Bollywood actor, like Shah Rukh Khan.","Compare Aamir Khan with another popular Bollywood actor, like Shah Rukh Khan.","[""Aamir Khan"", ""Shah Rukh Khan""]",True
conv_0193_entertainment_bollywood,Entertainment,Bollywood,Entertainment_Bollywood,10,"Okay, now tell me about Aamir Khan's personal life.","Okay, now tell me about Aamir Khan's personal life.","[""Aamir Khan""]",False
conv_0195_entertainment_hollywood,Entertainment,Hollywood,Entertainment_Hollywood,1,what's the latest on marvel studios movies?,what's the latest on Marvel Studios movies?,"[""Marvel Studios""]",False
conv_0195_entertainment_hollywood,Entertainment,Hollywood,Entertainment_Hollywood,2,"they're really dominating the box office, aren't they?","Marvel Studios' movies are really dominating the box office, aren't they?","[""Marvel Studios""]",True
conv_0195_entertainment_hollywood,Entertainment,Hollywood,Entertainment_Hollywood,3,"what about their TV shows, are they doing well too?","what about Marvel Studios' TV shows, are they doing well too?","[""Marvel Studios""]",True
conv_0195_entertainment_hollywood,Entertainment,Hollywood,Entertainment_Hollywood,6,"compare them to dc's shows, how do they stack up?","compare Marvel Studios' shows to DC's shows, how do they stack up?","[""Marvel Studios"", ""DC""]",True
conv_0195_entertainment_hollywood,Entertainment,Hollywood,Entertainment_Hollywood,7,"that's interesting, what about the new batman movie?","that's interesting, what about the new Batman movie?","[""Batman""]",False
conv_0195_entertainment_hollywood,Entertainment,Hollywood,Entertainment_Hollywood,8,"okay now tell me about the oscars, any notable snubs?","okay now tell me about the Oscars, any notable snubs?","[""Oscars""]",False
conv_0195_entertainment_hollywood,Entertainment,Hollywood,Entertainment_Hollywood,9,who are some of the most influential people in hollywood right now?,who are some of the most influential people in Hollywood right now?,"[""Hollywood""]",False
conv_0195_entertainment_hollywood,Entertainment,Hollywood,Entertainment_Hollywood,10,what are marvel's plans for phase 5?,what are Marvel Studios' plans for Phase 5?,"[""Marvel Studios""]",True
conv_0196_health_nutrition,Health,Nutrition,Health_Nutrition,1,"I've been hearing a lot about intermittent fasting, what's the deal with it?","I've been hearing a lot about intermittent fasting, what's the deal with intermittent fasting?",[],True
conv_0196_health_nutrition,Health,Nutrition,Health_Nutrition,2,how does it work exactly?,how does intermittent fasting work exactly?,[],True
conv_0196_health_nutrition,Health,Nutrition,Health_Nutrition,3,"that sounds like a long time, what can I drink during the fasting period?","that sounds like a long time, what can I drink during the fasting period of intermittent fasting?",[],True
conv_0196_health_nutrition,Health,Nutrition,Health_Nutrition,4,"okay, got it. and what about the eating window? are there any specific food restrictions?","okay, got it. and what about the eating window during intermittent fasting? are there any specific food restrictions?",[],True
conv_0196_health_nutrition,Health,Nutrition,Health_Nutrition,5,"wait a sec, I need to take a call. brb","wait a sec, I need to take a call. brb",[],False
conv_0196_health_nutrition,Health,Nutrition,Health_Nutrition,7,"that makes sense. I've heard it helps with weight loss, but what about muscle gain? can I still build muscle with intermittent fasting?","that makes sense. I've heard intermittent fasting helps with weight loss, but what about muscle gain? can I still build muscle with intermittent fasting?",[],True
conv_0196_health_nutrition,Health,Nutrition,Health_Nutrition,8,"okay, cool. I've also been curious about how it compares to traditional calorie restriction. do they have similar benefits?","okay, cool. I've also been curious about how intermittent fasting compares to traditional calorie restriction. do they have similar benefits?",[],True
conv_0196_health_nutrition,Health,Nutrition,Health_Nutrition,9,"that's really interesting. what about people with certain health conditions, like diabetes? is it safe for them to try intermittent fasting?","that's really interesting. what about people with certain health conditions, like diabetes? is it safe for them to try intermittent fasting?","[""diabetes""]",False
conv_0196_health_nutrition,Health,Nutrition,Health_Nutrition,10,"okay, I'll keep that in mind. one more thing - what about athletic performance? can I still train intensely with intermittent fasting?","okay, I'll keep that in mind. one more thing - what about athletic performance? can I still train intensely with intermittent fasting?",[],False
conv_0197_health_mental_health,Health,Mental Health,Health_Mental Health,4,that sounds awful; how's it usually treated?,that sounds awful; how is anxiety usually treated?,[],True
conv_0197_health_mental_health,Health,Mental Health,Health_Mental Health,5,"okay, got it; and what about its impact on daily life?","okay, got it; and what about the impact of anxiety on daily life?",[],True
conv_0197_health_mental_health,Health,Mental Health,Health_Mental Health,6,"wait a sec, need to take a call; brb","wait a sec, need to take a call; brb",[],False
conv_0197_health_mental_health,Health,Mental Health,Health_Mental Health,8,right; does it have any physical effects?,right; does anxiety have any physical effects?,[],True
conv_0197_health_mental_health,Health,Mental Health,Health_Mental Health,9,that's scary; what about coping mechanisms?,that's scary; what about coping mechanisms for anxiety?,[],True
conv_0197_health_mental_health,Health,Mental Health,Health_Mental Health,10,and can anxiety be cured?,and can anxiety be cured?,[],False
conv_0200_history_world_wars,History,World Wars,History_World Wars,2,Who were the main leaders during it?,Who were the main leaders during World War II?,"[""World War II""]",True
conv_0200_history_world_wars,History,World Wars,History_World Wars,4,That sounds terrible... what about the impact on civilians?,That sounds terrible... what about the impact on civilians during World War II?,"[""World War II""]",True
conv_0200_history_world_wars,History,World Wars,History_World Wars,7,"right, the Holocaust... how did it end?","right, the Holocaust... how did the Holocaust end?","[""Holocaust""]",True
conv_0200_history_world_wars,History,World Wars,History_World Wars,8,And what about the war in the Pacific?,And what about the war in the Pacific during World War II?,"[""World War II""]",True
conv_0200_history_world_wars,History,World Wars,History_World Wars,9,Those bombings... were they necessary?,Were the atomic bombings of Hiroshima and Nagasaki necessary?,"[""Hiroshima"", ""Nagasaki""]",True
conv_0200_history_world_wars,History,World Wars,History_World Wars,10,"Okay, now tell me about the Cold War","Okay, now tell me about the Cold War",[],False
conv_0203_general_general,General,General,General_General,2,"that sounds great, what made you go out?","that sounds great, what made you go out?",[],False
conv_0203_general_general,General,General,General_General,3,"yeah, I should do that more often... what's the weather like today?","yeah, I should do that more often... what's the weather like today?",[],False
conv_0203_general_general,General,General,General_General,4,"hmm, I love sunny days... wait a sec, I need to take a call.","hmm, I love sunny days... wait a sec, I need to take a call.",[],False
conv_0203_general_general,General,General,General_General,6,right! do you have any fun plans for the weekend?,right! do you have any fun plans for the weekend?,[],False
conv_0203_general_general,General,General,General_General,7,"that sounds fun, I've been meaning to try it too... is it expensive?","that sounds fun, I've been meaning to try it too... is it expensive?",[],False
conv_0203_general_general,General,General,General_General,8,"okay, cool... by the way, how was your weekend?","okay, cool... by the way, how was your weekend?",[],False
conv_0203_general_general,General,General,General_General,9,"I stayed in, just relaxed... what about your family, how are they?","I stayed in, just relaxed... what about your family, how are they?",[],False
conv_0203_general_general,General,General,General_General,10,I can imagine... compare your life now to five years ago.,I can imagine... compare your life now to five years ago.,[],False
conv_0205_politics_india,Politics,India,Politics_India,3,What's his stance on economic reforms?,What is Rahul Gandhi's stance on economic reforms?,"[""Rahul Gandhi""]",True
conv_0205_politics_india,Politics,India,Politics_India,4,and what about his views on education?,and what about Rahul Gandhi's views on education?,"[""Rahul Gandhi""]",True
conv_0205_politics_india,Politics,India,Politics_India,6,"Back, so what were we saying about Rahul Gandhi's education policies?","Back, so what were we saying about Rahul Gandhi's education policies?","[""Rahul Gandhi""]",False
conv_0205_politics_india,Politics,India,Politics_India,7,How does he compare to his sister Priyanka Gandhi?,How does Rahul Gandhi compare to his sister Priyanka Gandhi?,"[""Rahul Gandhi"", ""Priyanka Gandhi""]",True
conv_0205_politics_india,Politics,India,Politics_India,8,"Okay, and what about their mother Sonia Gandhi?","Okay, and what about Sonia Gandhi, the mother of Rahul Gandhi and Priyanka Gandhi?","[""Sonia Gandhi"", ""Rahul Gandhi"", ""Priyanka Gandhi""]",True
conv_0205_politics_india,Politics,India,Politics_India,9,"That's great, now tell me about the BJP.","That's great, now tell me about the BJP.","[""BJP""]",False
conv_0205_politics_india,Politics,India,Politics_India,10,Compare both Rahul Gandhi and Narendra Modi's leadership styles.,Compare Rahul Gandhi's leadership style with Narendra Modi's leadership style.,"[""Rahul Gandhi"", ""Narendra Modi""]",True
conv_0206_politics_india,Politics,India,Politics_India,3,That's impressive. What were his views on globalization?,What were Manmohan Singh's views on globalization?,"[""Manmohan Singh""]",True
conv_0206_politics_india,Politics,India,Politics_India,4,His tenure was quite long. What challenges did he face during his term?,What challenges did Manmohan Singh face during his term as Prime Minister of India?,"[""Manmohan Singh"", ""India""]",True
conv_0206_politics_india,Politics,India,Politics_India,6,"Back, so what were we saying? Ah yes, his economic policies.","Back, so what were we saying? Ah yes, his economic policies.",[],False
conv_0206_politics_india,Politics,India,Politics_India,7,What about his role in the United Progressive Alliance?,What was Manmohan Singh's role in the United Progressive Alliance?,"[""Manmohan Singh"", ""United Progressive Alliance""]",True
conv_0206_politics_india,Politics,India,Politics_India,8,"Compare him with his successor, Narendra Modi.","Compare Manmohan Singh with his successor, Narendra Modi.","[""Manmohan Singh"", ""Narendra Modi""]",True
conv_0206_politics_india,Politics,India,Politics_India,9,That's a good point. Did Manmohan Singh have any notable achievements in education?,Did Manmohan Singh have any notable achievements in education?,"[""Manmohan Singh""]",True
conv_0206_politics_india,Politics,India,Politics_India,10,His statements on education are still referenced. What about healthcare?,What were Manmohan Singh's achievements in healthcare?,"[""Manmohan Singh""]",True
conv_0207_politics_uk,Politics,UK,Politics_UK,3,"He's rich, isn't he?",Is Rishi Sunak rich?,"[""Rishi Sunak""]",True
conv_0207_politics_uk,Politics,UK,Politics_UK,4,That's interesting... what about his predecessor?,"That is interesting, what about Rishi Sunak's predecessor?","[""Rishi Sunak""]",True
conv_0207_politics_uk,Politics,UK,Politics_UK,5,"Give me a minute, I'm getting a call... (pause) Back, so what were we saying?","Give me a minute, I'm getting a call... (pause) Back, so what were we saying?",[],False
conv_0207_politics_uk,Politics,UK,Politics_UK,6,"No, let's get back to him. What are his key policies?","No, let's get back to Rishi Sunak, what are his key policies?","[""Rishi Sunak""]",True
conv_0207_politics_uk,Politics,UK,Politics_UK,7,How's he doing on those fronts?,How is Rishi Sunak doing on those fronts?,"[""Rishi Sunak""]",True
conv_0207_politics_uk,Politics,UK,Politics_UK,8,That sounds like a lot on his plate... what about his party?,"That sounds like a lot on Rishi Sunak's plate, what about his party?","[""Rishi Sunak""]",True
conv_0207_politics_uk,Politics,UK,Politics_UK,9,Compare him to Boris Johnson.,Compare Rishi Sunak to Boris Johnson.,"[""Rishi Sunak"", ""Boris Johnson""]",True
conv_0207_politics_uk,Politics,UK,Politics_UK,10,"Okay, now tell me about Keir Starmer.","Okay, now tell me about Keir Starmer.","[""Keir Starmer""]",False
conv_0208_politics_uk,Politics,UK,Politics_UK,3,That was quite a challenge; what about his leadership style?,That was quite a challenge; what about Boris Johnson's leadership style?,"[""Boris Johnson""]",True
conv_0208_politics_uk,Politics,UK,Politics_UK,4,"Yeah, I recall he had some issues with Scotland, didn't he?","Yeah, I recall Boris Johnson had some issues with Scotland, didn't he?","[""Boris Johnson"", ""Scotland""]",True
conv_0208_politics_uk,Politics,UK,Politics_UK,5,"Compare him with his predecessor, Theresa May.","Compare Boris Johnson with his predecessor, Theresa May.","[""Boris Johnson"", ""Theresa May""]",True
conv_0208_politics_uk,Politics,UK,Politics_UK,6,"Back, so what were we saying about Boris Johnson?","Back, so what were we saying about Boris Johnson.","[""Boris Johnson""]",True
conv_0208_politics_uk,Politics,UK,Politics_UK,7,"Right, and what about his successor, Liz Truss?","Right, and what about Liz Truss, the successor of Boris Johnson?","[""Liz Truss"", ""Boris Johnson""]",True
conv_0208_politics_uk,Politics,UK,Politics_UK,8,That was brief; how does Rishi Sunak compare to Boris Johnson?,That was brief; how does Rishi Sunak compare to Boris Johnson?,"[""Rishi Sunak"", ""Boris Johnson""]",False
conv_0208_politics_uk,Politics,UK,Politics_UK,9,"Okay, now tell me about the Conservative Party's stance on climate change.","Okay, now tell me about the Conservative Party's stance on climate change.","[""Conservative Party""]",False
conv_0208_politics_uk,Politics,UK,Politics_UK,10,"The Conservative Party, under leaders like Boris Johnson and Rishi Sunak, has made various commitments to address climate change, including targets for net-zero emissions, though they've faced criticism for not moving quickly enough.","The Conservative Party, under leaders like Boris Johnson and Rishi Sunak, has made various commitments to address climate change, including targets for net-zero emissions, though they've faced criticism for not moving quickly enough.","[""Conservative Party"", ""Boris Johnson"", ""Rishi Sunak""]",False
conv_0209_politics_usa,Politics,USA,Politics_USA,1,who is the current president of the united states?,who is the current president of the United States?,"[""United States""]",False
conv_0209_politics_usa,Politics,USA,Politics_USA,2,what are his main priorities as president?,what are Joe Biden's main priorities as President of the United States?,"[""Joe Biden"", ""United States""]",True
conv_0209_politics_usa,Politics,USA,Politics_USA,3,"that's interesting, what's his stance on climate change?","that's interesting, what's Joe Biden's stance on climate change?","[""Joe Biden""]",True
conv_0209_politics_usa,Politics,USA,Politics_USA,4,"give me a minute, i'm getting a call","give me a minute, i'm getting a call",[],False
conv_0209_politics_usa,Politics,USA,Politics_USA,5,"back, so what were we saying about joe biden and climate change?","back, so what were we saying about Joe Biden and climate change?","[""Joe Biden""]",False
conv_0209_politics_usa,Politics,USA,Politics_USA,6,"right, and how does he plan to achieve that?","right, and how does Joe Biden plan to achieve reducing carbon emissions and investing in renewable energy?","[""Joe Biden""]",True
conv_0209_politics_usa,Politics,USA,Politics_USA,7,"okay, what about his relationship with congress?","okay, what about Joe Biden's relationship with Congress?","[""Joe Biden"", ""Congress""]",True
conv_0209_politics_usa,Politics,USA,Politics_USA,8,"that's tough, how does he handle bipartisan negotiations?","that's tough, how does Joe Biden handle bipartisan negotiations?","[""Joe Biden""]",True
conv_0209_politics_usa,Politics,USA,Politics_USA,9,okay now tell me about healthcare in the usa,okay now tell me about healthcare in the United States,"[""United States""]",True
conv_0209_politics_usa,Politics,USA,Politics_USA,10,"yeah, joe biden has been trying to reform it, right?","yeah, Joe Biden has been trying to reform healthcare in the United States, right?","[""Joe Biden"", ""United States""]",True
conv_0210_politics_usa,Politics,USA,Politics_USA,3,He was quite famous for his...,He was quite famous for his controversial statements and Twitter presence,"[""Donald Trump""]",True
conv_0210_politics_usa,Politics,USA,Politics_USA,4,Did he have any notable predecessors?,Did Donald Trump have any notable predecessors?,"[""Donald Trump""]",True
conv_0210_politics_usa,Politics,USA,Politics_USA,5,Compare both of them.,Compare Donald Trump and Barack Obama.,"[""Donald Trump"", ""Barack Obama""]",True
conv_0210_politics_usa,Politics,USA,Politics_USA,6,That makes sense... What about his vice president?,That makes sense. What about Donald Trump's vice president?,"[""Donald Trump""]",True
conv_0210_politics_usa,Politics,USA,Politics_USA,9,"Right, and what did Pence do after leaving office?","Right, and what did Mike Pence do after leaving office?","[""Mike Pence""]",True
conv_0210_politics_usa,Politics,USA,Politics_USA,10,"Now, tell me about the current president.","Now, tell me about the current President of the United States.","[""United States""]",True
conv_0211_politics_usa,Politics,USA,Politics_USA,3,That's impressive... what about his economic policies?,That's impressive... what about the economic policies of Barack Obama?,"[""Barack Obama""]",True
conv_0211_politics_usa,Politics,USA,Politics_USA,5,"Back, so what were we saying? Ah yes, his successor.","Back, so what were we saying? Ah yes, the successor of Barack Obama.","[""Barack Obama""]",True
conv_0211_politics_usa,Politics,USA,Politics_USA,6,Compare Obama's and Trump's policies on healthcare.,Compare the policies of Barack Obama and Donald Trump on healthcare.,"[""Barack Obama"", ""Donald Trump""]",True
conv_0211_politics_usa,Politics,USA,Politics_USA,7,What about their views on climate change?,What about the views of Barack Obama and Donald Trump on climate change?,"[""Barack Obama"", ""Donald Trump""]",True
conv_0211_politics_usa,Politics,USA,Politics_USA,8,Did Obama face any major challenges during his presidency?,Did Barack Obama face any major challenges during his presidency?,"[""Barack Obama""]",True
conv_0211_politics_usa,Politics,USA,Politics_USA,9,That's tough... how did he handle racial issues?,That's tough... how did Barack Obama handle racial issues?,"[""Barack Obama""]",True
conv_0211_politics_usa,Politics,USA,Politics_USA,10,"Okay, now tell me about Joe Biden's presidency.","Okay, now tell me about Joe Biden's presidency.","[""Joe Biden""]",False
conv_0215_sports_football,Sports,Football,Sports_Football,4,"yeah, I've seen some of their games; what's Messi's current team?","yeah, I've seen some of their games; what's Lionel Messi's current team?","[""Lionel Messi""]",True
conv_0215_sports_football,Sports,Football,Sports_Football,7,that's amazing; has he won any international trophies?,that's amazing; has Lionel Messi won any international trophies?,"[""Lionel Messi""]",True
conv_0215_sports_football,Sports,Football,Sports_Football,8,"wow, that's huge; what about his records, are they still being broken?","wow, that's huge; what about Lionel Messi's records, are they still being broken?","[""Lionel Messi""]",True
conv_0215_sports_football,Sports,Football,Sports_Football,9,"okay, now tell me about another football star, Kylian Mbappé","okay, now tell me about another football star, Kylian Mbappé","[""Kylian Mbapp\u00e9""]",False
conv_0215_sports_football,Sports,Football,Sports_Football,10,compare both of them; Mbappé and Messi,compare Kylian Mbappé and Lionel Messi,"[""Kylian Mbapp\u00e9"", ""Lionel Messi""]",True
conv_0217_sports_tennis,Sports,Tennis,Sports_Tennis,1,Who is the current number one tennis player in the world?,Who is the current number one tennis player in the world?,[],False
conv_0217_sports_tennis,Sports,Tennis,Sports_Tennis,2,"He's been dominating for so long, what's his secret?","Novak Djokovic has been dominating for so long, what's his secret?","[""Novak Djokovic""]",True
conv_0217_sports_tennis,Sports,Tennis,Sports_Tennis,3,That makes sense. How many grand slams has he won?,That makes sense. How many Grand Slams has Novak Djokovic won?,"[""Novak Djokovic""]",True
conv_0217_sports_tennis,Sports,Tennis,Sports_Tennis,4,That's impressive. What about Rafael Nadal? How does he compare?,That's impressive. What about Rafael Nadal? How does Rafael Nadal compare to Novak Djokovic?,"[""Rafael Nadal"", ""Novak Djokovic""]",True
conv_0217_sports_tennis,Sports,Tennis,Sports_Tennis,6,"Back, so what were we saying? Oh yeah, Nadal and Djokovic. Who's had the better career?","I'm back, so what were we saying? Oh yeah, Rafael Nadal and Novak Djokovic. Who's had the better career?","[""Rafael Nadal"", ""Novak Djokovic""]",True
conv_0217_sports_tennis,Sports,Tennis,Sports_Tennis,7,That's crazy. What's his stance on tennis politics?,That's crazy. What's Novak Djokovic's stance on tennis politics?,"[""Novak Djokovic""]",True
conv_0217_sports_tennis,Sports,Tennis,Sports_Tennis,8,"That's interesting. What about the other top players, like Carlos Alcaraz?","That's interesting. What about the other top players, like Carlos Alcaraz?","[""Carlos Alcaraz""]",False
conv_0217_sports_tennis,Sports,Tennis,Sports_Tennis,9,"Yeah, I heard he's been doing well. Okay, now tell me about golf.","Yeah, I heard Carlos Alcaraz has been doing well. Okay, now tell me about golf.","[""Carlos Alcaraz""]",True
conv_0217_sports_tennis,Sports,Tennis,Sports_Tennis,10,"Hold on, let me check something real quick...","Hold on, let me check something real quick...",[],False
conv_0218_sports_tennis,Sports,Tennis,Sports_Tennis,2,what's his playing style like?,what's Rafael Nadal's playing style like?,"[""Rafael Nadal""]",True
conv_0218_sports_tennis,Sports,Tennis,Sports_Tennis,3,that forehand of his is almost unfair,that forehand of Rafael Nadal's is almost unfair,"[""Rafael Nadal""]",True
conv_0218_sports_tennis,Sports,Tennis,Sports_Tennis,5,"yeah, and what about djokovic?","yeah, and what about Novak Djokovic?","[""Novak Djokovic""]",True
conv_0218_sports_tennis,Sports,Tennis,Sports_Tennis,6,"wait, give me a minute to grab a snack","wait, give me a minute to grab a snack",[],False
conv_0218_sports_tennis,Sports,Tennis,Sports_Tennis,8,"right, and how many grand slams has nadal won?","right, and how many Grand Slams has Rafael Nadal won?","[""Rafael Nadal""]",True
conv_0218_sports_tennis,Sports,Tennis,Sports_Tennis,9,that's incredible; what's his training regimen like?,that's incredible; what's Rafael Nadal's training regimen like?,"[""Rafael Nadal""]",True
conv_0218_sports_tennis,Sports,Tennis,Sports_Tennis,10,does he have any rivalries?,does Rafael Nadal have any rivalries?,"[""Rafael Nadal""]",True
conv_0220_technology_ai,Technology,AI,Technology_AI,2,"They're doing some amazing stuff, what are their goals?","OpenAI is doing some amazing stuff, what are their goals?","[""OpenAI""]",True
conv_0220_technology_ai,Technology,AI,Technology_AI,3,"That's impressive, what's ChatGPT capable of?","That is impressive, what is ChatGPT capable of?","[""ChatGPT""]",True
conv_0220_technology_ai,Technology,AI,Technology_AI,6,"right, and how does it compare to other AI models?","right, and how does ChatGPT compare to other AI models?","[""ChatGPT""]",True
conv_0220_technology_ai,Technology,AI,Technology_AI,7,What about OpenAI's GPT-4?,What about OpenAI's GPT-4 model?,"[""OpenAI"", ""GPT-4""]",True
conv_0220_technology_ai,Technology,AI,Technology_AI,8,"That's really interesting, are they working on anything new?","That is really interesting, is OpenAI working on anything new?","[""OpenAI""]",True
conv_0220_technology_ai,Technology,AI,Technology_AI,9,"I'd love to learn more about their approach to AI safety, does OpenAI prioritize that?","I would love to learn more about OpenAI's approach to AI safety, does OpenAI prioritize that?","[""OpenAI""]",True
conv_0220_technology_ai,Technology,AI,Technology_AI,10,"Okay, now tell me about AI in healthcare.","Okay, now tell me about AI in healthcare.",[],False
conv_0000_politics_india,Politics,India,Politics_India,2,what are his major achievements?,what are Narendra Modi's major achievements as Prime Minister of India?,"[""Narendra Modi"", ""India""]",True
conv_0000_politics_india,Politics,India,Politics_India,3,"his economic policies are quite controversial, aren't they?",are Narendra Modi's economic policies controversial?,"[""Narendra Modi""]",True
conv_0000_politics_india,Politics,India,Politics_India,4,what about his foreign policy?,what are Narendra Modi's foreign policy achievements?,"[""Narendra Modi""]",True
conv_0000_politics_india,Politics,India,Politics_India,5,"brb, got a call","brb, got a call",[],False
conv_0000_politics_india,Politics,India,Politics_India,6,back — what about his education background?,what is Narendra Modi's education background?,"[""Narendra Modi""]",True
conv_0000_politics_india,Politics,India,Politics_India,7,did he have a political career before becoming PM?,did Narendra Modi have a political career before becoming Prime Minister of India?,"[""Narendra Modi"", ""India""]",True
conv_0000_politics_india,Politics,India,Politics_India,8,"there were some riots during his tenure, weren't there?",were there riots during Narendra Modi's tenure as Chief Minister of Gujarat?,"[""Narendra Modi"", ""Gujarat""]",True
conv_0000_politics_india,Politics,India,Politics_India,9,how did he respond to criticism then?,how did Narendra Modi respond to criticism during the Gujarat riots?,"[""Narendra Modi""]",True
conv_0000_politics_india,Politics,India,Politics_India,10,"his approval ratings are quite high, aren't they?",are Narendra Modi's approval ratings high?,"[""Narendra Modi""]",True
conv_0001_politics_india,Politics,India,Politics_India,2,what is his role in inc?,what is Rahul Gandhi's role in the Indian National Congress?,"[""Rahul Gandhi"", ""Indian National Congress""]",True
conv_0001_politics_india,Politics,India,Politics_India,3,and his background?,and what is Rahul Gandhi's background?,"[""Rahul Gandhi""]",True
conv_0001_politics_india,Politics,India,Politics_India,4,what are his views on economy?,what are Rahul Gandhi's views on the economy?,"[""Rahul Gandhi""]",True
conv_0001_politics_india,Politics,India,Politics_India,6,back - what about his 2019 campaign?,back - what about Rahul Gandhi's 2019 campaign?,"[""Rahul Gandhi""]",True
conv_0001_politics_india,Politics,India,Politics_India,7,did he win?,did Rahul Gandhi win the 2019 election?,"[""Rahul Gandhi""]",True
conv_0001_politics_india,Politics,India,Politics_India,8,compare him to modi,compare Rahul Gandhi to Narendra Modi,"[""Rahul Gandhi"", ""Narendra Modi""]",True
conv_0001_politics_india,Politics,India,Politics_India,9,does he have a family?,does Rahul Gandhi have a family?,"[""Rahul Gandhi""]",True
conv_0001_politics_india,Politics,India,Politics_India,10,what about his constituency?,what about Rahul Gandhi's constituency?,"[""Rahul Gandhi""]",True
conv_0003_politics_uk,Politics,UK,Politics_UK,2,What are his key responsibilities?,What are Rishi Sunak's key responsibilities as Prime Minister of the UK?,"[""Rishi Sunak"", ""UK""]",True
conv_0003_politics_uk,Politics,UK,Politics_UK,4,what about his party?,what is Rishi Sunak's party affiliation?,"[""Rishi Sunak""]",True
conv_0003_politics_uk,Politics,UK,Politics_UK,6,"back, sorry about that — what about his cabinet?","back, sorry about that — what are the members of Rishi Sunak's cabinet?","[""Rishi Sunak""]",True
conv_0003_politics_uk,Politics,UK,Politics_UK,7,who is his deputy?,who is Rishi Sunak's deputy as Prime Minister of the UK?,"[""Rishi Sunak"", ""UK""]",True
conv_0003_politics_uk,Politics,UK,Politics_UK,8,compare Sunak and his predecessor Liz Truss,compare Rishi Sunak and his predecessor Liz Truss as Prime Ministers of the UK,"[""Rishi Sunak"", ""Liz Truss"", ""UK""]",True
conv_0003_politics_uk,Politics,UK,Politics_UK,9,what were Truss' key policies?,what were Liz Truss' key policies as Prime Minister of the UK?,"[""Liz Truss"", ""UK""]",True
conv_0003_politics_uk,Politics,UK,Politics_UK,10,"I see, got some numbers on that?","I see, do you have some numbers on that?",[],True
conv_0004_politics_uk,Politics,UK,Politics_UK,1,Who is the former Prime Minister of the UK?,Who is the former Prime Minister of the UK?,"[""UK""]",False
conv_0004_politics_uk,Politics,UK,Politics_UK,2,What was his role before becoming PM?,What was Boris Johnson's role before becoming Prime Minister of the UK?,"[""Boris Johnson"", ""UK""]",True
conv_0004_politics_uk,Politics,UK,Politics_UK,3,and his education?,and what was his education?,[],True
conv_0004_politics_uk,Politics,UK,Politics_UK,4,what about his early career?,what was Boris Johnson's early career?,"[""Boris Johnson""]",True
conv_0004_politics_uk,Politics,UK,Politics_UK,6,back - what were his major policies as PM?,back - what were Boris Johnson's major policies as Prime Minister of the UK?,"[""Boris Johnson"", ""UK""]",True
conv_0004_politics_uk,Politics,UK,Politics_UK,7,how did Brexit impact the UK?,how did Brexit impact the United Kingdom?,"[""United Kingdom""]",True
conv_0004_politics_uk,Politics,UK,Politics_UK,8,what about his successor?,what about Boris Johnson's successor as Prime Minister of the UK?,"[""Boris Johnson"", ""UK""]",True
conv_0004_politics_uk,Politics,UK,Politics_UK,9,compare Boris Johnson and Liz Truss,compare Boris Johnson and Liz Truss as Prime Ministers of the UK,"[""Boris Johnson"", ""Liz Truss"", ""UK""]",True
conv_0004_politics_uk,Politics,UK,Politics_UK,10,did he have any scandals?,did Boris Johnson have any scandals?,"[""Boris Johnson""]",True
conv_0005_politics_usa,Politics,USA,Politics_USA,2,What are his main responsibilities as President?,What are Joe Biden's main responsibilities as President of the United States?,"[""Joe Biden"", ""United States""]",True
conv_0005_politics_usa,Politics,USA,Politics_USA,3,How did he become President?,How did Joe Biden become President of the United States?,"[""Joe Biden"", ""United States""]",True
conv_0005_politics_usa,Politics,USA,Politics_USA,4,What about his vice president?,What about Joe Biden's vice president?,"[""Joe Biden""]",True
conv_0005_politics_usa,Politics,USA,Politics_USA,5,"wait, need to check something, brb","wait, need to check something, brb",[],False
conv_0005_politics_usa,Politics,USA,Politics_USA,6,back — what's his stance on climate change?,back — what is Joe Biden's stance on climate change?,"[""Joe Biden""]",True
conv_0005_politics_usa,Politics,USA,Politics_USA,7,that's a big change from his predecessor,that is a big change from Joe Biden's predecessor,"[""Joe Biden""]",True
conv_0005_politics_usa,Politics,USA,Politics_USA,8,How does he handle economic policy?,How does Joe Biden handle economic policy as President of the United States?,"[""Joe Biden"", ""United States""]",True
conv_0005_politics_usa,Politics,USA,Politics_USA,9,what about healthcare?,what about Joe Biden's healthcare policy?,"[""Joe Biden""]",True
conv_0005_politics_usa,Politics,USA,Politics_USA,10,"His approval ratings have been mixed, right?","Joe Biden's approval ratings have been mixed, right?","[""Joe Biden""]",True
conv_0006_politics_usa,Politics,USA,Politics_USA,2,What was his presidential term like?,What was Donald Trump's presidential term like?,"[""Donald Trump""]",True
conv_0006_politics_usa,Politics,USA,Politics_USA,3,what about his cabinet?,what about Donald Trump's cabinet?,"[""Donald Trump""]",True
conv_0006_politics_usa,Politics,USA,Politics_USA,4,"wait, brb","wait, brb",[],False
conv_0006_politics_usa,Politics,USA,Politics_USA,5,back — what did he do on economy?,back — what did Donald Trump do on economy?,"[""Donald Trump""]",True
conv_0006_politics_usa,Politics,USA,Politics_USA,6,his trade policies?,what were Donald Trump's trade policies?,"[""Donald Trump""]",True
conv_0006_politics_usa,Politics,USA,Politics_USA,7,compare to Obama,compare Donald Trump's policies to Barack Obama's,"[""Donald Trump"", ""Barack Obama""]",True
conv_0006_politics_usa,Politics,USA,Politics_USA,9,did he succeed in any major legislation?,did Donald Trump succeed in any major legislation?,"[""Donald Trump""]",True
conv_0006_politics_usa,Politics,USA,Politics_USA,10,who was his running mate?,who was Donald Trump's running mate?,"[""Donald Trump""]",True
conv_0007_politics_usa,Politics,USA,Politics_USA,1,Who was the 44th President of the United States?,Who was the 44th President of the United States?,"[""United States""]",False
conv_0007_politics_usa,Politics,USA,Politics_USA,2,What were his major accomplishments?,What were Barack Obama's major accomplishments as President of the United States?,"[""Barack Obama"", ""United States""]",True
conv_0007_politics_usa,Politics,USA,Politics_USA,3,and his role in healthcare reform?,and what was Barack Obama's role in healthcare reform in the United States?,"[""Barack Obama"", ""United States""]",True
conv_0007_politics_usa,Politics,USA,Politics_USA,5,was he a good leader?,was Barack Obama a good leader as President of the United States?,"[""Barack Obama"", ""United States""]",True
conv_0007_politics_usa,Politics,USA,Politics_USA,6,"brb, wait a minute","brb, wait a minute",[],False
conv_0007_politics_usa,Politics,USA,Politics_USA,7,back - what about his foreign policy?,back - what about Barack Obama's foreign policy as President of the United States?,"[""Barack Obama"", ""United States""]",True
conv_0007_politics_usa,Politics,USA,Politics_USA,8,who was his secretary of state?,who was Barack Obama's secretary of state?,"[""Barack Obama""]",True
conv_0007_politics_usa,Politics,USA,Politics_USA,9,compare him to his successor,compare Barack Obama to his successor as President of the United States,"[""Barack Obama"", ""United States""]",True
conv_0007_politics_usa,Politics,USA,Politics_USA,10,did he have any major failures?,did Barack Obama have any major failures as President of the United States?,"[""Barack Obama"", ""United States""]",True
conv_0008_sports_cricket,Sports,Cricket,Sports_Cricket,1,who's the current indian cricket captain?,who is the current Indian cricket captain?,"[""India""]",True
conv_0008_sports_cricket,Sports,Cricket,Sports_Cricket,2,what's his batting style?,what is Virat Kohli's batting style?,"[""Virat Kohli""]",True
conv_0008_sports_cricket,Sports,Cricket,Sports_Cricket,3,and his achievements?,what are Virat Kohli's achievements?,"[""Virat Kohli""]",True
conv_0008_sports_cricket,Sports,Cricket,Sports_Cricket,4,what about his fielding skills?,what are Virat Kohli's fielding skills like?,"[""Virat Kohli""]",True
conv_0008_sports_cricket,Sports,Cricket,Sports_Cricket,5,"brb, checking some stats","brb, checking some stats",[],False
conv_0008_sports_cricket,Sports,Cricket,Sports_Cricket,6,back - how does he perform under pressure?,how does Virat Kohli perform under pressure?,"[""Virat Kohli""]",True
conv_0008_sports_cricket,Sports,Cricket,Sports_Cricket,7,who are his predecessors as captain?,who were Virat Kohli's predecessors as captain of the Indian cricket team?,"[""Virat Kohli"", ""India""]",True
conv_0008_sports_cricket,Sports,Cricket,Sports_Cricket,8,compare Virat and Rohit as batsmen,compare Virat Kohli and Rohit Sharma as batsmen,"[""Virat Kohli"", ""Rohit Sharma""]",True
conv_0008_sports_cricket,Sports,Cricket,Sports_Cricket,9,does he have any records?,does Virat Kohli have any records?,"[""Virat Kohli""]",True
conv_0008_sports_cricket,Sports,Cricket,Sports_Cricket,10,what's his role in IPL?,what is Virat Kohli's role in the Indian Premier League?,"[""Virat Kohli"", ""Indian Premier League""]",True
conv_0009_sports_cricket,Sports,Cricket,Sports_Cricket,2,what position did he play?,what position did Mahendra Singh Dhoni play?,"[""Mahendra Singh Dhoni""]",True
conv_0009_sports_cricket,Sports,Cricket,Sports_Cricket,3,and his role in the team?,and what was Mahendra Singh Dhoni's role in the team?,"[""Mahendra Singh Dhoni""]",True
conv_0009_sports_cricket,Sports,Cricket,Sports_Cricket,4,"wait, what about his batting style?",what about Mahendra Singh Dhoni's batting style?,"[""Mahendra Singh Dhoni""]",True
conv_0009_sports_cricket,Sports,Cricket,Sports_Cricket,5,brb,brb,[],False
conv_0009_sports_cricket,Sports,Cricket,Sports_Cricket,6,back — what are his achievements?,what are Mahendra Singh Dhoni's achievements?,"[""Mahendra Singh Dhoni""]",True
conv_0009_sports_cricket,Sports,Cricket,Sports_Cricket,7,that’s impressive; what about his captaincy?,what about Mahendra Singh Dhoni's captaincy?,"[""Mahendra Singh Dhoni""]",True
conv_0009_sports_cricket,Sports,Cricket,Sports_Cricket,8,compare him to other captains,compare Mahendra Singh Dhoni to other captains,"[""Mahendra Singh Dhoni""]",True
conv_0009_sports_cricket,Sports,Cricket,Sports_Cricket,9,who mentored him?,who mentored Mahendra Singh Dhoni?,"[""Mahendra Singh Dhoni""]",True
conv_0009_sports_cricket,Sports,Cricket,Sports_Cricket,10,what about his IPL team?,what about Mahendra Singh Dhoni's IPL team?,"[""Mahendra Singh Dhoni""]",True
conv_0010_sports_cricket,Sports,Cricket,Sports_Cricket,1,Who is Rohit Sharma?,Who is Rohit Sharma?,"[""Rohit Sharma""]",False
conv_0010_sports_cricket,Sports,Cricket,Sports_Cricket,2,What is his role in the team?,What is Rohit Sharma's role in the Indian cricket team?,"[""Rohit Sharma"", ""Indian cricket team""]",True
conv_0010_sports_cricket,Sports,Cricket,Sports_Cricket,3,What about his batting style?,What about Rohit Sharma's batting style?,"[""Rohit Sharma""]",True
conv_0010_sports_cricket,Sports,Cricket,Sports_Cricket,6,who does he play for in the IPL?,who does Rohit Sharma play for in the Indian Premier League?,"[""Rohit Sharma"", ""Indian Premier League""]",True
conv_0010_sports_cricket,Sports,Cricket,Sports_Cricket,7,what about his captaincy?,what about Rohit Sharma's captaincy?,"[""Rohit Sharma""]",True
conv_0010_sports_cricket,Sports,Cricket,Sports_Cricket,8,compare him with Kohli,compare Rohit Sharma with Virat Kohli,"[""Rohit Sharma"", ""Virat Kohli""]",True
conv_0010_sports_cricket,Sports,Cricket,Sports_Cricket,9,got a record?,does Rohit Sharma have a record?,"[""Rohit Sharma""]",True
conv_0010_sports_cricket,Sports,Cricket,Sports_Cricket,10,Is he a good finisher?,Is Rohit Sharma a good finisher?,"[""Rohit Sharma""]",True
conv_0011_sports_football,Sports,Football,Sports_Football,1,Who is Lionel Messi?,Who is Lionel Messi?,"[""Lionel Messi""]",False
conv_0011_sports_football,Sports,Football,Sports_Football,2,What position does he play?,What position does Lionel Messi play?,"[""Lionel Messi""]",True
conv_0011_sports_football,Sports,Football,Sports_Football,3,Which team does he play for?,Which team does Lionel Messi play for?,"[""Lionel Messi""]",True
conv_0011_sports_football,Sports,Football,Sports_Football,4,What about his previous team?,What about Lionel Messi's previous team?,"[""Lionel Messi""]",True
conv_0011_sports_football,Sports,Football,Sports_Football,6,back - what are his achievements?,back - what are Lionel Messi's achievements?,"[""Lionel Messi""]",True
conv_0011_sports_football,Sports,Football,Sports_Football,7,that’s impressive; how many goals has he scored?,that’s impressive; how many goals has Lionel Messi scored?,"[""Lionel Messi""]",True
conv_0011_sports_football,Sports,Football,Sports_Football,8,what about his international career?,what about Lionel Messi's international career?,"[""Lionel Messi""]",True
conv_0011_sports_football,Sports,Football,Sports_Football,9,compare him to Cristiano Ronaldo,compare Lionel Messi to Cristiano Ronaldo,"[""Lionel Messi"", ""Cristiano Ronaldo""]",True
conv_0011_sports_football,Sports,Football,Sports_Football,10,who do you think is better?,"who do you think is better, Lionel Messi or Cristiano Ronaldo?","[""Lionel Messi"", ""Cristiano Ronaldo""]",True
conv_0012_sports_football,Sports,Football,Sports_Football,1,Who is Cristiano Ronaldo?,Who is Cristiano Ronaldo?,"[""Cristiano Ronaldo""]",False
conv_0012_sports_football,Sports,Football,Sports_Football,3,Which teams has he played for?,Which teams has Cristiano Ronaldo played for?,"[""Cristiano Ronaldo""]",True
conv_0012_sports_football,Sports,Football,Sports_Football,4,What about his achievements?,What about Cristiano Ronaldo's achievements?,"[""Cristiano Ronaldo""]",True
conv_0012_sports_football,Sports,Football,Sports_Football,6,back — what about his current team?,back — what about Cristiano Ronaldo's current team?,"[""Cristiano Ronaldo""]",True
conv_0012_sports_football,Sports,Football,Sports_Football,7,how many goals has he scored?,how many goals has Cristiano Ronaldo scored?,"[""Cristiano Ronaldo""]",True
conv_0012_sports_football,Sports,Football,Sports_Football,8,who is his biggest rival?,who is Cristiano Ronaldo's biggest rival?,"[""Cristiano Ronaldo""]",True
conv_0012_sports_football,Sports,Football,Sports_Football,9,compare their goals,compare Cristiano Ronaldo's goals with his biggest rival,"[""Cristiano Ronaldo""]",True
conv_0012_sports_football,Sports,Football,Sports_Football,10,which trophy has he not won?,which trophy has Cristiano Ronaldo not won?,"[""Cristiano Ronaldo""]",True
conv_0013_sports_tennis,Sports,Tennis,Sports_Tennis,1,Who is Novak Djokovic?,Who is Novak Djokovic?,"[""Novak Djokovic""]",False
conv_0013_sports_tennis,Sports,Tennis,Sports_Tennis,2,what is his ranking?,what is Novak Djokovic's ranking?,"[""Novak Djokovic""]",True
conv_0013_sports_tennis,Sports,Tennis,Sports_Tennis,3,how many grand slams has he won?,how many Grand Slam titles has Novak Djokovic won?,"[""Novak Djokovic"", ""Grand Slam""]",True
conv_0013_sports_tennis,Sports,Tennis,Sports_Tennis,5,back - what about his coach?,back - what about Novak Djokovic's coach?,"[""Novak Djokovic""]",True
conv_0013_sports_tennis,Sports,Tennis,Sports_Tennis,6,what's his playing style?,what's Novak Djokovic's playing style?,"[""Novak Djokovic""]",True
conv_0013_sports_tennis,Sports,Tennis,Sports_Tennis,7,and his strengths?,and what are Novak Djokovic's strengths?,"[""Novak Djokovic""]",True
conv_0013_sports_tennis,Sports,Tennis,Sports_Tennis,8,what about weaknesses?,what about Novak Djokovic's weaknesses?,"[""Novak Djokovic""]",True
conv_0013_sports_tennis,Sports,Tennis,Sports_Tennis,10,who's had more success on clay?,who's had more success on clay between Novak Djokovic and Roger Federer?,"[""Novak Djokovic"", ""Roger Federer""]",True
conv_0014_sports_tennis,Sports,Tennis,Sports_Tennis,1,Who is Rafael Nadal?,Who is Rafael Nadal?,"[""Rafael Nadal""]",False
conv_0014_sports_tennis,Sports,Tennis,Sports_Tennis,2,What is his specialty?,What is Rafael Nadal's specialty?,"[""Rafael Nadal""]",True
conv_0014_sports_tennis,Sports,Tennis,Sports_Tennis,5,back — what's his ATP ranking?,I am back — what is Rafael Nadal's ATP ranking?,"[""Rafael Nadal"", ""ATP""]",True
conv_0014_sports_tennis,Sports,Tennis,Sports_Tennis,6,that impressive!,that is impressive!,[],True
conv_0014_sports_tennis,Sports,Tennis,Sports_Tennis,8,their playing styles different?,are Rafael Nadal and Roger Federer's playing styles different?,"[""Rafael Nadal"", ""Roger Federer""]",True
conv_0014_sports_tennis,Sports,Tennis,Sports_Tennis,9,who's older?,"who is older, Rafael Nadal or Roger Federer?","[""Rafael Nadal"", ""Roger Federer""]",True
conv_0014_sports_tennis,Sports,Tennis,Sports_Tennis,10,what about nadal's injuries?,what about Rafael Nadal's injuries?,"[""Rafael Nadal""]",True
conv_0015_sports_olympics,Sports,Olympics,Sports_Olympics,2,What medal did he win in Tokyo Olympics?,What medal did Neeraj Chopra win in Tokyo Olympics?,"[""Neeraj Chopra"", ""Tokyo Olympics""]",True
conv_0015_sports_olympics,Sports,Olympics,Sports_Olympics,5,back — what about his training regimen?,what about Neeraj Chopra's training regimen?,"[""Neeraj Chopra""]",True
conv_0015_sports_olympics,Sports,Olympics,Sports_Olympics,6,who is his coach?,who is Neeraj Chopra's coach?,"[""Neeraj Chopra""]",True
conv_0015_sports_olympics,Sports,Olympics,Sports_Olympics,7,what about his early life?,what about Neeraj Chopra's early life?,"[""Neeraj Chopra""]",True
conv_0015_sports_olympics,Sports,Olympics,Sports_Olympics,8,did he participate in other Olympics?,did Neeraj Chopra participate in other Olympics?,"[""Neeraj Chopra"", ""Olympics""]",True
conv_0015_sports_olympics,Sports,Olympics,Sports_Olympics,9,how did he perform there?,how did Neeraj Chopra perform in Rio Olympics?,"[""Neeraj Chopra"", ""Rio Olympics""]",True
conv_0015_sports_olympics,Sports,Olympics,Sports_Olympics,10,what about his personal best?,what about Neeraj Chopra's personal best?,"[""Neeraj Chopra""]",True
conv_0016_technology_ai,Technology,AI,Technology_AI,1,what does openai do?,what does OpenAI do?,"[""OpenAI""]",False
conv_0016_technology_ai,Technology,AI,Technology_AI,2,their goal is general intelligence?,is OpenAI's goal general intelligence?,"[""OpenAI""]",True
conv_0016_technology_ai,Technology,AI,Technology_AI,3,what about chatgpt?,what about ChatGPT?,"[""ChatGPT""]",False
conv_0016_technology_ai,Technology,AI,Technology_AI,4,is it widely used?,is ChatGPT widely used?,"[""ChatGPT""]",True
conv_0016_technology_ai,Technology,AI,Technology_AI,5,what about its applications?,what are ChatGPT's applications?,"[""ChatGPT""]",True
conv_0016_technology_ai,Technology,AI,Technology_AI,6,"wait, i need to check something, brb","wait, I need to check something, be right back",[],True
conv_0016_technology_ai,Technology,AI,Technology_AI,7,back — how does openai ensure safety?,"now back, how does OpenAI ensure safety?","[""OpenAI""]",True
conv_0016_technology_ai,Technology,AI,Technology_AI,8,do they collaborate with others?,does OpenAI collaborate with others?,"[""OpenAI""]",True
conv_0016_technology_ai,Technology,AI,Technology_AI,9,what about competitors?,what about OpenAI's competitors?,"[""OpenAI""]",True
conv_0016_technology_ai,Technology,AI,Technology_AI,10,how does openai make money?,how does OpenAI make money?,"[""OpenAI""]",False
conv_0017_technology_ai,Technology,AI,Technology_AI,2,what are his contributions?,what are Geoffrey Hinton's contributions to computer science?,"[""Geoffrey Hinton""]",True
conv_0017_technology_ai,Technology,AI,Technology_AI,3,and his current work?,and what is Geoffrey Hinton's current work?,"[""Geoffrey Hinton""]",True
conv_0017_technology_ai,Technology,AI,Technology_AI,4,what about his earlier work?,what about Geoffrey Hinton's earlier work?,"[""Geoffrey Hinton""]",True
conv_0017_technology_ai,Technology,AI,Technology_AI,6,back — what about his recent awards?,back — what about Geoffrey Hinton's recent awards?,"[""Geoffrey Hinton""]",True
conv_0017_technology_ai,Technology,AI,Technology_AI,7,that's impressive; what does he research now?,that's impressive; what does Geoffrey Hinton research now?,"[""Geoffrey Hinton""]",True
conv_0017_technology_ai,Technology,AI,Technology_AI,8,some say he's critical of AI; why?,some say Geoffrey Hinton is critical of AI; why?,"[""Geoffrey Hinton"", ""AI""]",True
conv_0017_technology_ai,Technology,AI,Technology_AI,9,does he support AI regulation?,does Geoffrey Hinton support AI regulation?,"[""Geoffrey Hinton"", ""AI""]",True
conv_0017_technology_ai,Technology,AI,Technology_AI,10,compare to other AI leaders,compare Geoffrey Hinton to other AI leaders,"[""Geoffrey Hinton"", ""AI""]",True
conv_0018_technology_ai,Technology,AI,Technology_AI,1,what does google deepmind do?,what does Google DeepMind do?,"[""Google DeepMind""]",False
conv_0018_technology_ai,Technology,AI,Technology_AI,2,their goal is what?,what is Google DeepMind's goal?,"[""Google DeepMind""]",True
conv_0018_technology_ai,Technology,AI,Technology_AI,3,what about AlphaGo?,what about AlphaGo developed by Google DeepMind?,"[""AlphaGo"", ""Google DeepMind""]",True
conv_0018_technology_ai,Technology,AI,Technology_AI,5,back — what about recent developments?,I'm back — what about recent developments in Google DeepMind?,"[""Google DeepMind""]",True
conv_0018_technology_ai,Technology,AI,Technology_AI,6,their AI is in healthcare too?,is Google DeepMind's AI in healthcare too?,"[""Google DeepMind""]",True
conv_0018_technology_ai,Technology,AI,Technology_AI,7,what about AlphaFold?,what about AlphaFold developed by Google DeepMind?,"[""AlphaFold"", ""Google DeepMind""]",True
conv_0018_technology_ai,Technology,AI,Technology_AI,8,compare to other AI labs,compare Google DeepMind to other AI labs,"[""Google DeepMind""]",True
conv_0018_technology_ai,Technology,AI,Technology_AI,9,does google own deepmind?,does Google own Google DeepMind?,"[""Google"", ""Google DeepMind""]",True
conv_0018_technology_ai,Technology,AI,Technology_AI,10,I read they have partnerships too,I read that Google DeepMind has partnerships too,"[""Google DeepMind""]",True
conv_0019_technology_space,Technology,Space,Technology_Space,1,what does ISRO do?,what does the Indian Space Research Organisation do?,"[""ISRO"", ""Indian Space Research Organisation""]",True
conv_0019_technology_space,Technology,Space,Technology_Space,2,their recent achievements?,what are ISRO's recent achievements?,"[""ISRO""]",True
conv_0019_technology_space,Technology,Space,Technology_Space,3,what about their satellites?,what about ISRO's satellites?,"[""ISRO""]",True
conv_0019_technology_space,Technology,Space,Technology_Space,4,what is the role of ISRO in Gaganyaan?,what is the role of ISRO in the Gaganyaan project?,"[""ISRO"", ""Gaganyaan""]",True
conv_0019_technology_space,Technology,Space,Technology_Space,6,back — what about ISRO's international collaborations?,I'm back — what about ISRO's international collaborations?,"[""ISRO""]",True
conv_0019_technology_space,Technology,Space,Technology_Space,7,how does ISRO fund its projects?,how does ISRO fund its projects and initiatives?,"[""ISRO""]",True
conv_0019_technology_space,Technology,Space,Technology_Space,8,who leads ISRO?,who leads the Indian Space Research Organisation?,"[""ISRO"", ""Indian Space Research Organisation""]",True
conv_0019_technology_space,Technology,Space,Technology_Space,9,compare ISRO and NASA,compare the Indian Space Research Organisation and NASA,"[""ISRO"", ""NASA""]",True
conv_0019_technology_space,Technology,Space,Technology_Space,10,what are ISRO's future plans?,what are the Indian Space Research Organisation's future plans and goals?,"[""ISRO"", ""Indian Space Research Organisation""]",True
conv_0020_technology_space,Technology,Space,Technology_Space,1,Who is the CEO of SpaceX?,Who is the CEO of SpaceX?,"[""SpaceX""]",False
conv_0020_technology_space,Technology,Space,Technology_Space,2,What is his role in SpaceX?,What is Elon Musk's role in SpaceX?,"[""Elon Musk"", ""SpaceX""]",True
conv_0020_technology_space,Technology,Space,Technology_Space,3,what about their recent achievements?,what about SpaceX's recent achievements?,"[""SpaceX""]",True
conv_0020_technology_space,Technology,Space,Technology_Space,4,that sounds impressive,that sounds impressive,[],False
conv_0020_technology_space,Technology,Space,Technology_Space,6,back — what about their previous projects?,back — what about SpaceX's previous projects?,"[""SpaceX""]",True
conv_0020_technology_space,Technology,Space,Technology_Space,7,how does Falcon 9 work?,how does Falcon 9 work?,"[""Falcon 9""]",False
conv_0020_technology_space,Technology,Space,Technology_Space,8,and what about their satellite constellation?,and what about SpaceX's satellite constellation?,"[""SpaceX""]",True
conv_0020_technology_space,Technology,Space,Technology_Space,9,who competes with them?,who competes with SpaceX?,"[""SpaceX""]",True
conv_0020_technology_space,Technology,Space,Technology_Space,10,compare SpaceX to Blue Origin,compare SpaceX to Blue Origin,"[""SpaceX"", ""Blue Origin""]",False
conv_0021_technology_gadgets,Technology,Gadgets,Technology_Gadgets,2,what are its new features?,what are the new features of the iPhone 14 series?,"[""iPhone 14 series""]",True
conv_0021_technology_gadgets,Technology,Gadgets,Technology_Gadgets,3,and what about the price?,and what about the price of the iPhone 14?,"[""iPhone 14""]",True
conv_0021_technology_gadgets,Technology,Gadgets,Technology_Gadgets,4,is it worth the upgrade?,is the iPhone 14 worth the upgrade?,"[""iPhone 14""]",True
conv_0021_technology_gadgets,Technology,Gadgets,Technology_Gadgets,5,"brb, checking other options","brb, checking other options",[],False
conv_0021_technology_gadgets,Technology,Gadgets,Technology_Gadgets,6,back - what about the iPhone 13?,back - what about the iPhone 13?,"[""iPhone 13""]",False
conv_0021_technology_gadgets,Technology,Gadgets,Technology_Gadgets,7,how does the 13 compare to the 14?,how does the iPhone 13 compare to the iPhone 14?,"[""iPhone 13"", ""iPhone 14""]",True
conv_0021_technology_gadgets,Technology,Gadgets,Technology_Gadgets,8,what's the best storage option for the 14?,what's the best storage option for the iPhone 14?,"[""iPhone 14""]",True
conv_0021_technology_gadgets,Technology,Gadgets,Technology_Gadgets,9,does the iPhone 14 have a headphone jack?,does the iPhone 14 have a headphone jack?,"[""iPhone 14""]",False
conv_0021_technology_gadgets,Technology,Gadgets,Technology_Gadgets,10,"got it, what about wireless charging?","got it, what about wireless charging for the iPhone 14?","[""iPhone 14""]",True
conv_0022_entertainment_bollywood,Entertainment,Bollywood,Entertainment_Bollywood,2,how many films has he done?,how many films has Shah Rukh Khan done?,"[""Shah Rukh Khan""]",True
conv_0022_entertainment_bollywood,Entertainment,Bollywood,Entertainment_Bollywood,3,what are his most famous movies?,what are Shah Rukh Khan's most famous movies?,"[""Shah Rukh Khan""]",True
conv_0022_entertainment_bollywood,Entertainment,Bollywood,Entertainment_Bollywood,5,back — what about his awards?,back — what about Shah Rukh Khan's awards?,"[""Shah Rukh Khan""]",True
conv_0022_entertainment_bollywood,Entertainment,Bollywood,Entertainment_Bollywood,6,and his family?,and what about Shah Rukh Khan's family?,"[""Shah Rukh Khan""]",True
conv_0022_entertainment_bollywood,Entertainment,Bollywood,Entertainment_Bollywood,7,his production company?,what is Shah Rukh Khan's production company?,"[""Shah Rukh Khan""]",True
conv_0022_entertainment_bollywood,Entertainment,Bollywood,Entertainment_Bollywood,8,what about his wife's role?,what about Gauri Khan's role?,"[""Gauri Khan""]",True
conv_0022_entertainment_bollywood,Entertainment,Bollywood,Entertainment_Bollywood,9,compare him to others like him,compare Shah Rukh Khan to other Bollywood actors like him,"[""Shah Rukh Khan""]",True
conv_0022_entertainment_bollywood,Entertainment,Bollywood,Entertainment_Bollywood,10,does he have a restaurant?,does Shah Rukh Khan have a restaurant?,"[""Shah Rukh Khan""]",True
conv_0023_entertainment_bollywood,Entertainment,Bollywood,Entertainment_Bollywood,2,What are his famous movies?,What are Aamir Khan's famous movies?,"[""Aamir Khan""]",True
conv_0023_entertainment_bollywood,Entertainment,Bollywood,Entertainment_Bollywood,3,and his recent films?,What are Aamir Khan's recent films?,"[""Aamir Khan""]",True
conv_0023_entertainment_bollywood,Entertainment,Bollywood,Entertainment_Bollywood,6,who introduced him to films?,Who introduced Aamir Khan to films?,"[""Aamir Khan""]",True
conv_0023_entertainment_bollywood,Entertainment,Bollywood,Entertainment_Bollywood,7,compare him to Shah Rukh Khan,Compare Aamir Khan to Shah Rukh Khan,"[""Aamir Khan"", ""Shah Rukh Khan""]",True
conv_0023_entertainment_bollywood,Entertainment,Bollywood,Entertainment_Bollywood,8,got it. his production company?,Got it. What is Aamir Khan's production company?,"[""Aamir Khan""]",True
conv_0023_entertainment_bollywood,Entertainment,Bollywood,Entertainment_Bollywood,9,any upcoming projects?,Does Aamir Khan have any upcoming projects?,"[""Aamir Khan""]",True
conv_0023_entertainment_bollywood,Entertainment,Bollywood,Entertainment_Bollywood,10,does he write scripts?,Does Aamir Khan write scripts?,"[""Aamir Khan""]",True
conv_0024_entertainment_hollywood,Entertainment,Hollywood,Entertainment_Hollywood,2,What's his most famous film?,What is Christopher Nolan's most famous film?,"[""Christopher Nolan""]",True
conv_0024_entertainment_hollywood,Entertainment,Hollywood,Entertainment_Hollywood,3,"and what about ""The Dark Knight""?",and what about The Dark Knight?,[],True
conv_0024_entertainment_hollywood,Entertainment,Hollywood,Entertainment_Hollywood,4,what was his early work like?,what was Christopher Nolan's early work like?,"[""Christopher Nolan""]",True
conv_0024_entertainment_hollywood,Entertainment,Hollywood,Entertainment_Hollywood,6,back - what about his recent films?,back - what about Christopher Nolan's recent films?,"[""Christopher Nolan""]",True
conv_0024_entertainment_hollywood,Entertainment,Hollywood,Entertainment_Hollywood,7,"compare ""Inception"" and ""Tenet""",compare Inception and Tenet,"[""Inception"", ""Tenet""]",True
conv_0024_entertainment_hollywood,Entertainment,Hollywood,Entertainment_Hollywood,8,who are his frequent collaborators?,who are Christopher Nolan's frequent collaborators?,"[""Christopher Nolan""]",True
conv_0024_entertainment_hollywood,Entertainment,Hollywood,Entertainment_Hollywood,9,what's his approach to filmmaking?,what is Christopher Nolan's approach to filmmaking?,"[""Christopher Nolan""]",True
conv_0024_entertainment_hollywood,Entertainment,Hollywood,Entertainment_Hollywood,10,does he write his own scripts?,does Christopher Nolan write his own scripts?,"[""Christopher Nolan""]",True
conv_0025_entertainment_hollywood,Entertainment,Hollywood,Entertainment_Hollywood,1,what's marvel studios' latest movie?,what is Marvel Studios' latest movie?,"[""Marvel Studios""]",True
conv_0025_entertainment_hollywood,Entertainment,Hollywood,Entertainment_Hollywood,2,how did it perform at the box office?,how did Avengers: Endgame perform at the box office?,"[""Avengers: Endgame""]",True
conv_0025_entertainment_hollywood,Entertainment,Hollywood,Entertainment_Hollywood,3,that's impressive; what about the previous avengers film?,that's impressive; what about the previous Avengers film?,"[""Avengers""]",False
conv_0025_entertainment_hollywood,Entertainment,Hollywood,Entertainment_Hollywood,5,back — who directed avengers: endgame?,I am back — who directed Avengers: Endgame?,"[""Avengers: Endgame""]",True
conv_0025_entertainment_hollywood,Entertainment,Hollywood,Entertainment_Hollywood,6,what about the previous directors?,what about the previous directors of Avengers?,"[""Avengers""]",True
conv_0025_entertainment_hollywood,Entertainment,Hollywood,Entertainment_Hollywood,7,are the russo brothers doing another marvel film?,are the Russo brothers doing another Marvel film?,"[""Russo brothers"", ""Marvel""]",False
conv_0025_entertainment_hollywood,Entertainment,Hollywood,Entertainment_Hollywood,8,what's the next marvel movie?,what is the next Marvel movie?,"[""Marvel""]",True
conv_0025_entertainment_hollywood,Entertainment,Hollywood,Entertainment_Hollywood,9,compare endgame and infinity war,compare Avengers: Endgame and Avengers: Infinity War,"[""Avengers: Endgame"", ""Avengers: Infinity War""]",True
conv_0025_entertainment_hollywood,Entertainment,Hollywood,Entertainment_Hollywood,10,what role did captain america play in endgame?,what role did Captain America play in Avengers: Endgame?,"[""Captain America"", ""Avengers: Endgame""]",True
conv_0026_health_nutrition,Health,Nutrition,Health_Nutrition,1,what is intermittent fasting?,what is intermittent fasting?,[],False
conv_0026_health_nutrition,Health,Nutrition,Health_Nutrition,3,what are its benefits?,what are the benefits of intermittent fasting?,[],True
conv_0026_health_nutrition,Health,Nutrition,Health_Nutrition,4,is it safe for everyone?,is intermittent fasting safe for everyone?,[],True
conv_0026_health_nutrition,Health,Nutrition,Health_Nutrition,5,what about pregnant women?,what about intermittent fasting for pregnant women?,[],True
conv_0026_health_nutrition,Health,Nutrition,Health_Nutrition,6,"wait, got a call, brb","wait, got a call, be right back",[],True
conv_0026_health_nutrition,Health,Nutrition,Health_Nutrition,7,back — what about its effects on metabolism?,back — what about the effects of intermittent fasting on metabolism?,[],True
conv_0026_health_nutrition,Health,Nutrition,Health_Nutrition,8,does it help with weight loss?,does intermittent fasting help with weight loss?,[],True
conv_0026_health_nutrition,Health,Nutrition,Health_Nutrition,9,how does it compare to traditional dieting?,how does intermittent fasting compare to traditional dieting?,[],True
conv_0026_health_nutrition,Health,Nutrition,Health_Nutrition,10,are there any side effects?,are there any side effects of intermittent fasting?,[],True
conv_0027_health_mental_health,Health,Mental Health,Health_Mental Health,1,what is anxiety?,what is anxiety?,[],False
conv_0027_health_mental_health,Health,Mental Health,Health_Mental Health,2,who experiences anxiety?,who experiences anxiety?,[],False
conv_0027_health_mental_health,Health,Mental Health,Health_Mental Health,3,what are its symptoms?,what are anxiety symptoms?,[],True
conv_0027_health_mental_health,Health,Mental Health,Health_Mental Health,4,is it treatable?,is anxiety treatable?,[],True
conv_0027_health_mental_health,Health,Mental Health,Health_Mental Health,5,what about therapy?,what about therapy for anxiety?,[],True
conv_0027_health_mental_health,Health,Mental Health,Health_Mental Health,6,can it be managed?,can anxiety be managed?,[],True
conv_0027_health_mental_health,Health,Mental Health,Health_Mental Health,8,back — what about lifestyle changes?,back — what about lifestyle changes to manage anxiety?,[],True
conv_0027_health_mental_health,Health,Mental Health,Health_Mental Health,9,how does exercise help?,how does exercise help with anxiety?,[],True
conv_0027_health_mental_health,Health,Mental Health,Health_Mental Health,10,what about social support?,what about social support for anxiety?,[],True
conv_0028_health_fitness,Health,Fitness,Health_Fitness,1,what is yoga?,what is yoga?,[],False
conv_0028_health_fitness,Health,Fitness,Health_Fitness,2,who popularized it?,who popularized yoga?,[],True
conv_0028_health_fitness,Health,Fitness,Health_Fitness,4,is it for everyone?,is yoga for everyone?,[],True
conv_0028_health_fitness,Health,Fitness,Health_Fitness,7,back — what about kids?,i'm back — what about yoga for kids?,[],True
conv_0028_health_fitness,Health,Fitness,Health_Fitness,8,are there different types?,are there different types of yoga?,[],True
conv_0028_health_fitness,Health,Fitness,Health_Fitness,9,which one is most popular?,which type of yoga is most popular?,[],True
conv_0028_health_fitness,Health,Fitness,Health_Fitness,10,compare hatha and vinyasa,compare hatha and vinyasa yoga,"[""Hatha yoga"", ""Vinyasa yoga""]",True
conv_0029_history_india,History,India,History_India,2,what was his role in india's freedom?,what was Mahatma Gandhi's role in India's freedom?,"[""India"", ""Mahatma Gandhi""]",True
conv_0029_history_india,History,India,History_India,3,his methods interesting?,were Mahatma Gandhi's methods interesting?,"[""Mahatma Gandhi""]",True
conv_0029_history_india,History,India,History_India,6,back — what was his relation with jawaharlal nehru?,back — what was Mahatma Gandhi's relation with Jawaharlal Nehru?,"[""Mahatma Gandhi"", ""Jawaharlal Nehru""]",True
conv_0029_history_india,History,India,History_India,7,and with subhas chandra bose?,and what was Mahatma Gandhi's relation with Subhas Chandra Bose?,"[""Mahatma Gandhi"", ""Subhas Chandra Bose""]",True
conv_0029_history_india,History,India,History_India,8,who were his parents?,who were Mahatma Gandhi's parents?,"[""Mahatma Gandhi""]",True
conv_0029_history_india,History,India,History_India,9,compare gandhi and bose,compare Mahatma Gandhi and Subhas Chandra Bose,"[""Mahatma Gandhi"", ""Subhas Chandra Bose""]",True
conv_0029_history_india,History,India,History_India,10,gandhi's influence outside india?,what was Mahatma Gandhi's influence outside India?,"[""Mahatma Gandhi"", ""India""]",True
conv_0030_history_world_wars,History,World Wars,History_World Wars,1,what started World War II?,what started World War II?,[],False
conv_0030_history_world_wars,History,World Wars,History_World Wars,2,who were the main countries involved?,who were the main countries involved in World War II?,"[""World War II"", ""World War I""]",True
conv_0030_history_world_wars,History,World Wars,History_World Wars,3,what about the Soviet Union's role?,what about the Soviet Union's role in World War II?,"[""Soviet Union""]",True
conv_0030_history_world_wars,History,World Wars,History_World Wars,5,back — what was the significance of D-Day?,back — what was the significance of D-Day in World War II?,"[""World War II"", ""World War I""]",True
conv_0030_history_world_wars,History,World Wars,History_World Wars,7,who led the US during WWII?,who led the United States during World War II?,"[""United States""]",True
conv_0030_history_world_wars,History,World Wars,History_World Wars,8,his successor?,who was the successor of Franklin D. Roosevelt as President of the United States?,"[""Franklin D. Roosevelt"", ""United States""]",True
conv_0030_history_world_wars,History,World Wars,History_World Wars,9,what about Europe after the war?,what about Europe after World War II?,"[""Europe""]",True
conv_0030_history_world_wars,History,World Wars,History_World Wars,10,compare fascist and nazi,compare fascist and nazi ideologies,[],True
conv_0031_geography_countries,Geography,Countries,Geography_Countries,1,what is the capital of india,what is the capital of India,"[""India""]",False
conv_0031_geography_countries,Geography,Countries,Geography_Countries,2,who is the head of state,who is the head of state of India,"[""India""]",True
conv_0031_geography_countries,Geography,Countries,Geography_Countries,3,what about his residence,what about the residence of the President of India,"[""India"", ""President of India""]",True
conv_0031_geography_countries,Geography,Countries,Geography_Countries,5,back — how many states in india,back — how many states are there in India,"[""India""]",True
conv_0031_geography_countries,Geography,Countries,Geography_Countries,6,what is the largest state,what is the largest state in India,"[""India""]",True
conv_0031_geography_countries,Geography,Countries,Geography_Countries,7,and most populated,and which is the most populated state in India,"[""India""]",True
conv_0031_geography_countries,Geography,Countries,Geography_Countries,8,compare with the national average,compare the population density of Uttar Pradesh with the national average of India,"[""Uttar Pradesh"", ""India""]",True
conv_0031_geography_countries,Geography,Countries,Geography_Countries,9,"lower than kerala, i guess",is the population density of Uttar Pradesh lower than Kerala's,"[""Uttar Pradesh"", ""Kerala""]",True
conv_0031_geography_countries,Geography,Countries,Geography_Countries,10,got it. which are neighbouring countries,got it. which are the neighbouring countries of India,"[""India""]",True
conv_0032_geography_cities,Geography,Cities,Geography_Cities,2,who lives there?,who lives in Paris?,"[""Paris""]",True
conv_0032_geography_cities,Geography,Cities,Geography_Cities,3,what about his famous landmark?,what about the famous landmark in Paris?,"[""Paris""]",True
conv_0032_geography_cities,Geography,Cities,Geography_Cities,5,back — what's Paris known for?,I'm back — what is Paris known for?,"[""Paris""]",True
conv_0032_geography_cities,Geography,Cities,Geography_Cities,6,where is it located?,where is Paris located?,"[""Paris""]",True
conv_0032_geography_cities,Geography,Cities,Geography_Cities,7,on which river?,on which river is Paris located?,"[""Paris""]",True
conv_0032_geography_cities,Geography,Cities,Geography_Cities,8,are there museums?,are there museums in Paris?,"[""Paris""]",True
conv_0032_geography_cities,Geography,Cities,Geography_Cities,9,what about art?,what about art in Paris?,"[""Paris""]",True
conv_0032_geography_cities,Geography,Cities,Geography_Cities,10,compare Paris and Rome,compare Paris and Rome,"[""Paris"", ""Rome""]",False
conv_0033_general_general,General,General,General_General,2,what's on your agenda?,what's on your agenda?,[],False
conv_0033_general_general,General,General,General_General,3,"same here, a bit overwhelmed","same here, a bit overwhelmed",[],False
conv_0033_general_general,General,General,General_General,4,"not really, you?","not really, what about you?",[],True
conv_0033_general_general,General,General,General_General,5,"oh, I've been meaning to try it! what's good there?","oh, I've been meaning to try that new café downtown! what's good there?","[""new caf\u00e9 downtown""]",True
conv_0033_general_general,General,General,General_General,6,"wait, I need to take a call, brb","wait, I need to take a call, be right back",[],True
conv_0033_general_general,General,General,General_General,7,back — what were we talking about?,I'm back — what were we talking about?,[],True
conv_0033_general_general,General,General,General_General,8,"yeah, I'll add it to my list. how's the weather?","yeah, I'll add it to my list. how's the weather today?",[],True
conv_0033_general_general,General,General,General_General,9,"ugh, I hate getting wet. do you like rain?","ugh, I hate getting wet. do you like rain?",[],False
conv_0033_general_general,General,General,General_General,10,that makes sense. what do you like to do on rainy days?,that makes sense. what do you like to do on rainy days?,[],False
conv_0038_politics_uk,Politics,UK,Politics_UK,3,and his party affiliation?,What is Boris Johnson's party affiliation?,"[""Boris Johnson"", ""UK""]",True
conv_0038_politics_uk,Politics,UK,Politics_UK,4,what about his education?,What is Boris Johnson's educational background?,"[""Boris Johnson""]",True
conv_0038_politics_uk,Politics,UK,Politics_UK,6,back — what's his current status?,I'm back — what is Boris Johnson's current status?,"[""Boris Johnson"", ""UK""]",True
conv_0038_politics_uk,Politics,UK,Politics_UK,7,who succeeded him as PM?,Who succeeded Boris Johnson as Prime Minister of the UK?,"[""Boris Johnson"", ""UK""]",True
conv_0038_politics_uk,Politics,UK,Politics_UK,8,compare their leadership styles,Compare Boris Johnson's and Liz Truss's leadership styles,"[""Boris Johnson"", ""Liz Truss"", ""UK""]",True
conv_0038_politics_uk,Politics,UK,Politics_UK,9,what were his major accomplishments as PM?,What were Boris Johnson's major accomplishments as Prime Minister of the UK?,"[""Boris Johnson"", ""UK""]",True
conv_0038_politics_uk,Politics,UK,Politics_UK,10,that's impressive; what criticisms did he face?,That's impressive; what criticisms did Boris Johnson face as Prime Minister of the UK?,"[""Boris Johnson"", ""UK""]",True
conv_0039_politics_usa,Politics,USA,Politics_USA,2,What are his main responsibilities?,What are Joe Biden's main responsibilities as President of the United States?,"[""Joe Biden"", ""United States""]",True
conv_0039_politics_usa,Politics,USA,Politics_USA,3,What about his role in foreign policy?,What is Joe Biden's role in foreign policy as President of the United States?,"[""Joe Biden"", ""United States""]",True
conv_0039_politics_usa,Politics,USA,Politics_USA,4,"wait, gotta check something, brb","wait, gotta check something, brb",[],False
conv_0039_politics_usa,Politics,USA,Politics_USA,6,"that's a good start, but what about his economic plans?",what are Joe Biden's economic plans,"[""Joe Biden""]",True
conv_0039_politics_usa,Politics,USA,Politics_USA,7,who leads his cabinet?,who leads Joe Biden's cabinet,"[""Joe Biden""]",True
conv_0039_politics_usa,Politics,USA,Politics_USA,8,what about the opposition?,what is the opposition to Joe Biden,"[""Joe Biden""]",True
conv_0039_politics_usa,Politics,USA,Politics_USA,9,compare Biden's policies to those of his predecessor,compare Joe Biden's policies to those of Donald Trump,"[""Joe Biden"", ""Donald Trump""]",True
conv_0039_politics_usa,Politics,USA,Politics_USA,10,"got a question about his health, is he still in office?",is Joe Biden still in office,"[""Joe Biden""]",True
conv_0041_politics_usa,Politics,USA,Politics_USA,1,who was the 44th president of the usa?,who was the 44th president of the United States of America?,"[""USA""]",True
conv_0041_politics_usa,Politics,USA,Politics_USA,4,what about his environmental policies?,what about Barack Obama's environmental policies as the 44th President of the United States?,"[""Barack Obama"", ""USA""]",True
conv_0041_politics_usa,Politics,USA,Politics_USA,6,back — what about his vice president?,"back — what about Joe Biden, the vice president under Barack Obama?","[""Joe Biden"", ""Barack Obama""]",True
conv_0041_politics_usa,Politics,USA,Politics_USA,7,did he have any notable foreign policy achievements?,did Barack Obama have any notable foreign policy achievements as the 44th President of the United States?,"[""Barack Obama"", ""USA""]",True
conv_0041_politics_usa,Politics,USA,Politics_USA,8,how did he handle the 2008 financial crisis?,how did Barack Obama handle the 2008 financial crisis as the 44th President of the United States?,"[""Barack Obama"", ""USA""]",True
conv_0041_politics_usa,Politics,USA,Politics_USA,9,what was his stance on lgbtq+ rights?,what was Barack Obama's stance on LGBTQ+ rights as the 44th President of the United States?,"[""Barack Obama"", ""USA""]",True
conv_0042_sports_cricket,Sports,Cricket,Sports_Cricket,1,Who is Virat Kohli?,Who is Virat Kohli?,"[""Virat Kohli""]",False
conv_0042_sports_cricket,Sports,Cricket,Sports_Cricket,3,His batting average?,What is Virat Kohli's batting average?,"[""Virat Kohli""]",True
conv_0042_sports_cricket,Sports,Cricket,Sports_Cricket,4,"wait, got a question about his career - brb","wait, got a question about Virat Kohli's career - be right back",[],True
conv_0042_sports_cricket,Sports,Cricket,Sports_Cricket,5,back - what about his captaincy?,I'm back - what about Virat Kohli's captaincy?,"[""Virat Kohli""]",True
conv_0042_sports_cricket,Sports,Cricket,Sports_Cricket,6,did he win any trophies as captain?,did Virat Kohli win any trophies as captain?,"[""Virat Kohli""]",True
conv_0042_sports_cricket,Sports,Cricket,Sports_Cricket,7,and in IPL?,and in Indian Premier League?,"[""Indian Premier League""]",True
conv_0042_sports_cricket,Sports,Cricket,Sports_Cricket,8,who is his favourite bowler?,who is Virat Kohli's favourite bowler?,"[""Virat Kohli""]",True
conv_0042_sports_cricket,Sports,Cricket,Sports_Cricket,9,what about his childhood coach?,what about Virat Kohli's childhood coach?,"[""Virat Kohli""]",True
conv_0042_sports_cricket,Sports,Cricket,Sports_Cricket,10,their training methods?,what are Virat Kohli and Rajkumar Sharma's training methods?,"[""Virat Kohli"", ""Rajkumar Sharma""]",True
conv_0044_sports_cricket,Sports,Cricket,Sports_Cricket,1,who is rohit sharma,who is Rohit Sharma,"[""Rohit Sharma""]",False
conv_0044_sports_cricket,Sports,Cricket,Sports_Cricket,2,what is his role,what is Rohit Sharma's role,"[""Rohit Sharma""]",True
conv_0044_sports_cricket,Sports,Cricket,Sports_Cricket,3,his batting style,what is Rohit Sharma's batting style,"[""Rohit Sharma""]",True
conv_0044_sports_cricket,Sports,Cricket,Sports_Cricket,5,back - what about his records,back - what about Rohit Sharma's records,"[""Rohit Sharma""]",True
conv_0044_sports_cricket,Sports,Cricket,Sports_Cricket,6,that’s amazing! who is his coach,that’s amazing! who is Rohit Sharma's coach,"[""Rohit Sharma""]",True
conv_0044_sports_cricket,Sports,Cricket,Sports_Cricket,7,compare rohit to kohli,compare Rohit Sharma to Virat Kohli,"[""Rohit Sharma"", ""Virat Kohli""]",True
conv_0044_sports_cricket,Sports,Cricket,Sports_Cricket,8,what about his ipl team,what about Rohit Sharma's IPL team,"[""Rohit Sharma""]",True
conv_0044_sports_cricket,Sports,Cricket,Sports_Cricket,9,how’s his captaincy,how’s Rohit Sharma's captaincy,"[""Rohit Sharma""]",True
conv_0044_sports_cricket,Sports,Cricket,Sports_Cricket,10,got it,got it,[],False
conv_0045_sports_football,Sports,Football,Sports_Football,3,his career stats?,what are Lionel Messi's career stats?,"[""Lionel Messi""]",True
conv_0045_sports_football,Sports,Football,Sports_Football,4,"wait, what's his current team?",what is Lionel Messi's current team?,"[""Lionel Messi""]",True
conv_0045_sports_football,Sports,Football,Sports_Football,6,back — what about his records?,what are Lionel Messi's records?,"[""Lionel Messi""]",True
conv_0045_sports_football,Sports,Football,Sports_Football,7,and his international career?,what is Lionel Messi's international career?,"[""Lionel Messi""]",True
conv_0045_sports_football,Sports,Football,Sports_Football,8,who are his main rivals?,who are Lionel Messi's main rivals?,"[""Lionel Messi""]",True
conv_0045_sports_football,Sports,Football,Sports_Football,9,what about neymar?,what about Neymar?,"[""Neymar""]",False
conv_0045_sports_football,Sports,Football,Sports_Football,10,compare messi and ronaldo,compare Lionel Messi and Cristiano Ronaldo,"[""Lionel Messi"", ""Cristiano Ronaldo""]",True
conv_0047_sports_tennis,Sports,Tennis,Sports_Tennis,2,what are his achievements?,what are Novak Djokovic's achievements?,"[""Novak Djokovic""]",True
conv_0047_sports_tennis,Sports,Tennis,Sports_Tennis,3,and his playing style?,and what is Novak Djokovic's playing style?,"[""Novak Djokovic""]",True
conv_0047_sports_tennis,Sports,Tennis,Sports_Tennis,5,back — what about his rivals?,back — what about Novak Djokovic's rivals?,"[""Novak Djokovic""]",True
conv_0047_sports_tennis,Sports,Tennis,Sports_Tennis,6,who did he beat in his last final?,who did Novak Djokovic beat in his last final?,"[""Novak Djokovic""]",True
conv_0047_sports_tennis,Sports,Tennis,Sports_Tennis,7,what about Olympics?,what about Novak Djokovic's Olympics?,"[""Novak Djokovic""]",True
conv_0047_sports_tennis,Sports,Tennis,Sports_Tennis,8,does he hold any records?,does Novak Djokovic hold any records?,"[""Novak Djokovic""]",True
conv_0047_sports_tennis,Sports,Tennis,Sports_Tennis,9,that’s impressive; compare him to Federer,that’s impressive; compare Novak Djokovic to Roger Federer,"[""Novak Djokovic"", ""Roger Federer""]",True
conv_0047_sports_tennis,Sports,Tennis,Sports_Tennis,10,does he have sponsors?,does Novak Djokovic have sponsors?,"[""Novak Djokovic""]",True
conv_0048_sports_tennis,Sports,Tennis,Sports_Tennis,3,that's impressive; what about his playing style?,that's impressive; what about Rafael Nadal's playing style?,"[""Rafael Nadal""]",True
conv_0048_sports_tennis,Sports,Tennis,Sports_Tennis,5,back — what's his favorite surface?,I'm back — what's Rafael Nadal's favorite surface?,"[""Rafael Nadal""]",True
conv_0048_sports_tennis,Sports,Tennis,Sports_Tennis,7,who has won more titles?,"who has won more titles, Rafael Nadal or Roger Federer?","[""Rafael Nadal"", ""Roger Federer""]",True
conv_0048_sports_tennis,Sports,Tennis,Sports_Tennis,8,what about their head-to-head?,what about Rafael Nadal and Roger Federer's head-to-head record?,"[""Rafael Nadal"", ""Roger Federer""]",True
conv_0048_sports_tennis,Sports,Tennis,Sports_Tennis,9,that's close; what about his recent form?,that's close; what about Rafael Nadal's recent form?,"[""Rafael Nadal""]",True
conv_0048_sports_tennis,Sports,Tennis,Sports_Tennis,10,any upcoming tournaments?,are there any upcoming tournaments for Rafael Nadal?,"[""Rafael Nadal""]",True
conv_0049_sports_olympics,Sports,Olympics,Sports_Olympics,3,"That was historic, what was his throw?",What was Neeraj Chopra's throw in Tokyo Olympics?,"[""Neeraj Chopra""]",True
conv_0049_sports_olympics,Sports,Olympics,Sports_Olympics,5,back — what about his training?,what about Neeraj Chopra's training?,"[""Neeraj Chopra""]",True
conv_0049_sports_olympics,Sports,Olympics,Sports_Olympics,6,who coaches him?,who coaches Neeraj Chopra?,"[""Neeraj Chopra""]",True
conv_0049_sports_olympics,Sports,Olympics,Sports_Olympics,7,how does he prepare for competitions?,how does Neeraj Chopra prepare for competitions?,"[""Neeraj Chopra""]",True
conv_0049_sports_olympics,Sports,Olympics,Sports_Olympics,8,what other Olympics did he participate in?,what other Olympics did Neeraj Chopra participate in?,"[""Neeraj Chopra""]",True
conv_0049_sports_olympics,Sports,Olympics,Sports_Olympics,9,did he medal there?,did Neeraj Chopra medal in Rio Olympics?,"[""Neeraj Chopra"", ""Rio Olympics""]",True
conv_0049_sports_olympics,Sports,Olympics,Sports_Olympics,10,what about his rivals?,what about Neeraj Chopra's rivals?,"[""Neeraj Chopra""]",True
conv_0050_technology_ai,Technology,AI,Technology_AI,2,who founded it?,who founded OpenAI?,"[""OpenAI""]",True
conv_0050_technology_ai,Technology,AI,Technology_AI,6,that's impressive; what about other projects?,that's impressive; what about other OpenAI projects?,"[""OpenAI""]",True
conv_0050_technology_ai,Technology,AI,Technology_AI,7,"brb, checking on something","brb, checking on something",[],False
conv_0050_technology_ai,Technology,AI,Technology_AI,8,back — what about safety concerns?,back — what about OpenAI safety concerns?,"[""OpenAI""]",True
conv_0050_technology_ai,Technology,AI,Technology_AI,9,I read about GPT-4; what's new?,I read about GPT-4; what is new about GPT-4?,"[""GPT-4""]",True
conv_0050_technology_ai,Technology,AI,Technology_AI,10,compared to competitors?,how does GPT-4 compare to competitors?,"[""GPT-4""]",True
conv_0051_technology_ai,Technology,AI,Technology_AI,3,and his current role?,and what is Geoffrey Hinton's current role?,"[""Geoffrey Hinton""]",True
conv_0051_technology_ai,Technology,AI,Technology_AI,6,back — what's his impact on AI today?,I'm back — what's Geoffrey Hinton's impact on AI today?,"[""Geoffrey Hinton"", ""AI""]",True
conv_0051_technology_ai,Technology,AI,Technology_AI,7,who follows in his footsteps?,who follows in Geoffrey Hinton's footsteps?,"[""Geoffrey Hinton""]",True
conv_0051_technology_ai,Technology,AI,Technology_AI,8,what about criticisms?,what about criticisms of Geoffrey Hinton?,"[""Geoffrey Hinton""]",True
conv_0051_technology_ai,Technology,AI,Technology_AI,9,how does he respond?,how does Geoffrey Hinton respond to criticisms?,"[""Geoffrey Hinton""]",True
conv_0051_technology_ai,Technology,AI,Technology_AI,10,compare to other AI pioneers,compare Geoffrey Hinton to other AI pioneers,"[""Geoffrey Hinton""]",True
conv_0052_technology_ai,Technology,AI,Technology_AI,3,what are their notable achievements?,what are Google DeepMind's notable achievements?,"[""Google DeepMind""]",True
conv_0052_technology_ai,Technology,AI,Technology_AI,5,"wait, how does it work?","wait, how does AlphaGo work?","[""AlphaGo""]",True
conv_0052_technology_ai,Technology,AI,Technology_AI,6,"brb, checking something","brb, checking something",[],False
conv_0052_technology_ai,Technology,AI,Technology_AI,7,back - what about recent developments?,back - what about recent developments of Google DeepMind?,"[""Google DeepMind""]",True
conv_0052_technology_ai,Technology,AI,Technology_AI,8,what is reinforcement learning?,what is reinforcement learning in the context of Google DeepMind?,"[""Google DeepMind""]",True
conv_0052_technology_ai,Technology,AI,Technology_AI,9,who leads DeepMind now?,who leads Google DeepMind now?,"[""Google DeepMind""]",True
conv_0052_technology_ai,Technology,AI,Technology_AI,10,are they working on anything new?,are Google DeepMind working on anything new?,"[""Google DeepMind""]",True
conv_0053_technology_space,Technology,Space,Technology_Space,3,what about their satellite launches?,what about ISRO's satellite launches?,"[""ISRO""]",True
conv_0053_technology_space,Technology,Space,Technology_Space,5,what are his goals?,what are S. Somanath's goals?,"[""S. Somanath""]",True
conv_0053_technology_space,Technology,Space,Technology_Space,6,that sounds costly — what's the budget?,that sounds costly — what's ISRO's budget?,"[""ISRO""]",True
conv_0053_technology_space,Technology,Space,Technology_Space,7,"wait, got a call — brb","wait, got a call — brb",[],False
conv_0053_technology_space,Technology,Space,Technology_Space,9,what about their Mars mission?,what about ISRO's Mars mission?,"[""ISRO""]",True
conv_0053_technology_space,Technology,Space,Technology_Space,10,compare ISRO to NASA,compare ISRO to NASA,"[""ISRO"", ""NASA""]",False
conv_0054_technology_space,Technology,Space,Technology_Space,2,what are their main goals?,what are SpaceX's main goals?,"[""SpaceX""]",True
conv_0054_technology_space,Technology,Space,Technology_Space,3,and their achievements?,and what are SpaceX's achievements?,"[""SpaceX""]",True
conv_0054_technology_space,Technology,Space,Technology_Space,4,what about his vision for mars?,what about Elon Musk's vision for Mars?,"[""Elon Musk"", ""Mars""]",True
conv_0054_technology_space,Technology,Space,Technology_Space,5,that's ambitious; what's their timeline?,that's ambitious; what's SpaceX's timeline?,"[""SpaceX""]",True
conv_0054_technology_space,Technology,Space,Technology_Space,6,"wait, got a call; brb","wait, got a call; be right back",[],True
conv_0054_technology_space,Technology,Space,Technology_Space,7,back — what about their recent launches?,I'm back — what about SpaceX's recent launches?,"[""SpaceX""]",True
conv_0054_technology_space,Technology,Space,Technology_Space,8,those satellites for?,what are those satellites for?,[],True
conv_0054_technology_space,Technology,Space,Technology_Space,9,who are their partners?,who are SpaceX's partners?,"[""SpaceX""]",True
conv_0054_technology_space,Technology,Space,Technology_Space,10,how does their tech compare to blue origin?,how does SpaceX's technology compare to Blue Origin's?,"[""SpaceX"", ""Blue Origin""]",True
conv_0055_technology_gadgets,Technology,Gadgets,Technology_Gadgets,2,How does it compare to the previous one?,How does the iPhone 14 series compare to the previous iPhone 13 series?,"[""iPhone 14 series"", ""iPhone 13 series""]",True
conv_0055_technology_gadgets,Technology,Gadgets,Technology_Gadgets,3,What about the iPhone 13?,What are the features of the iPhone 13?,"[""iPhone 13""]",True
conv_0055_technology_gadgets,Technology,Gadgets,Technology_Gadgets,4,"wait, need to check something","wait, I need to check something",[],True
conv_0055_technology_gadgets,Technology,Gadgets,Technology_Gadgets,5,back — what's the iPhone's storage capacity?,what is the storage capacity of the iPhone?,"[""iPhone""]",True
conv_0055_technology_gadgets,Technology,Gadgets,Technology_Gadgets,6,His battery life improvement?,What is the battery life improvement of the iPhone?,"[""iPhone""]",True
conv_0055_technology_gadgets,Technology,Gadgets,Technology_Gadgets,7,Are there any color changes?,Are there any color changes in the iPhone 14?,"[""iPhone 14""]",True
conv_0055_technology_gadgets,Technology,Gadgets,Technology_Gadgets,8,Does it support 5G?,Does the iPhone 14 support 5G?,"[""iPhone 14"", ""5G""]",True
conv_0055_technology_gadgets,Technology,Gadgets,Technology_Gadgets,9,How much does it cost?,How much does the iPhone 14 cost?,"[""iPhone 14""]",True
conv_0055_technology_gadgets,Technology,Gadgets,Technology_Gadgets,10,Their most expensive iPhone ever?,Is the iPhone 14 Pro Max their most expensive iPhone ever?,"[""iPhone 14 Pro Max""]",True
conv_0056_entertainment_bollywood,Entertainment,Bollywood,Entertainment_Bollywood,1,who's the king of bollywood?,who is the king of Bollywood?,"[""Bollywood""]",True
conv_0056_entertainment_bollywood,Entertainment,Bollywood,Entertainment_Bollywood,7,his son Aryan's career?,what about Shah Rukh Khan's son Aryan's career?,"[""Shah Rukh Khan"", ""Aryan""]",True
conv_0056_entertainment_bollywood,Entertainment,Bollywood,Entertainment_Bollywood,8,does suhana follow him?,does Suhana Khan follow in Shah Rukh Khan's footsteps?,"[""Suhana Khan"", ""Shah Rukh Khan""]",True
conv_0056_entertainment_bollywood,Entertainment,Bollywood,Entertainment_Bollywood,9,compare him to amitabh bachchan,compare Shah Rukh Khan to Amitabh Bachchan,"[""Shah Rukh Khan"", ""Amitabh Bachchan""]",True
conv_0056_entertainment_bollywood,Entertainment,Bollywood,Entertainment_Bollywood,10,are they friends?,are Shah Rukh Khan and Amitabh Bachchan friends?,"[""Shah Rukh Khan"", ""Amitabh Bachchan""]",True
conv_0057_entertainment_bollywood,Entertainment,Bollywood,Entertainment_Bollywood,2,What's his first film?,What was Aamir Khan's first film?,"[""Aamir Khan""]",True
conv_0057_entertainment_bollywood,Entertainment,Bollywood,Entertainment_Bollywood,3,and as a lead?,What was Aamir Khan's first lead film role?,"[""Aamir Khan""]",True
conv_0057_entertainment_bollywood,Entertainment,Bollywood,Entertainment_Bollywood,4,what about his recent films?,What are some of Aamir Khan's recent films?,"[""Aamir Khan""]",True
conv_0057_entertainment_bollywood,Entertainment,Bollywood,Entertainment_Bollywood,6,back! what about his awards?,What awards has Aamir Khan won?,"[""Aamir Khan""]",True
conv_0057_entertainment_bollywood,Entertainment,Bollywood,Entertainment_Bollywood,7,who are his co-stars?,Who are some of Aamir Khan's co-stars?,"[""Aamir Khan""]",True
conv_0057_entertainment_bollywood,Entertainment,Bollywood,Entertainment_Bollywood,8,what about his production company?,What is Aamir Khan's production company?,"[""Aamir Khan""]",True
conv_0057_entertainment_bollywood,Entertainment,Bollywood,Entertainment_Bollywood,9,how does he choose scripts?,How does Aamir Khan choose his film scripts?,"[""Aamir Khan""]",True
conv_0058_entertainment_hollywood,Entertainment,Hollywood,Entertainment_Hollywood,3,and what about his recent work?,and what about Christopher Nolan's recent work?,"[""Christopher Nolan""]",True
conv_0058_entertainment_hollywood,Entertainment,Hollywood,Entertainment_Hollywood,5,back — what about his early days?,back — what about Christopher Nolan's early days?,"[""Christopher Nolan""]",True
conv_0058_entertainment_hollywood,Entertainment,Hollywood,Entertainment_Hollywood,6,who was his lead actor?,who was Christopher Nolan's lead actor?,"[""Christopher Nolan""]",True
conv_0058_entertainment_hollywood,Entertainment,Hollywood,Entertainment_Hollywood,7,what about Christian Bale?,what about Christian Bale's collaboration with Christopher Nolan?,"[""Christian Bale"", ""Christopher Nolan""]",True
conv_0058_entertainment_hollywood,Entertainment,Hollywood,Entertainment_Hollywood,8,their bond — does that help Bale get roles?,does Christopher Nolan's bond with Christian Bale help Bale get roles?,"[""Christopher Nolan"", ""Christian Bale""]",True
conv_0058_entertainment_hollywood,Entertainment,Hollywood,Entertainment_Hollywood,9,compare Bale and Leonardo DiCaprio,compare Christian Bale and Leonardo DiCaprio's collaborations with Christopher Nolan,"[""Christian Bale"", ""Leonardo DiCaprio"", ""Christopher Nolan""]",True
conv_0058_entertainment_hollywood,Entertainment,Hollywood,Entertainment_Hollywood,10,Dunkirk — was it a hit?,was Dunkirk a hit?,"[""Dunkirk""]",True
conv_0059_entertainment_hollywood,Entertainment,Hollywood,Entertainment_Hollywood,1,who's the founder of marvel studios?,who is the founder of Marvel Studios?,"[""Marvel Studios""]",True
conv_0059_entertainment_hollywood,Entertainment,Hollywood,Entertainment_Hollywood,2,what's his role now?,what is Avi Arad's role now as founder of Marvel Studios?,"[""Avi Arad"", ""Marvel Studios""]",True
conv_0059_entertainment_hollywood,Entertainment,Hollywood,Entertainment_Hollywood,3,and who helps him?,and who helps Avi Arad now as CEO of Marvel Studios?,"[""Avi Arad"", ""Marvel Studios""]",True
conv_0059_entertainment_hollywood,Entertainment,Hollywood,Entertainment_Hollywood,4,what about the movies?,what about the movies produced by Marvel Studios?,"[""Marvel Studios""]",True
conv_0059_entertainment_hollywood,Entertainment,Hollywood,Entertainment_Hollywood,6,back — what's the mcu's first movie?,I'm back — what is the Marvel Cinematic Universe's (MCU) first movie?,"[""Marvel Cinematic Universe""]",True
conv_0059_entertainment_hollywood,Entertainment,Hollywood,Entertainment_Hollywood,7,who starred in it?,who starred in Iron Man?,"[""Iron Man""]",True
conv_0059_entertainment_hollywood,Entertainment,Hollywood,Entertainment_Hollywood,8,what's the latest marvel movie?,what is the latest Marvel movie?,"[""Marvel""]",True
conv_0059_entertainment_hollywood,Entertainment,Hollywood,Entertainment_Hollywood,9,what about tv shows?,what about Marvel Studios TV shows?,"[""Marvel Studios""]",True
conv_0059_entertainment_hollywood,Entertainment,Hollywood,Entertainment_Hollywood,10,are they successful?,are Marvel Studios TV shows successful?,"[""Marvel Studios""]",True
conv_0060_health_nutrition,Health,Nutrition,Health_Nutrition,1,what's intermittent fasting?,what is intermittent fasting?,[],True
conv_0060_health_nutrition,Health,Nutrition,Health_Nutrition,6,"brb, getting a snack","brb, getting a snack",[],False
conv_0060_health_nutrition,Health,Nutrition,Health_Nutrition,7,back - what are the different types of intermittent fasting?,what are the different types of intermittent fasting?,[],True
conv_0060_health_nutrition,Health,Nutrition,Health_Nutrition,9,how long does it take to see results?,how long does it take to see results from intermittent fasting?,[],True
conv_0060_health_nutrition,Health,Nutrition,Health_Nutrition,10,does it help with muscle gain?,does intermittent fasting help with muscle gain?,[],True
conv_0061_health_mental_health,Health,Mental Health,Health_Mental Health,3,what are the symptoms?,what are the symptoms of anxiety?,[],True
conv_0061_health_mental_health,Health,Mental Health,Health_Mental Health,6,can it be cured?,can anxiety be cured?,[],True
conv_0061_health_mental_health,Health,Mental Health,Health_Mental Health,7,"brb, got to take a call","brb, got to take a call",[],False
conv_0061_health_mental_health,Health,Mental Health,Health_Mental Health,8,back - what about lifestyle changes?,back - what about lifestyle changes for anxiety?,[],True
conv_0061_health_mental_health,Health,Mental Health,Health_Mental Health,9,does stress trigger it?,does stress trigger anxiety?,[],True
conv_0061_health_mental_health,Health,Mental Health,Health_Mental Health,10,what about relaxation techniques?,what about relaxation techniques for anxiety?,[],True
conv_0062_health_fitness,Health,Fitness,Health_Fitness,1,what's the benefit of yoga for fitness?,what's the benefit of yoga for fitness?,[],False
conv_0062_health_fitness,Health,Fitness,Health_Fitness,2,how does it improve flexibility?,how does yoga improve flexibility?,[],True
conv_0062_health_fitness,Health,Fitness,Health_Fitness,3,and what about stress relief?,and what about yoga stress relief?,[],True
conv_0062_health_fitness,Health,Fitness,Health_Fitness,4,"brb, getting a glass of water","brb, getting a glass of water",[],False
conv_0062_health_fitness,Health,Fitness,Health_Fitness,5,back - what about the different types of yoga?,back - what about the different types of yoga?,[],False
conv_0062_health_fitness,Health,Fitness,Health_Fitness,6,what's the difference between Hatha and Vinyasa?,what's the difference between Hatha and Vinyasa yoga?,"[""Hatha"", ""Vinyasa""]",True
conv_0062_health_fitness,Health,Fitness,Health_Fitness,7,"I've heard of Ashtanga, is it hard?","I've heard of Ashtanga yoga, is it hard?","[""Ashtanga""]",True
conv_0062_health_fitness,Health,Fitness,Health_Fitness,8,what about yoga for weight loss?,what about yoga for weight loss?,[],False
conv_0062_health_fitness,Health,Fitness,Health_Fitness,9,does it help with core strength?,does yoga help with core strength?,[],True
conv_0062_health_fitness,Health,Fitness,Health_Fitness,10,can anyone do yoga?,can anyone do yoga?,[],False
conv_0063_history_india,History,India,History_India,3,his methods were unique?,were Mahatma Gandhi's methods unique?,"[""Mahatma Gandhi""]",True
conv_0063_history_india,History,India,History_India,5,"wait, gotta check something","wait, I gotta check something",[],True
conv_0063_history_india,History,India,History_India,6,back — what was his relation with other leaders?,what was Mahatma Gandhi's relation with other leaders?,"[""Mahatma Gandhi""]",True
conv_0063_history_india,History,India,History_India,7,and with british leaders?,and what was Mahatma Gandhi's relation with British leaders?,"[""Mahatma Gandhi""]",True
conv_0063_history_india,History,India,History_India,8,what was the significance of his salt march?,what was the significance of Mahatma Gandhi's Salt March?,"[""Mahatma Gandhi""]",True
conv_0063_history_india,History,India,History_India,9,were there any attempts on his life?,were there any attempts on Mahatma Gandhi's life?,"[""Mahatma Gandhi""]",True
conv_0063_history_india,History,India,History_India,10,who killed him?,who killed Mahatma Gandhi?,"[""Mahatma Gandhi""]",True
conv_0064_history_world_wars,History,World Wars,History_World Wars,1,what was world war 2 about,what was World War 2 about,"[""World War II""]",False
conv_0064_history_world_wars,History,World Wars,History_World Wars,2,who were the main leaders?,who were the main leaders of World War II,"[""World War II"", ""World War I""]",True
conv_0064_history_world_wars,History,World Wars,History_World Wars,3,what was hitler's role,what was Adolf Hitler's role in World War II,"[""Adolf Hitler""]",True
conv_0064_history_world_wars,History,World Wars,History_World Wars,4,what about the us involvement,what about the United States' involvement in World War II,"[""United States""]",True
conv_0064_history_world_wars,History,World Wars,History_World Wars,6,back — what about the war in the pacific,what about the war in the Pacific during World War II,"[""Pacific War""]",True
conv_0064_history_world_wars,History,World Wars,History_World Wars,7,who was the japanese leader,who was the Japanese leader during World War II,"[""World War II"", ""World War I""]",True
conv_0064_history_world_wars,History,World Wars,History_World Wars,8,what was d-day,what was D-Day in World War II,"[""D-Day""]",True
conv_0064_history_world_wars,History,World Wars,History_World Wars,9,how long did it last,how long did World War II last,"[""World War II""]",True
conv_0064_history_world_wars,History,World Wars,History_World Wars,10,what were the main causes,what were the main causes of World War II,"[""World War II""]",True
conv_0065_geography_countries,Geography,Countries,Geography_Countries,1,what is the capital of india?,what is the capital of India?,"[""India""]",False
conv_0065_geography_countries,Geography,Countries,Geography_Countries,2,who is the head of state?,who is the head of state of India?,"[""India""]",True
conv_0065_geography_countries,Geography,Countries,Geography_Countries,3,what about his residence?,what is the residence of the President of India?,"[""India"", ""President of India""]",True
conv_0065_geography_countries,Geography,Countries,Geography_Countries,5,back - what's india's largest city?,what is India's largest city?,"[""India""]",True
conv_0065_geography_countries,Geography,Countries,Geography_Countries,6,how big is india?,how big is India in terms of area?,"[""India""]",True
conv_0065_geography_countries,Geography,Countries,Geography_Countries,7,compare to usa,compare the size of India to the USA,"[""India"", ""USA""]",True
conv_0065_geography_countries,Geography,Countries,Geography_Countries,8,what is india's coastline like?,what is the length and features of India's coastline?,"[""India""]",True
conv_0065_geography_countries,Geography,Countries,Geography_Countries,9,are there mountains in india?,are there mountains in India?,"[""India""]",False
conv_0065_geography_countries,Geography,Countries,Geography_Countries,10,"wait, what about rivers?",what are the major rivers in India?,"[""India""]",True
conv_0066_geography_cities,Geography,Cities,Geography_Cities,2,how big is it?,how big is Paris?,"[""Paris""]",True
conv_0066_geography_cities,Geography,Cities,Geography_Cities,3,what about the metropolitan area?,what about the Paris metropolitan area?,"[""Paris""]",True
conv_0066_geography_cities,Geography,Cities,Geography_Cities,7,and when was it finished?,and when was the Eiffel Tower finished?,"[""Eiffel Tower""]",True
conv_0066_geography_cities,Geography,Cities,Geography_Cities,8,that's in time for which event?,that was in time for which event?,[],True
conv_0066_geography_cities,Geography,Cities,Geography_Cities,9,is paris called the city of love?,is Paris called the City of Love?,"[""Paris""]",False
conv_0066_geography_cities,Geography,Cities,Geography_Cities,10,why is that?,why is Paris called the City of Love?,"[""Paris""]",True
conv_0067_general_general,General,General,General_General,1,how's your day been so far?,how's your day been so far?,[],False
conv_0067_general_general,General,General,General_General,2,"same here, just got coffee","same here, just got coffee",[],False
conv_0067_general_general,General,General,General_General,3,did you do anything fun over the weekend?,did you do anything fun over the weekend?,[],False
conv_0067_general_general,General,General,General_General,4,"that sounds nice, what about your family?","that sounds nice, what about your family?",[],False
conv_0067_general_general,General,General,General_General,5,"wait, gotta take this","wait, gotta take this",[],False
conv_0067_general_general,General,General,General_General,6,"sorry about that, where were we?","sorry about that, where were we?",[],False
conv_0067_general_general,General,General,General_General,7,"right, so what do you like to do for fun?","right, so what do you like to do for fun?",[],False
conv_0067_general_general,General,General,General_General,8,"hiking sounds great, have you traveled much?","hiking sounds great, have you traveled much?",[],False
conv_0067_general_general,General,General,General_General,9,"that's cool, I've been to some nearby cities","that's cool, I've been to some nearby cities",[],False
conv_0067_general_general,General,General,General_General,10,do you have any pets?,do you have any pets?,[],False
conv_0069_politics_india,Politics,India,Politics_India,2,what's his role in politics?,what is Rahul Gandhi's role in politics?,"[""Rahul Gandhi""]",True
conv_0069_politics_india,Politics,India,Politics_India,3,and his family background?,and what is Rahul Gandhi's family background?,"[""Rahul Gandhi""]",True
conv_0069_politics_india,Politics,India,Politics_India,5,back — what about his education?,I am back — what about Rahul Gandhi's education?,"[""Rahul Gandhi""]",True
conv_0069_politics_india,Politics,India,Politics_India,6,did he hold any other offices?,did Rahul Gandhi hold any other offices?,"[""Rahul Gandhi""]",True
conv_0069_politics_india,Politics,India,Politics_India,8,"brb, getting a call","I am back right now, I am getting a call",[],True
conv_0069_politics_india,Politics,India,Politics_India,9,back — compare him with modi,I am back — compare Rahul Gandhi with Narendra Modi,"[""Rahul Gandhi"", ""Narendra Modi""]",True
conv_0069_politics_india,Politics,India,Politics_India,10,"got it, another thing — his constituency?","I got it, another thing — what is Rahul Gandhi's constituency?","[""Rahul Gandhi""]",True
conv_0071_politics_uk,Politics,UK,Politics_UK,5,back - what about his predecessors?,back - what about Rishi Sunak's predecessors as Prime Minister of the UK?,"[""Rishi Sunak"", ""UK""]",True
conv_0071_politics_uk,Politics,UK,Politics_UK,6,That's recent. What are his main challenges?,That's recent. What are Rishi Sunak's main challenges as Prime Minister of the UK?,"[""Rishi Sunak"", ""UK""]",True
conv_0071_politics_uk,Politics,UK,Politics_UK,8,What about his stance on Brexit?,What is Rishi Sunak's stance on Brexit?,"[""Rishi Sunak"", ""Brexit""]",True
conv_0071_politics_uk,Politics,UK,Politics_UK,9,That's clear. Is he popular?,That's clear. Is Rishi Sunak popular as Prime Minister of the UK?,"[""Rishi Sunak"", ""UK""]",True
conv_0071_politics_uk,Politics,UK,Politics_UK,10,User: ,User: ,[],False
conv_0072_politics_uk,Politics,UK,Politics_UK,3,and what about his education?,and what about Boris Johnson's education?,"[""Boris Johnson""]",True
conv_0072_politics_uk,Politics,UK,Politics_UK,5,back — what about his early career?,I'm back — what about Boris Johnson's early career?,"[""Boris Johnson""]",True
conv_0072_politics_uk,Politics,UK,Politics_UK,6,who was his predecessor as PM?,who was Boris Johnson's predecessor as Prime Minister of the UK?,"[""Boris Johnson"", ""UK""]",True
conv_0072_politics_uk,Politics,UK,Politics_UK,7,did she lead Brexit talks?,did Theresa May lead Brexit talks?,"[""Theresa May""]",True
conv_0072_politics_uk,Politics,UK,Politics_UK,8,what did Boris Johnson do during Brexit?,what did Boris Johnson do during Brexit?,"[""Boris Johnson""]",False
conv_0072_politics_uk,Politics,UK,Politics_UK,9,what are his political views?,what are Boris Johnson's political views?,"[""Boris Johnson""]",True
conv_0072_politics_uk,Politics,UK,Politics_UK,10,got a nickname,does Boris Johnson have a nickname?,"[""Boris Johnson""]",True
conv_0073_politics_usa,Politics,USA,Politics_USA,3,What about his role in the economy?,What is Joe Biden's role in the economy as President of the United States?,"[""Joe Biden"", ""United States""]",True
conv_0073_politics_usa,Politics,USA,Politics_USA,6,what's her role?,what is Kamala Harris's role as Vice President of the United States?,"[""Kamala Harris"", ""United States""]",True
conv_0073_politics_usa,Politics,USA,Politics_USA,7,who are his advisors?,who are Joe Biden's advisors as President of the United States?,"[""Joe Biden"", ""United States""]",True
conv_0073_politics_usa,Politics,USA,Politics_USA,8,are they effective?,are Joe Biden's advisors effective in their roles?,"[""Joe Biden"", ""United States""]",True
conv_0073_politics_usa,Politics,USA,Politics_USA,9,that's impressive; what about criticism?,that is impressive; what criticism has Joe Biden faced as President of the United States?,"[""Joe Biden"", ""United States""]",True
conv_0073_politics_usa,Politics,USA,Politics_USA,10,compare to previous administrations,compare Joe Biden's administration to previous administrations of the United States,"[""Joe Biden"", ""United States""]",True
conv_0076_sports_cricket,Sports,Cricket,Sports_Cricket,2,What is his batting style?,What is Virat Kohli's batting style?,"[""Virat Kohli""]",True
conv_0076_sports_cricket,Sports,Cricket,Sports_Cricket,3,"His records are impressive, aren't they?","Virat Kohli's records are impressive, aren't they?","[""Virat Kohli""]",True
conv_0076_sports_cricket,Sports,Cricket,Sports_Cricket,6,back - what about his awards?,I'm back - what about Virat Kohli's awards?,"[""Virat Kohli""]",True
conv_0076_sports_cricket,Sports,Cricket,Sports_Cricket,7,That’s impressive. How does he compare to Sachin Tendulkar?,That’s impressive. How does Virat Kohli compare to Sachin Tendulkar?,"[""Virat Kohli"", ""Sachin Tendulkar""]",True
conv_0076_sports_cricket,Sports,Cricket,Sports_Cricket,8,What's his current form like?,What's Virat Kohli's current form like?,"[""Virat Kohli""]",True
conv_0076_sports_cricket,Sports,Cricket,Sports_Cricket,9,Does he play for any IPL team?,Does Virat Kohli play for any IPL team?,"[""Virat Kohli"", ""IPL""]",True
conv_0076_sports_cricket,Sports,Cricket,Sports_Cricket,10,Has he ever played as a wicket-keeper?,Has Virat Kohli ever played as a wicket-keeper?,"[""Virat Kohli""]",True
conv_0077_sports_cricket,Sports,Cricket,Sports_Cricket,2,What was his role in the team?,What was Mahendra Singh Dhoni's role in the Indian cricket team?,"[""Mahendra Singh Dhoni"", ""India""]",True
conv_0077_sports_cricket,Sports,Cricket,Sports_Cricket,3,When did he start playing for India?,When did Mahendra Singh Dhoni start playing cricket for India?,"[""Mahendra Singh Dhoni"", ""India""]",True
conv_0077_sports_cricket,Sports,Cricket,Sports_Cricket,5,back - what's his biggest achievement?,what is Mahendra Singh Dhoni's biggest achievement?,"[""Mahendra Singh Dhoni""]",True
conv_0077_sports_cricket,Sports,Cricket,Sports_Cricket,6,that was amazing! what about his IPL career?,that was amazing! what about Mahendra Singh Dhoni's IPL career?,"[""Mahendra Singh Dhoni"", ""IPL""]",True
conv_0077_sports_cricket,Sports,Cricket,Sports_Cricket,7,they have a huge fanbase,Chennai Super Kings have a huge fanbase,"[""Chennai Super Kings"", ""IPL""]",True
conv_0077_sports_cricket,Sports,Cricket,Sports_Cricket,8,compare him to other Indian captains,compare Mahendra Singh Dhoni to other Indian cricket captains,"[""Mahendra Singh Dhoni"", ""India""]",True
conv_0077_sports_cricket,Sports,Cricket,Sports_Cricket,9,who succeeded him as captain?,who succeeded Mahendra Singh Dhoni as captain of the Indian cricket team?,"[""Mahendra Singh Dhoni"", ""India"", ""Virat Kohli""]",True
conv_0077_sports_cricket,Sports,Cricket,Sports_Cricket,10,did he retire suddenly?,did Mahendra Singh Dhoni retire suddenly from cricket?,"[""Mahendra Singh Dhoni""]",True
conv_0078_sports_cricket,Sports,Cricket,Sports_Cricket,3,What about his records?,What are Rohit Sharma's records in cricket?,"[""Rohit Sharma""]",True
conv_0078_sports_cricket,Sports,Cricket,Sports_Cricket,5,back — what about his IPL team?,what about Rohit Sharma's IPL team?,"[""Rohit Sharma"", ""IPL""]",True
conv_0078_sports_cricket,Sports,Cricket,Sports_Cricket,6,how many titles have they won?,how many IPL titles have Mumbai Indians won under Rohit Sharma's captaincy?,"[""Mumbai Indians"", ""Rohit Sharma""]",True
conv_0078_sports_cricket,Sports,Cricket,Sports_Cricket,7,who is his predecessor as captain?,who was Rohit Sharma's predecessor as captain of the Indian cricket team?,"[""Rohit Sharma"", ""Indian cricket team""]",True
conv_0078_sports_cricket,Sports,Cricket,Sports_Cricket,8,compare their captaincy styles,compare the captaincy styles of Rohit Sharma and Virat Kohli,"[""Rohit Sharma"", ""Virat Kohli""]",True
conv_0078_sports_cricket,Sports,Cricket,Sports_Cricket,9,does he have any other records?,does Rohit Sharma have any other records in cricket?,"[""Rohit Sharma""]",True
conv_0078_sports_cricket,Sports,Cricket,Sports_Cricket,10,got a question about his early life,I have a question about Rohit Sharma's early life,"[""Rohit Sharma""]",True
conv_0079_sports_football,Sports,Football,Sports_Football,1,who's the best soccer player ever?,who is the best soccer player ever?,[],True
conv_0079_sports_football,Sports,Football,Sports_Football,2,what team does he play for?,what team does Lionel Messi play for?,"[""Lionel Messi""]",True
conv_0079_sports_football,Sports,Football,Sports_Football,3,and before psg?,and what team did Lionel Messi play for before Paris Saint-Germain?,"[""Lionel Messi"", ""Paris Saint-Germain""]",True
conv_0079_sports_football,Sports,Football,Sports_Football,4,did he win anything with barca?,did Lionel Messi win anything with FC Barcelona?,"[""Lionel Messi"", ""FC Barcelona""]",True
conv_0079_sports_football,Sports,Football,Sports_Football,5,what about individual awards?,what individual awards did Lionel Messi win?,"[""Lionel Messi""]",True
conv_0079_sports_football,Sports,Football,Sports_Football,6,that's impressive; what position does he play?,that's impressive; what position does Lionel Messi play?,"[""Lionel Messi""]",True
conv_0079_sports_football,Sports,Football,Sports_Football,7,"brb, checking stats real quick","brb, checking stats real quick",[],False
conv_0079_sports_football,Sports,Football,Sports_Football,8,back — how's his international career?,back — how is Lionel Messi's international career?,"[""Lionel Messi""]",True
conv_0079_sports_football,Sports,Football,Sports_Football,9,did he win copa america?,did Lionel Messi win Copa America?,"[""Lionel Messi""]",True
conv_0079_sports_football,Sports,Football,Sports_Football,10,and what about cristiano ronaldo?,and what about Cristiano Ronaldo's career?,"[""Cristiano Ronaldo""]",True
conv_0081_sports_tennis,Sports,Tennis,Sports_Tennis,3,his ranking?,What is Novak Djokovic's ranking?,"[""Novak Djokovic""]",True
conv_0081_sports_tennis,Sports,Tennis,Sports_Tennis,4,what about his serve?,What about Novak Djokovic's serve?,"[""Novak Djokovic""]",True
conv_0081_sports_tennis,Sports,Tennis,Sports_Tennis,5,"brb, wait a sec","brb, wait a sec",[],False
conv_0081_sports_tennis,Sports,Tennis,Sports_Tennis,6,back - what about his rivals?,I'm back - what about Novak Djokovic's rivals?,"[""Novak Djokovic""]",True
conv_0081_sports_tennis,Sports,Tennis,Sports_Tennis,8,what about his 2022 season?,What about Novak Djokovic's 2022 season?,"[""Novak Djokovic""]",True
conv_0082_sports_tennis,Sports,Tennis,Sports_Tennis,1,who's rafael nadal's coach?,who is Rafael Nadal's coach?,"[""Rafael Nadal""]",True
conv_0082_sports_tennis,Sports,Tennis,Sports_Tennis,2,what are his strengths on court?,what are Rafael Nadal's strengths on court?,"[""Rafael Nadal""]",True
conv_0082_sports_tennis,Sports,Tennis,Sports_Tennis,5,back - what about his rivalries?,I'm back - what about Rafael Nadal's rivalries?,"[""Rafael Nadal""]",True
conv_0082_sports_tennis,Sports,Tennis,Sports_Tennis,6,who is his main competitor?,who is Rafael Nadal's main competitor?,"[""Rafael Nadal""]",True
conv_0082_sports_tennis,Sports,Tennis,Sports_Tennis,7,what's his clay court record?,what is Rafael Nadal's clay court record?,"[""Rafael Nadal""]",True
conv_0082_sports_tennis,Sports,Tennis,Sports_Tennis,9,does he have any olympic medals?,does Rafael Nadal have any Olympic medals?,"[""Rafael Nadal"", ""Olympic""]",True
conv_0082_sports_tennis,Sports,Tennis,Sports_Tennis,10,what's his training regimen?,what is Rafael Nadal's training regimen?,"[""Rafael Nadal""]",True
conv_0083_sports_olympics,Sports,Olympics,Sports_Olympics,2,What event does he compete in?,What event does Neeraj Chopra compete in?,"[""Neeraj Chopra""]",True
conv_0083_sports_olympics,Sports,Olympics,Sports_Olympics,3,His achievements?,What are Neeraj Chopra's achievements?,"[""Neeraj Chopra""]",True
conv_0083_sports_olympics,Sports,Olympics,Sports_Olympics,4,what's his personal best?,what is Neeraj Chopra's personal best?,"[""Neeraj Chopra""]",True
conv_0083_sports_olympics,Sports,Olympics,Sports_Olympics,7,back - what about his early life?,I'm back - what about Neeraj Chopra's early life?,"[""Neeraj Chopra""]",True
conv_0083_sports_olympics,Sports,Olympics,Sports_Olympics,8,His education?,What is Neeraj Chopra's education?,"[""Neeraj Chopra""]",True
conv_0083_sports_olympics,Sports,Olympics,Sports_Olympics,9,did he always focus on javelin?,did Neeraj Chopra always focus on javelin?,"[""Neeraj Chopra""]",True
conv_0083_sports_olympics,Sports,Olympics,Sports_Olympics,10,comparisons to other indian athletes?,comparisons between Neeraj Chopra and other indian athletes?,"[""Neeraj Chopra"", ""India""]",True
conv_0084_technology_ai,Technology,AI,Technology_AI,2,their main product?,what is OpenAI's main product?,"[""OpenAI""]",True
conv_0084_technology_ai,Technology,AI,Technology_AI,3,how does chatgpt work?,how does ChatGPT work?,"[""ChatGPT""]",False
conv_0084_technology_ai,Technology,AI,Technology_AI,4,what about the CEO?,who is the CEO of OpenAI?,"[""OpenAI""]",True
conv_0084_technology_ai,Technology,AI,Technology_AI,5,what are his views on AI?,what are Sam Altman's views on AI?,"[""Sam Altman""]",True
conv_0084_technology_ai,Technology,AI,Technology_AI,7,back - what about openai's research?,what about OpenAI's research?,"[""OpenAI""]",True
conv_0084_technology_ai,Technology,AI,Technology_AI,9,that sounds complex,that sounds complex,[],False
conv_0084_technology_ai,Technology,AI,Technology_AI,10,compare openai to google ai,compare OpenAI to Google AI,"[""OpenAI"", ""Google AI""]",False
conv_0085_technology_ai,Technology,AI,Technology_AI,2,what's his area of expertise?,what is Geoffrey Hinton's area of expertise?,"[""Geoffrey Hinton""]",True
conv_0085_technology_ai,Technology,AI,Technology_AI,3,his contributions to AI?,what are Geoffrey Hinton's contributions to AI?,"[""Geoffrey Hinton"", ""AI""]",True
conv_0085_technology_ai,Technology,AI,Technology_AI,5,where does he work now?,where does Geoffrey Hinton work now?,"[""Geoffrey Hinton""]",True
conv_0085_technology_ai,Technology,AI,Technology_AI,6,and before that?,and where did Geoffrey Hinton work before that?,"[""Geoffrey Hinton""]",True
conv_0085_technology_ai,Technology,AI,Technology_AI,8,back — what's his impact on AI applications?,"now back, what is Geoffrey Hinton's impact on AI applications?","[""Geoffrey Hinton"", ""AI""]",True
conv_0085_technology_ai,Technology,AI,Technology_AI,9,are his models used commercially?,are Geoffrey Hinton's models used commercially?,"[""Geoffrey Hinton""]",True
conv_0085_technology_ai,Technology,AI,Technology_AI,10,what about recent developments?,what about recent developments in Geoffrey Hinton's work?,"[""Geoffrey Hinton""]",True
conv_0086_technology_ai,Technology,AI,Technology_AI,2,their focus areas?,what are Google DeepMind's focus areas?,"[""Google DeepMind""]",True
conv_0086_technology_ai,Technology,AI,Technology_AI,5,back — what about their recent advancements?,I'm back — what about Google DeepMind's recent advancements?,"[""Google DeepMind""]",True
conv_0086_technology_ai,Technology,AI,Technology_AI,6,"their AI for healthcare, how does it work?",how does Google DeepMind's AI for healthcare work?,"[""Google DeepMind""]",True
conv_0086_technology_ai,Technology,AI,Technology_AI,7,does it assist doctors directly?,does Google DeepMind's AI assist doctors directly?,"[""Google DeepMind""]",True
conv_0086_technology_ai,Technology,AI,Technology_AI,8,what about ethics in AI development?,what about ethics in Google DeepMind's AI development?,"[""Google DeepMind""]",True
conv_0086_technology_ai,Technology,AI,Technology_AI,9,do they collaborate with other institutions?,does Google DeepMind collaborate with other institutions?,"[""Google DeepMind""]",True
conv_0086_technology_ai,Technology,AI,Technology_AI,10,compare their approach to another AI lab,compare Google DeepMind's approach to another AI lab,"[""Google DeepMind""]",True
conv_0087_technology_space,Technology,Space,Technology_Space,3,what about their satellite programs?,what about ISRO's satellite programs?,"[""ISRO""]",True
conv_0087_technology_space,Technology,Space,Technology_Space,4,are they internationally recognized?,is ISRO internationally recognized?,"[""ISRO""]",True
conv_0087_technology_space,Technology,Space,Technology_Space,6,back — what about ISRO's future plans?,back — what about ISRO's future plans?,"[""ISRO""]",False
conv_0087_technology_space,Technology,Space,Technology_Space,7,what are the applications of their tech?,what are the applications of ISRO's technology?,"[""ISRO""]",True
conv_0087_technology_space,Technology,Space,Technology_Space,8,what about other Indian space agencies?,what about other Indian space agencies?,"[""India""]",False
conv_0087_technology_space,Technology,Space,Technology_Space,9,does china cooperate with ISRO?,does China cooperate with ISRO?,"[""China"", ""ISRO""]",False
conv_0087_technology_space,Technology,Space,Technology_Space,10,"wait, NASA-ISRO on the other hand?","wait, what about NASA-ISRO collaboration?","[""NASA"", ""ISRO""]",True
conv_0088_technology_space,Technology,Space,Technology_Space,1,who's leading private space exploration?,who's leading private space exploration?,[],False
conv_0088_technology_space,Technology,Space,Technology_Space,2,what's their main goal?,what's SpaceX's main goal?,"[""SpaceX""]",True
conv_0088_technology_space,Technology,Space,Technology_Space,3,"they've launched many satellites, right?","SpaceX has launched many satellites, right?","[""SpaceX""]",True
conv_0088_technology_space,Technology,Space,Technology_Space,4,what about their rockets?,what about SpaceX's rockets?,"[""SpaceX""]",True
conv_0088_technology_space,Technology,Space,Technology_Space,6,back — what about their crewed missions?,I'm back — what about SpaceX's crewed missions?,"[""SpaceX""]",True
conv_0088_technology_space,Technology,Space,Technology_Space,7,that's impressive; how's their Starship doing?,that's impressive; how's SpaceX's Starship doing?,"[""SpaceX"", ""Starship""]",True
conv_0088_technology_space,Technology,Space,Technology_Space,8,are they working with NASA?,is SpaceX working with NASA?,"[""SpaceX"", ""NASA""]",True
conv_0088_technology_space,Technology,Space,Technology_Space,9,what about competition?,what about SpaceX's competition?,"[""SpaceX""]",True
conv_0088_technology_space,Technology,Space,Technology_Space,10,their technology seems advanced; what's next?,SpaceX's technology seems advanced; what's next?,"[""SpaceX""]",True
conv_0089_technology_gadgets,Technology,Gadgets,Technology_Gadgets,1,What's the latest Apple iPhone model?,What is the latest Apple iPhone model?,"[""Apple"", ""iPhone""]",True
conv_0089_technology_gadgets,Technology,Gadgets,Technology_Gadgets,5,back — does it have wireless charging?,back — does iPhone 14 Pro and iPhone 14 Pro Max have wireless charging?,"[""iPhone 14 Pro"", ""iPhone 14 Pro Max""]",True
conv_0089_technology_gadgets,Technology,Gadgets,Technology_Gadgets,6,"that's great, what about water resistance?","that's great, what about the water resistance of iPhone 14 Pro and iPhone 14 Pro Max?","[""iPhone 14 Pro"", ""iPhone 14 Pro Max""]",True
conv_0089_technology_gadgets,Technology,Gadgets,Technology_Gadgets,7,how does it compare to iPhone 13?,how does iPhone 14 Pro compare to iPhone 13?,"[""iPhone 14 Pro"", ""iPhone 13""]",True
conv_0089_technology_gadgets,Technology,Gadgets,Technology_Gadgets,8,what about battery life?,what about the battery life of iPhone 14 Pro and iPhone 13 Pro?,"[""iPhone 14 Pro"", ""iPhone 13 Pro""]",True
conv_0089_technology_gadgets,Technology,Gadgets,Technology_Gadgets,9,got a bigger screen?,does iPhone 14 Pro have a bigger screen than iPhone 13 Pro?,"[""iPhone 14 Pro"", ""iPhone 13 Pro""]",True
conv_0089_technology_gadgets,Technology,Gadgets,Technology_Gadgets,10,switching topic slightly - what about iPhone SE?,switching topic slightly - what about iPhone SE (2022)?,"[""iPhone SE""]",True
conv_0090_entertainment_bollywood,Entertainment,Bollywood,Entertainment_Bollywood,3,what's his most famous movie?,what is Shah Rukh Khan's most famous movie?,"[""Shah Rukh Khan""]",True
conv_0090_entertainment_bollywood,Entertainment,Bollywood,Entertainment_Bollywood,4,what about his rom-coms?,what about Shah Rukh Khan's romantic comedies?,"[""Shah Rukh Khan""]",True
conv_0090_entertainment_bollywood,Entertainment,Bollywood,Entertainment_Bollywood,6,back - what's his upcoming project?,I am back - what is Shah Rukh Khan's upcoming project?,"[""Shah Rukh Khan""]",True
conv_0090_entertainment_bollywood,Entertainment,Bollywood,Entertainment_Bollywood,7,who is his wife?,who is Shah Rukh Khan's wife?,"[""Shah Rukh Khan""]",True
conv_0090_entertainment_bollywood,Entertainment,Bollywood,Entertainment_Bollywood,8,does she produce films?,does Gauri Khan produce films?,"[""Gauri Khan""]",True
conv_0090_entertainment_bollywood,Entertainment,Bollywood,Entertainment_Bollywood,10,"got it, another question - what about his children?","I got it, another question - what about Shah Rukh Khan's children?","[""Shah Rukh Khan""]",True
conv_0091_entertainment_bollywood,Entertainment,Bollywood,Entertainment_Bollywood,3,and as a lead actor?,What was Aamir Khan's first film as a lead actor?,"[""Aamir Khan""]",True
conv_0091_entertainment_bollywood,Entertainment,Bollywood,Entertainment_Bollywood,6,back — what's his production company?,What is Aamir Khan's production company?,"[""Aamir Khan""]",True
conv_0091_entertainment_bollywood,Entertainment,Bollywood,Entertainment_Bollywood,7,does he produce all his films?,Does Aamir Khan produce all of his films?,"[""Aamir Khan""]",True
conv_0091_entertainment_bollywood,Entertainment,Bollywood,Entertainment_Bollywood,8,who are his collaborators?,Who are Aamir Khan's collaborators?,"[""Aamir Khan""]",True
conv_0091_entertainment_bollywood,Entertainment,Bollywood,Entertainment_Bollywood,9,what about his awards?,What awards has Aamir Khan won?,"[""Aamir Khan""]",True
conv_0092_entertainment_hollywood,Entertainment,Hollywood,Entertainment_Hollywood,3,and what about his recent ones?,and what about Christopher Nolan's recent films?,"[""Christopher Nolan""]",True
conv_0092_entertainment_hollywood,Entertainment,Hollywood,Entertainment_Hollywood,5,back — what about his early work?,I'm back — what about Christopher Nolan's early work?,"[""Christopher Nolan""]",True
conv_0092_entertainment_hollywood,Entertainment,Hollywood,Entertainment_Hollywood,6,did he produce it too?,did Christopher Nolan produce it too?,"[""Christopher Nolan""]",True
conv_0092_entertainment_hollywood,Entertainment,Hollywood,Entertainment_Hollywood,7,who stars in it?,who stars in Following?,"[""Following""]",True
conv_0092_entertainment_hollywood,Entertainment,Hollywood,Entertainment_Hollywood,8,got a comparison: is he like Kubrick?,do you have a comparison: is Christopher Nolan like Stanley Kubrick?,"[""Christopher Nolan"", ""Stanley Kubrick""]",True
conv_0092_entertainment_hollywood,Entertainment,Hollywood,Entertainment_Hollywood,9,more similar ones?,are there more film directors similar to Christopher Nolan?,"[""Christopher Nolan""]",True
conv_0092_entertainment_hollywood,Entertainment,Hollywood,Entertainment_Hollywood,10,are his films always long?,are Christopher Nolan's films always long?,"[""Christopher Nolan""]",True
conv_0093_entertainment_hollywood,Entertainment,Hollywood,Entertainment_Hollywood,2,who directed it?,who directed Avengers: Endgame?,"[""Avengers: Endgame""]",True
conv_0093_entertainment_hollywood,Entertainment,Hollywood,Entertainment_Hollywood,3,what about the previous one?,what about Avengers: Infinity War?,"[""Avengers: Infinity War""]",True
conv_0093_entertainment_hollywood,Entertainment,Hollywood,Entertainment_Hollywood,4,"brb, gotta check something","be right back, I have to check something",[],True
conv_0093_entertainment_hollywood,Entertainment,Hollywood,Entertainment_Hollywood,5,back - what's the marvel cinematic universe?,I am back - what is the Marvel Cinematic Universe?,"[""Marvel Cinematic Universe""]",True
conv_0093_entertainment_hollywood,Entertainment,Hollywood,Entertainment_Hollywood,6,how many movies are in the mcu?,how many movies are in the Marvel Cinematic Universe?,"[""MCU""]",True
conv_0093_entertainment_hollywood,Entertainment,Hollywood,Entertainment_Hollywood,7,what's black widow's role?,what is Black Widow's role in the Marvel Cinematic Universe?,"[""Black Widow""]",True
conv_0093_entertainment_hollywood,Entertainment,Hollywood,Entertainment_Hollywood,8,her story?,what is Black Widow's story?,"[""Black Widow""]",True
conv_0093_entertainment_hollywood,Entertainment,Hollywood,Entertainment_Hollywood,9,"wait, what about thor?","wait, what about Thor in the Marvel Cinematic Universe?","[""Thor""]",True
conv_0093_entertainment_hollywood,Entertainment,Hollywood,Entertainment_Hollywood,10,compare iron man and captain america,compare Iron Man and Captain America in the Marvel Cinematic Universe,"[""Iron Man"", ""Captain America""]",True
conv_0094_health_nutrition,Health,Nutrition,Health_Nutrition,3,what are the benefits?,what are the benefits of intermittent fasting?,[],True
conv_0094_health_nutrition,Health,Nutrition,Health_Nutrition,4,is it safe?,is intermittent fasting safe?,[],True
conv_0094_health_nutrition,Health,Nutrition,Health_Nutrition,6,"brb, checking on my kid","brb, checking on my kid",[],False
conv_0094_health_nutrition,Health,Nutrition,Health_Nutrition,7,back - what about types of intermittent fasting?,back - what about types of intermittent fasting?,[],False
conv_0094_health_nutrition,Health,Nutrition,Health_Nutrition,8,which one is most effective?,which type of intermittent fasting is most effective?,[],True
conv_0094_health_nutrition,Health,Nutrition,Health_Nutrition,10,what about muscle gain?,what about muscle gain with intermittent fasting?,[],True
conv_0095_health_mental_health,Health,Mental Health,Health_Mental Health,4,is anxiety treatable?,is anxiety treatable?,[],False
conv_0095_health_mental_health,Health,Mental Health,Health_Mental Health,8,can anxiety be cured?,can anxiety be cured?,[],False
conv_0095_health_mental_health,Health,Mental Health,Health_Mental Health,9,what about his family members?,what about family members of people with anxiety?,[],True
conv_0095_health_mental_health,Health,Mental Health,Health_Mental Health,10,"wait, what about children?","wait, what about children with anxiety?",[],True
conv_0096_health_fitness,Health,Fitness,Health_Fitness,1,what's the best time to practice yoga?,what's the best time to practice yoga?,[],False
conv_0096_health_fitness,Health,Fitness,Health_Fitness,2,why morning?,why morning is the best time to practice yoga?,[],True
conv_0096_health_fitness,Health,Fitness,Health_Fitness,3,and evening?,and why evening is good for yoga?,[],True
conv_0096_health_fitness,Health,Fitness,Health_Fitness,4,what about lunch break?,what about practicing yoga during lunch break?,[],True
conv_0096_health_fitness,Health,Fitness,Health_Fitness,6,back - what were we discussing?,back - what were we discussing?,[],False
conv_0096_health_fitness,Health,Fitness,Health_Fitness,7,"right, so which is better?","right, so which time is better for yoga?",[],True
conv_0096_health_fitness,Health,Fitness,Health_Fitness,8,what are the benefits of yoga?,what are the benefits of yoga?,[],False
conv_0096_health_fitness,Health,Fitness,Health_Fitness,10,what about his popular style?,what about Vinyasa Flow's popular style of yoga?,"[""Vinyasa Flow""]",True
conv_0097_history_india,History,India,History_India,2,what was his role?,what was Mahatma Gandhi's role in India's independence?,"[""Mahatma Gandhi"", ""India""]",True
conv_0097_history_india,History,India,History_India,6,back — what was his wife's name?,what was Mahatma Gandhi's wife's name?,"[""Mahatma Gandhi""]",True
conv_0097_history_india,History,India,History_India,7,and his children?,who were Mahatma Gandhi's children?,"[""Mahatma Gandhi""]",True
conv_0097_history_india,History,India,History_India,9,how did british react?,how did the British react to Mahatma Gandhi's movement?,"[""British"", ""Mahatma Gandhi""]",True
conv_0097_history_india,History,India,History_India,10,what about his influences?,who were Mahatma Gandhi's influences?,"[""Mahatma Gandhi""]",True
conv_0098_history_world_wars,History,World Wars,History_World Wars,3,what was the war about?,what was World War II about?,"[""World War II"", ""World War I""]",True
conv_0098_history_world_wars,History,World Wars,History_World Wars,4,"wait, what's Axis?",what is the Axis in World War II?,"[""Axis""]",True
conv_0098_history_world_wars,History,World Wars,History_World Wars,5,back — what about D-Day?,what about D-Day in World War II?,"[""D-Day""]",True
conv_0098_history_world_wars,History,World Wars,History_World Wars,6,how many died?,how many people died in World War II?,"[""World War II"", ""World War I""]",True
conv_0098_history_world_wars,History,World Wars,History_World Wars,7,what about the Holocaust?,what about the Holocaust during World War II?,"[""The Holocaust""]",True
conv_0098_history_world_wars,History,World Wars,History_World Wars,8,who liberated Europe?,who liberated Europe during World War II?,"[""Europe""]",True
conv_0098_history_world_wars,History,World Wars,History_World Wars,9,what was the war's impact on Japan?,what was World War II's impact on Japan?,"[""Japan""]",True
conv_0099_geography_countries,Geography,Countries,Geography_Countries,3,and the head of government?,and who is the head of government of India?,"[""India""]",True
conv_0099_geography_countries,Geography,Countries,Geography_Countries,4,what's the largest city in india?,what is the largest city in India?,"[""India""]",True
conv_0099_geography_countries,Geography,Countries,Geography_Countries,5,what about the second largest?,what is the second largest city in India?,"[""India""]",True
conv_0099_geography_countries,Geography,Countries,Geography_Countries,7,back — what is india's largest state by area?,back — what is India's largest state by area?,"[""India""]",False
conv_0099_geography_countries,Geography,Countries,Geography_Countries,8,and smallest?,and what is India's smallest state?,"[""India""]",True
conv_0099_geography_countries,Geography,Countries,Geography_Countries,10,"they share a border, right?",do India and China share a border?,"[""India"", ""China""]",True
conv_0101_general_general,General,General,General_General,2,"same here, just had coffee","same here, just had coffee",[],False
conv_0101_general_general,General,General,General_General,3,"definitely, I need it to focus","definitely, I need coffee to focus",[],True
conv_0101_general_general,General,General,General_General,4,"not much, just a few meetings","not much, just a few meetings",[],False
conv_0101_general_general,General,General,General_General,5,"what about you, do you have meetings?","what about you, do you have meetings today?",[],True
conv_0101_general_general,General,General,General_General,7,"back, sorry about that","I'm back, sorry about that",[],True
conv_0101_general_general,General,General,General_General,8,we were discussing meetings,we were discussing meetings,[],False
conv_0101_general_general,General,General,General_General,9,"that's nice, I wish I had a free day","that's nice, I wish I had a free day",[],False
conv_0101_general_general,General,General,General_General,10,do you like hiking?,do you like hiking?,[],False
conv_0102_politics_india,Politics,India,Politics_India,1,who is the current prime minister of india,who is the current prime minister of India,"[""India""]",False
conv_0102_politics_india,Politics,India,Politics_India,2,what are his major achievements,what are Narendra Modi's major achievements,"[""Narendra Modi""]",True
conv_0102_politics_india,Politics,India,Politics_India,3,his economic policies,what are Narendra Modi's economic policies,"[""Narendra Modi""]",True
conv_0102_politics_india,Politics,India,Politics_India,4,what about his critics,what do Narendra Modi's critics say,"[""Narendra Modi""]",True
conv_0102_politics_india,Politics,India,Politics_India,6,back — what about his early life,what about Narendra Modi's early life,"[""Narendra Modi""]",True
conv_0102_politics_india,Politics,India,Politics_India,7,his family background,what is Narendra Modi's family background,"[""Narendra Modi""]",True
conv_0102_politics_india,Politics,India,Politics_India,8,and education,what is Narendra Modi's education,"[""Narendra Modi""]",True
conv_0102_politics_india,Politics,India,Politics_India,9,did he join politics early,did Narendra Modi join politics early,"[""Narendra Modi""]",True
conv_0102_politics_india,Politics,India,Politics_India,10,what was his first major post,what was Narendra Modi's first major post,"[""Narendra Modi""]",True
conv_0103_politics_india,Politics,India,Politics_India,3,his family background?,what is Rahul Gandhi's family background?,"[""Rahul Gandhi""]",True
conv_0103_politics_india,Politics,India,Politics_India,5,back — what about his early life?,back — what about Rahul Gandhi's early life?,"[""Rahul Gandhi""]",True
conv_0103_politics_india,Politics,India,Politics_India,6,what did he do before politics?,what did Rahul Gandhi do before politics?,"[""Rahul Gandhi""]",True
conv_0103_politics_india,Politics,India,Politics_India,7,when did he enter politics?,when did Rahul Gandhi enter politics?,"[""Rahul Gandhi""]",True
conv_0103_politics_india,Politics,India,Politics_India,10,and on education?,and what are Rahul Gandhi's views on education?,"[""Rahul Gandhi""]",True
conv_0104_politics_india,Politics,India,Politics_India,1,Who was the Prime Minister of India before Narendra Modi?,Who was the Prime Minister of India before Narendra Modi?,"[""India"", ""Narendra Modi""]",False
conv_0104_politics_india,Politics,India,Politics_India,2,Manmohan Singh served as Prime Minister from 2004 to 2014.,Manmohan Singh served as Prime Minister from 2004 to 2014.,"[""Manmohan Singh"", ""India""]",False
conv_0104_politics_india,Politics,India,Politics_India,4,"He implemented significant economic reforms, and initiated the Indo-US nuclear deal.","He implemented significant economic reforms, and initiated the Indo-US nuclear deal.",[],False
conv_0104_politics_india,Politics,India,Politics_India,5,"His economic policies were quite successful, weren't they?",Were Manmohan Singh's economic policies quite successful?,"[""Manmohan Singh""]",True
conv_0104_politics_india,Politics,India,Politics_India,6,"Yes, his tenure saw high GDP growth, and increased foreign investment.","Yes, Manmohan Singh's tenure saw high GDP growth, and increased foreign investment.","[""Manmohan Singh""]",True
conv_0104_politics_india,Politics,India,Politics_India,8,back — what about his role in education?,what about Manmohan Singh's role in education?,"[""Manmohan Singh""]",True
conv_0104_politics_india,Politics,India,Politics_India,9,"Manmohan Singh emphasized education, increasing funding, and launching programs like Sarva Shiksha Abhiyan.","Manmohan Singh emphasized education, increasing funding, and launching programs like Sarva Shiksha Abhiyan.","[""Manmohan Singh"", ""Sarva Shiksha Abhiyan""]",False
conv_0104_politics_india,Politics,India,Politics_India,10,that's great; and healthcare?,what about Manmohan Singh's role in healthcare?,"[""Manmohan Singh""]",True
conv_0106_politics_uk,Politics,UK,Politics_UK,6,which college at Oxford?,which college at Oxford did Boris Johnson attend?,"[""Boris Johnson"", ""Oxford""]",True
conv_0106_politics_uk,Politics,UK,Politics_UK,8,what did she do differently?,what did Theresa May do differently as Prime Minister compared to Boris Johnson?,"[""Theresa May"", ""Boris Johnson"", ""UK""]",True
conv_0106_politics_uk,Politics,UK,Politics_UK,9,"brb, getting a cup of coffee","brb, getting a cup of coffee",[],False
conv_0106_politics_uk,Politics,UK,Politics_UK,10,back — what about his family?,back — what about Boris Johnson's family?,"[""Boris Johnson""]",True
conv_0107_politics_usa,Politics,USA,Politics_USA,3,and his role in the economy?,and what is Joe Biden's role in the economy?,"[""Joe Biden""]",True
conv_0107_politics_usa,Politics,USA,Politics_USA,7,who did Joe Biden work with before presidency?,who did Joe Biden work with before his presidency?,"[""Joe Biden""]",True
conv_0107_politics_usa,Politics,USA,Politics_USA,8,that long?,was Joe Biden that long as Vice President?,"[""Joe Biden""]",True
conv_0107_politics_usa,Politics,USA,Politics_USA,9,what about before that?,what about Joe Biden's career before that?,"[""Joe Biden""]",True
conv_0107_politics_usa,Politics,USA,Politics_USA,10,compare Obama and Biden,compare Barack Obama and Joe Biden,"[""Barack Obama"", ""Joe Biden""]",True
conv_0110_sports_cricket,Sports,Cricket,Sports_Cricket,3,and his stats?,and what are Virat Kohli's stats?,"[""Virat Kohli""]",True
conv_0110_sports_cricket,Sports,Cricket,Sports_Cricket,4,"wait, what about his early life?","wait, what about Virat Kohli's early life?","[""Virat Kohli""]",True
conv_0110_sports_cricket,Sports,Cricket,Sports_Cricket,5,back — how did he start cricket?,back — how did Virat Kohli start cricket?,"[""Virat Kohli""]",True
conv_0110_sports_cricket,Sports,Cricket,Sports_Cricket,6,who are his idols?,who are Virat Kohli's idols?,"[""Virat Kohli""]",True
conv_0110_sports_cricket,Sports,Cricket,Sports_Cricket,7,that's interesting; brb,that's interesting; be right back,[],True
conv_0110_sports_cricket,Sports,Cricket,Sports_Cricket,8,back — what's his record in icc tournaments?,back — what's Virat Kohli's record in ICC tournaments?,"[""Virat Kohli"", ""ICC""]",True
conv_0110_sports_cricket,Sports,Cricket,Sports_Cricket,9,did he win any icc trophies?,did Virat Kohli win any ICC trophies?,"[""Virat Kohli"", ""ICC""]",True
conv_0110_sports_cricket,Sports,Cricket,Sports_Cricket,10,and as captain?,and did Virat Kohli win any ICC trophies as captain?,"[""Virat Kohli"", ""ICC""]",True
conv_0112_sports_cricket,Sports,Cricket,Sports_Cricket,3,"His batting style is impressive, isn't it?","Rohit Sharma's batting style is impressive, isn't it?","[""Rohit Sharma""]",True
conv_0112_sports_cricket,Sports,Cricket,Sports_Cricket,5,"brb, need to check something","brb, need to check something",[],False
conv_0112_sports_cricket,Sports,Cricket,Sports_Cricket,6,back - what are his achievements in international cricket?,back - what are Rohit Sharma's achievements in international cricket?,"[""Rohit Sharma""]",True
conv_0112_sports_cricket,Sports,Cricket,Sports_Cricket,7,How does he perform in ODIs?,How does Rohit Sharma perform in One Day Internationals?,"[""Rohit Sharma"", ""ODIs""]",True
conv_0112_sports_cricket,Sports,Cricket,Sports_Cricket,8,That’s incredible! What about his Test career?,That’s incredible! What about Rohit Sharma's Test career?,"[""Rohit Sharma""]",True
conv_0112_sports_cricket,Sports,Cricket,Sports_Cricket,9,Compare him with Virat Kohli,Compare Rohit Sharma with Virat Kohli,"[""Rohit Sharma"", ""Virat Kohli""]",True
conv_0112_sports_cricket,Sports,Cricket,Sports_Cricket,10,What about his early life and career?,What about Rohit Sharma's early life and career?,"[""Rohit Sharma""]",True
conv_0113_sports_football,Sports,Football,Sports_Football,6,who is his main rival?,who is Lionel Messi's main rival?,"[""Lionel Messi""]",True
conv_0113_sports_football,Sports,Football,Sports_Football,10,"brb, checking stats","brb, checking stats",[],False
conv_0116_sports_tennis,Sports,Tennis,Sports_Tennis,3,His career started when?,When did Rafael Nadal's career start?,"[""Rafael Nadal""]",True
conv_0116_sports_tennis,Sports,Tennis,Sports_Tennis,4,What about his Grand Slam wins?,What about Rafael Nadal's Grand Slam wins?,"[""Rafael Nadal""]",True
conv_0116_sports_tennis,Sports,Tennis,Sports_Tennis,5,That’s impressive. How does he compare to other tennis greats like Djokovic?,That’s impressive. How does Rafael Nadal compare to other tennis greats like Novak Djokovic?,"[""Rafael Nadal"", ""Novak Djokovic""]",True
conv_0116_sports_tennis,Sports,Tennis,Sports_Tennis,6,What about his playing style?,What about Rafael Nadal's playing style?,"[""Rafael Nadal""]",True
conv_0116_sports_tennis,Sports,Tennis,Sports_Tennis,8,back. What about his recent form?,I'm back. What about Rafael Nadal's recent form?,"[""Rafael Nadal""]",True
conv_0116_sports_tennis,Sports,Tennis,Sports_Tennis,9,are his knees okay now?,Are Rafael Nadal's knees okay now?,"[""Rafael Nadal""]",True
conv_0117_sports_olympics,Sports,Olympics,Sports_Olympics,2,What was his achievement in Tokyo Olympics?,What was Neeraj Chopra's achievement in Tokyo Olympics?,"[""Neeraj Chopra"", ""Tokyo Olympics""]",True
conv_0117_sports_olympics,Sports,Olympics,Sports_Olympics,3,His technique seems impressive.,His technique seems impressive.,[],False
conv_0117_sports_olympics,Sports,Olympics,Sports_Olympics,4,what about his training?,what about Neeraj Chopra's training?,"[""Neeraj Chopra""]",True
conv_0117_sports_olympics,Sports,Olympics,Sports_Olympics,6,back - His personal best?,back - What is Neeraj Chopra's personal best?,"[""Neeraj Chopra""]",True
conv_0117_sports_olympics,Sports,Olympics,Sports_Olympics,7,That’s amazing. How does he compare to other Indian athletes?,That’s amazing. How does Neeraj Chopra compare to other Indian athletes?,"[""Neeraj Chopra"", ""India""]",True
conv_0117_sports_olympics,Sports,Olympics,Sports_Olympics,8,Are there any upcoming competitions for him?,Are there any upcoming competitions for Neeraj Chopra?,"[""Neeraj Chopra""]",True
conv_0117_sports_olympics,Sports,Olympics,Sports_Olympics,10,compare him with another indian olympian,compare Neeraj Chopra with another Indian Olympian,"[""Neeraj Chopra"", ""India""]",True
conv_0118_technology_ai,Technology,AI,Technology_AI,3,and now?,what is OpenAI doing now?,"[""OpenAI""]",True
conv_0118_technology_ai,Technology,AI,Technology_AI,6,back — what's its main application?,I'm back — what is ChatGPT's main application?,"[""ChatGPT""]",True
conv_0118_technology_ai,Technology,AI,Technology_AI,7,that's impressive; what about the CEO?,that's impressive; what about OpenAI's CEO?,"[""OpenAI""]",True
conv_0118_technology_ai,Technology,AI,Technology_AI,8,compare to google's ai,compare OpenAI to Google's AI,"[""OpenAI"", ""Google""]",True
conv_0118_technology_ai,Technology,AI,Technology_AI,9,does openai have competitors?,does OpenAI have competitors?,"[""OpenAI""]",False
conv_0118_technology_ai,Technology,AI,Technology_AI,10,are they profitable?,is OpenAI profitable?,"[""OpenAI""]",True
conv_0119_technology_ai,Technology,AI,Technology_AI,3,his research impacts what area?,Geoffrey Hinton's research impacts what area?,"[""Geoffrey Hinton""]",True
conv_0119_technology_ai,Technology,AI,Technology_AI,8,back — what awards has he received?,back — what awards has Geoffrey Hinton received?,"[""Geoffrey Hinton""]",True
conv_0119_technology_ai,Technology,AI,Technology_AI,9,that’s impressive; what about his views on AI safety?,that’s impressive; what about Geoffrey Hinton's views on AI safety?,"[""Geoffrey Hinton""]",True
conv_0119_technology_ai,Technology,AI,Technology_AI,10,some say he’s the ‘godfather of deep learning’; why?,some say Geoffrey Hinton is the ‘godfather of deep learning’; why?,"[""Geoffrey Hinton""]",True
conv_0120_technology_ai,Technology,AI,Technology_AI,2,their AI systems are impressive,their AI systems are impressive,[],False
conv_0120_technology_ai,Technology,AI,Technology_AI,5,back — what about their recent projects?,I'm back — what about their recent projects?,"[""Google DeepMind""]",True
conv_0120_technology_ai,Technology,AI,Technology_AI,6,how does AlphaFold work?,how does AlphaFold work?,"[""AlphaFold""]",False
conv_0120_technology_ai,Technology,AI,Technology_AI,7,that's amazing. what about their ethics?,"that's amazing, what about their ethics?",[],True
conv_0120_technology_ai,Technology,AI,Technology_AI,8,who leads DeepMind?,who leads DeepMind?,"[""DeepMind""]",False
conv_0120_technology_ai,Technology,AI,Technology_AI,9,compare DeepMind to other AI labs,compare DeepMind to other AI labs,"[""DeepMind""]",False
conv_0120_technology_ai,Technology,AI,Technology_AI,10,what about their relation to Google?,what about Google DeepMind's relation to Google?,"[""Google"", ""Google DeepMind""]",True
conv_0122_technology_space,Technology,Space,Technology_Space,1,what's spacex's latest achievement?,what is SpaceX's latest achievement?,"[""SpaceX""]",True
conv_0122_technology_space,Technology,Space,Technology_Space,2,who leads the company?,who leads SpaceX?,"[""SpaceX""]",True
conv_0122_technology_space,Technology,Space,Technology_Space,3,what's his role in the latest mission?,what was Elon Musk's role in SpaceX's latest mission?,"[""Elon Musk"", ""SpaceX""]",True
conv_0122_technology_space,Technology,Space,Technology_Space,4,what about their reusable rockets?,what about SpaceX's reusable rockets?,"[""SpaceX""]",True
conv_0122_technology_space,Technology,Space,Technology_Space,6,back — what about their mars plans?,back — what about SpaceX's Mars plans?,"[""SpaceX"", ""Mars""]",True
conv_0122_technology_space,Technology,Space,Technology_Space,7,that's ambitious; what's the timeline?,that's ambitious; what's the timeline for SpaceX's Mars mission?,"[""SpaceX"", ""Mars""]",True
conv_0122_technology_space,Technology,Space,Technology_Space,8,how does their starship differ?,how does SpaceX's Starship differ?,"[""SpaceX"", ""Starship""]",True
conv_0122_technology_space,Technology,Space,Technology_Space,9,compare starship to nasa's spacecraft,compare Starship to NASA's spacecraft,"[""Starship"", ""NASA""]",False
conv_0122_technology_space,Technology,Space,Technology_Space,10,got it; any recent funding?,got it; has SpaceX received any recent funding?,"[""SpaceX""]",True
conv_0123_technology_gadgets,Technology,Gadgets,Technology_Gadgets,3,and what about the pro version?,and what about the iPhone 14 Pro version?,"[""iPhone 14 Pro""]",True
conv_0123_technology_gadgets,Technology,Gadgets,Technology_Gadgets,5,back — does his new phone have 5g?,back — does the iPhone 14 have 5G?,"[""iPhone 14""]",True
conv_0123_technology_gadgets,Technology,Gadgets,Technology_Gadgets,6,how does it compare to samsung?,how does the iPhone 14 compare to Samsung?,"[""iPhone 14"", ""Samsung""]",True
conv_0123_technology_gadgets,Technology,Gadgets,Technology_Gadgets,8,is it still worth buying?,is the iPhone 13 still worth buying?,"[""iPhone 13""]",True
conv_0123_technology_gadgets,Technology,Gadgets,Technology_Gadgets,9,does it have wireless charging?,does the iPhone 13 have wireless charging?,"[""iPhone 13""]",True
conv_0123_technology_gadgets,Technology,Gadgets,Technology_Gadgets,10,and what's the battery life like?,and what's the battery life of the iPhone 13 like?,"[""iPhone 13""]",True
conv_0124_entertainment_bollywood,Entertainment,Bollywood,Entertainment_Bollywood,3,and what about his recent films?,and what about Shah Rukh Khan's recent films?,"[""Shah Rukh Khan""]",True
conv_0124_entertainment_bollywood,Entertainment,Bollywood,Entertainment_Bollywood,6,who are his co-stars usually?,who are Shah Rukh Khan's co-stars usually?,"[""Shah Rukh Khan""]",True
conv_0124_entertainment_bollywood,Entertainment,Bollywood,Entertainment_Bollywood,7,compare him to salman khan,compare Shah Rukh Khan to Salman Khan,"[""Shah Rukh Khan"", ""Salman Khan""]",True
conv_0124_entertainment_bollywood,Entertainment,Bollywood,Entertainment_Bollywood,8,got a record,does Shah Rukh Khan have a record?,"[""Shah Rukh Khan""]",True
conv_0124_entertainment_bollywood,Entertainment,Bollywood,Entertainment_Bollywood,10,what's his production company?,what is Shah Rukh Khan's production company?,"[""Shah Rukh Khan""]",True
conv_0125_entertainment_bollywood,Entertainment,Bollywood,Entertainment_Bollywood,5,back — what's his role in lagaan?,I'm back — what's Aamir Khan's role in Lagaan?,"[""Aamir Khan"", ""Lagaan""]",True
conv_0125_entertainment_bollywood,Entertainment,Bollywood,Entertainment_Bollywood,6,"that was 2001, right?","Lagaan was 2001, right?","[""Lagaan""]",True
conv_0125_entertainment_bollywood,Entertainment,Bollywood,Entertainment_Bollywood,7,did he direct it?,did Aamir Khan direct Lagaan?,"[""Aamir Khan"", ""Lagaan""]",True
conv_0125_entertainment_bollywood,Entertainment,Bollywood,Entertainment_Bollywood,8,who’s his wife?,who is Aamir Khan's wife?,"[""Aamir Khan""]",True
conv_0125_entertainment_bollywood,Entertainment,Bollywood,Entertainment_Bollywood,9,compare aamir & shah rokh,compare Aamir Khan and Shah Rukh,"[""Aamir Khan"", ""Shah Rukh""]",True
conv_0125_entertainment_bollywood,Entertainment,Bollywood,Entertainment_Bollywood,10,is aamir on social media?,is Aamir Khan on social media?,"[""Aamir Khan""]",True
conv_0126_entertainment_hollywood,Entertainment,Hollywood,Entertainment_Hollywood,3,What about his other works?,What are Christopher Nolan's other works?,"[""Christopher Nolan""]",True
conv_0126_entertainment_hollywood,Entertainment,Hollywood,Entertainment_Hollywood,5,back — what's his directing style?,what is Christopher Nolan's directing style?,"[""Christopher Nolan""]",True
conv_0126_entertainment_hollywood,Entertainment,Hollywood,Entertainment_Hollywood,6,who often stars in his films?,who often stars in Christopher Nolan's films?,"[""Christopher Nolan""]",True
conv_0126_entertainment_hollywood,Entertainment,Hollywood,Entertainment_Hollywood,7,does he write all his scripts?,does Christopher Nolan write all his scripts?,"[""Christopher Nolan""]",True
conv_0126_entertainment_hollywood,Entertainment,Hollywood,Entertainment_Hollywood,8,got a new project?,does Christopher Nolan have a new project?,"[""Christopher Nolan""]",True
conv_0126_entertainment_hollywood,Entertainment,Hollywood,Entertainment_Hollywood,9,compare with Spielberg,compare Christopher Nolan with Steven Spielberg,"[""Christopher Nolan"", ""Steven Spielberg""]",True
conv_0126_entertainment_hollywood,Entertainment,Hollywood,Entertainment_Hollywood,10,what awards has he won?,what awards has Christopher Nolan won?,"[""Christopher Nolan""]",True
conv_0127_entertainment_hollywood,Entertainment,Hollywood,Entertainment_Hollywood,2,what are their most famous movies?,what are Marvel Studios' most famous movies?,"[""Marvel Studios""]",True
conv_0127_entertainment_hollywood,Entertainment,Hollywood,Entertainment_Hollywood,3,and the latest one?,and what is the latest Marvel Studios movie?,[],True
conv_0127_entertainment_hollywood,Entertainment,Hollywood,Entertainment_Hollywood,4,what's the mcu?,what is the MCU?,"[""MCU""]",True
conv_0127_entertainment_hollywood,Entertainment,Hollywood,Entertainment_Hollywood,6,back — what about thor?,I'm back — what about Thor?,"[""Thor""]",True
conv_0127_entertainment_hollywood,Entertainment,Hollywood,Entertainment_Hollywood,7,his love interest?,who is Thor's love interest?,"[""Thor""]",True
conv_0127_entertainment_hollywood,Entertainment,Hollywood,Entertainment_Hollywood,8,who plays black widow?,who plays Black Widow?,"[""Black Widow""]",False
conv_0127_entertainment_hollywood,Entertainment,Hollywood,Entertainment_Hollywood,10,who directs it?,who directs the next Avengers film?,"[""Avengers""]",True
conv_0130_health_fitness,Health,Fitness,Health_Fitness,1,what's the main benefit of yoga?,what's the main benefit of yoga?,[],False
conv_0130_health_fitness,Health,Fitness,Health_Fitness,2,how does it reduce stress?,how does yoga reduce stress?,[],True
conv_0130_health_fitness,Health,Fitness,Health_Fitness,3,what about physical benefits?,what are the physical benefits of yoga?,[],True
conv_0130_health_fitness,Health,Fitness,Health_Fitness,4,what are the different types of yoga?,what are the different types of yoga?,[],False
conv_0130_health_fitness,Health,Fitness,Health_Fitness,6,back — what's Hatha yoga?,what's Hatha yoga?,"[""Hatha yoga""]",True
conv_0130_health_fitness,Health,Fitness,Health_Fitness,7,and Vinyasa yoga?,what is Vinyasa yoga?,"[""Vinyasa yoga""]",True
conv_0130_health_fitness,Health,Fitness,Health_Fitness,8,is yoga for everyone?,is yoga for everyone?,[],False
conv_0130_health_fitness,Health,Fitness,Health_Fitness,9,what about people with injuries?,what about people with injuries who practice yoga?,[],True
conv_0130_health_fitness,Health,Fitness,Health_Fitness,10,how often should I practice yoga?,how often should I practice yoga?,[],False
conv_0132_history_world_wars,History,World Wars,History_World Wars,1,what was world war 2?,what was World War 2?,"[""World War II""]",False
conv_0132_history_world_wars,History,World Wars,History_World Wars,2,who started it?,who started World War II?,"[""World War II""]",True
conv_0132_history_world_wars,History,World Wars,History_World Wars,3,and the main countries involved?,what were the main countries involved in World War II?,"[""World War II""]",True
conv_0132_history_world_wars,History,World Wars,History_World Wars,6,back — what about the European theatre?,I'm back — what about the European theatre of World War II?,"[""World War II""]",True
conv_0132_history_world_wars,History,World Wars,History_World Wars,7,and the Pacific?,what about the Pacific theatre of World War II?,"[""World War II""]",True
conv_0132_history_world_wars,History,World Wars,History_World Wars,8,who was the leader of the usa during ww2?,who was the leader of the United States during World War II?,"[""United States"", ""World War II""]",True
conv_0132_history_world_wars,History,World Wars,History_World Wars,9,what about the soviet union?,what about the leader of the Soviet Union during World War II?,"[""Soviet Union"", ""World War II""]",True
conv_0132_history_world_wars,History,World Wars,History_World Wars,10,what was the significance of d-day?,what was the significance of D-Day during World War II?,"[""D-Day"", ""World War II""]",True
conv_0133_geography_countries,Geography,Countries,Geography_Countries,3,what's the population,what is the population of India,"[""India""]",True
conv_0133_geography_countries,Geography,Countries,Geography_Countries,5,back - what about its largest city,back - what is the largest city in India,"[""India""]",True
conv_0133_geography_countries,Geography,Countries,Geography_Countries,6,is it on the coast,is Mumbai on the coast,"[""Mumbai"", ""India""]",True
conv_0133_geography_countries,Geography,Countries,Geography_Countries,7,what about the southernmost point,what is the southernmost point of India,"[""India""]",True
conv_0133_geography_countries,Geography,Countries,Geography_Countries,8,"I've heard of that, what's special about it","I've heard of Kanyakumari, what's special about it","[""Kanyakumari""]",True
conv_0133_geography_countries,Geography,Countries,Geography_Countries,9,"wait, what about other geographical features","wait, what are other geographical features of India","[""India""]",True
conv_0133_geography_countries,Geography,Countries,Geography_Countries,10,compare india to china,compare India to China,"[""India"", ""China""]",False
conv_0135_general_general,General,General,General_General,3,"that sounds busy, do you like your job?","that sounds busy, do you like your job?",[],False
conv_0135_general_general,General,General,General_General,4,what about your weekend?,what about your weekend?,[],False
conv_0135_general_general,General,General,General_General,5,"that sounds relaxing, have you been there before?","that sounds relaxing, have you been to the park before?","[""park""]",True
conv_0135_general_general,General,General,General_General,8,"ah yes, outdoors is great","ah yes, outdoors is great",[],False
conv_0135_general_general,General,General,General_General,9,how's the weather today?,how's the weather today?,[],False
conv_0135_general_general,General,General,General_General,10,"that's perfect, not too hot","that's perfect, the weather is not too hot",[],True
conv_0136_politics_india,Politics,India,Politics_India,2,what are his key achievements,what are Narendra Modi's key achievements,"[""Narendra Modi""]",True
conv_0136_politics_india,Politics,India,Politics_India,5,back — what about his education,what is Narendra Modi's education,"[""Narendra Modi""]",True
conv_0136_politics_india,Politics,India,Politics_India,6,what was his role before becoming PM,what was Narendra Modi's role before becoming Prime Minister,"[""Narendra Modi""]",True
conv_0136_politics_india,Politics,India,Politics_India,7,compare him with his predecessor,compare Narendra Modi with his predecessor,"[""Narendra Modi""]",True
conv_0136_politics_india,Politics,India,Politics_India,8,got a question on foreign policy —,got a question on foreign policy,[],True
conv_0136_politics_india,Politics,India,Politics_India,9,what are his major diplomatic initiatives,what are Narendra Modi's major diplomatic initiatives,"[""Narendra Modi""]",True
conv_0136_politics_india,Politics,India,Politics_India,10,are there any major criticisms,are there any major criticisms of Narendra Modi,"[""Narendra Modi""]",True
conv_0138_politics_india,Politics,India,Politics_India,3,What was his background before becoming PM?,What was Manmohan Singh's background before becoming Prime Minister of India?,"[""Manmohan Singh"", ""India""]",True
conv_0138_politics_india,Politics,India,Politics_India,4,He was the Finance Minister from 1991 to 1996 and later served as the Deputy Prime Minister.,He was the Finance Minister from 1991 to 1996 and later served as the Deputy Prime Minister.,[],False
conv_0138_politics_india,Politics,India,Politics_India,6,"He implemented significant economic reforms, including liberalization and privatization.","He implemented significant economic reforms, including liberalization and privatization.",[],False
conv_0138_politics_india,Politics,India,Politics_India,8,back — what was his role in the United Progressive Alliance?,back — what was Manmohan Singh's role in the United Progressive Alliance?,"[""Manmohan Singh"", ""United Progressive Alliance""]",True
conv_0138_politics_india,Politics,India,Politics_India,9,He was the Chairman of the UPA from 2004 to 2014.,He was the Chairman of the UPA from 2004 to 2014.,"[""UPA""]",False
conv_0138_politics_india,Politics,India,Politics_India,10,who were his key allies?,who were Manmohan Singh's key allies?,"[""Manmohan Singh""]",True
conv_0139_politics_uk,Politics,UK,Politics_UK,3,what's his party affiliation?,what is Rishi Sunak's party affiliation?,"[""Rishi Sunak""]",True
conv_0139_politics_uk,Politics,UK,Politics_UK,5,what about his predecessor?,what about Rishi Sunak's predecessor?,"[""Rishi Sunak""]",True
conv_0139_politics_uk,Politics,UK,Politics_UK,8,how long did she serve?,how long did Liz Truss serve as Prime Minister of the UK?,"[""Liz Truss"", ""UK""]",True
conv_0139_politics_uk,Politics,UK,Politics_UK,9,that's short; what about Sunak's cabinet?,that's short; what about Rishi Sunak's cabinet?,"[""Rishi Sunak""]",True
conv_0139_politics_uk,Politics,UK,Politics_UK,10,who leads the opposition?,who leads the opposition in the UK?,"[""UK""]",True
conv_0141_politics_usa,Politics,USA,Politics_USA,3,and what about his role in the economy?,and what about Joe Biden's role in the economy?,"[""Joe Biden""]",True
conv_0141_politics_usa,Politics,USA,Politics_USA,6,that's a big shift from his predecessor; what about healthcare?,that's a big shift from his predecessor; what about Joe Biden's healthcare policy?,"[""Joe Biden""]",True
conv_0141_politics_usa,Politics,USA,Politics_USA,7,how does he handle foreign policy?,how does Joe Biden handle foreign policy?,"[""Joe Biden""]",True
conv_0141_politics_usa,Politics,USA,Politics_USA,9,that's great; what are his plans for education?,that's great; what are Joe Biden's plans for education?,"[""Joe Biden""]",True
conv_0141_politics_usa,Politics,USA,Politics_USA,10,got a bit sidetracked — what are his duties as commander-in-chief?,got a bit sidetracked — what are Joe Biden's duties as commander-in-chief?,"[""Joe Biden""]",True
conv_0142_politics_usa,Politics,USA,Politics_USA,2,What was his presidential campaign slogan?,What was Donald Trump's presidential campaign slogan?,"[""Donald Trump""]",True
conv_0142_politics_usa,Politics,USA,Politics_USA,5,back — what were his main policy goals?,back — what were Donald Trump's main policy goals?,"[""Donald Trump""]",True
conv_0142_politics_usa,Politics,USA,Politics_USA,6,and his economic policies?,and what were Donald Trump's economic policies?,"[""Donald Trump""]",True
conv_0142_politics_usa,Politics,USA,Politics_USA,7,did he succeed with his wall?,did Donald Trump succeed with his wall?,"[""Donald Trump""]",True
conv_0142_politics_usa,Politics,USA,Politics_USA,8,compare to Obama's wall,compare Donald Trump's wall to Barack Obama's wall,"[""Donald Trump"", ""Barack Obama""]",True
conv_0142_politics_usa,Politics,USA,Politics_USA,9,what about his cabinet members?,what about Donald Trump's cabinet members?,"[""Donald Trump""]",True
conv_0142_politics_usa,Politics,USA,Politics_USA,10,who led his impeachment trial?,who led Donald Trump's impeachment trial?,"[""Donald Trump""]",True
conv_0144_sports_cricket,Sports,Cricket,Sports_Cricket,5,back - what's his highest score?,back - what is Virat Kohli's highest score?,"[""Virat Kohli""]",True
conv_0144_sports_cricket,Sports,Cricket,Sports_Cricket,6,who is his idol?,who is Virat Kohli's idol?,"[""Virat Kohli""]",True
conv_0144_sports_cricket,Sports,Cricket,Sports_Cricket,7,"that's great, what about his awards?","that's great, what about Virat Kohli's awards?","[""Virat Kohli""]",True
conv_0144_sports_cricket,Sports,Cricket,Sports_Cricket,9,"back - what about his team, RCB?","back - what about Virat Kohli's team, RCB?","[""Virat Kohli"", ""RCB""]",True
conv_0144_sports_cricket,Sports,Cricket,Sports_Cricket,10,what's his role there?,what's Virat Kohli's role in RCB?,"[""Virat Kohli"", ""RCB""]",True
conv_0145_sports_cricket,Sports,Cricket,Sports_Cricket,3,When did he retire?,When did Mahendra Singh Dhoni retire from cricket?,"[""Mahendra Singh Dhoni""]",True
conv_0145_sports_cricket,Sports,Cricket,Sports_Cricket,4,What about his IPL career?,What about Mahendra Singh Dhoni's IPL career?,"[""Mahendra Singh Dhoni"", ""IPL""]",True
conv_0145_sports_cricket,Sports,Cricket,Sports_Cricket,5,"wait, how many titles exactly?",How many IPL titles did Mahendra Singh Dhoni win with Chennai Super Kings?,"[""Mahendra Singh Dhoni"", ""Chennai Super Kings"", ""IPL""]",True
conv_0145_sports_cricket,Sports,Cricket,Sports_Cricket,6,back — what was his international record?,What was Mahendra Singh Dhoni's international cricket record?,"[""Mahendra Singh Dhoni""]",True
conv_0145_sports_cricket,Sports,Cricket,Sports_Cricket,7,who was his successor as captain?,Who was Mahendra Singh Dhoni's successor as captain of the Indian cricket team?,"[""Mahendra Singh Dhoni"", ""India"", ""Virat Kohli""]",True
conv_0145_sports_cricket,Sports,Cricket,Sports_Cricket,8,compare Dhoni and Kohli,Compare Mahendra Singh Dhoni and Virat Kohli as cricketers.,"[""Mahendra Singh Dhoni"", ""Virat Kohli""]",True
conv_0145_sports_cricket,Sports,Cricket,Sports_Cricket,9,Did he have any cricketing awards?,Did Mahendra Singh Dhoni receive any notable cricketing awards?,"[""Mahendra Singh Dhoni""]",True
conv_0145_sports_cricket,Sports,Cricket,Sports_Cricket,10,Was he a good wicket-keeper?,Was Mahendra Singh Dhoni a good wicket-keeper in cricket?,"[""Mahendra Singh Dhoni""]",True
conv_0146_sports_cricket,Sports,Cricket,Sports_Cricket,2,what is his role in the team,what is Rohit Sharma's role in the Indian cricket team,"[""Rohit Sharma"", ""Indian cricket team""]",True
conv_0146_sports_cricket,Sports,Cricket,Sports_Cricket,3,and his achievements,what are Rohit Sharma's achievements,"[""Rohit Sharma""]",True
conv_0146_sports_cricket,Sports,Cricket,Sports_Cricket,4,what about his captaincy,what about Rohit Sharma's captaincy,"[""Rohit Sharma""]",True
conv_0146_sports_cricket,Sports,Cricket,Sports_Cricket,6,back - how does he perform under pressure,how does Rohit Sharma perform under pressure,"[""Rohit Sharma""]",True
conv_0146_sports_cricket,Sports,Cricket,Sports_Cricket,7,comparison to other indian batsmen,comparison of Rohit Sharma to other Indian batsmen,"[""Rohit Sharma"", ""Indian batsmen""]",True
conv_0146_sports_cricket,Sports,Cricket,Sports_Cricket,8,does he have any records,does Rohit Sharma have any records,"[""Rohit Sharma""]",True
conv_0146_sports_cricket,Sports,Cricket,Sports_Cricket,9,what about his t20 performance,what about Rohit Sharma's T20 performance,"[""Rohit Sharma""]",True
conv_0146_sports_cricket,Sports,Cricket,Sports_Cricket,10,does he play for any franchise,does Rohit Sharma play for any franchise,"[""Rohit Sharma""]",True
conv_0150_sports_tennis,Sports,Tennis,Sports_Tennis,3,and his weaknesses?,what are Rafael Nadal's weaknesses on court?,"[""Rafael Nadal""]",True
conv_0150_sports_tennis,Sports,Tennis,Sports_Tennis,6,that's impressive; what's his favorite surface?,that's impressive; what is Rafael Nadal's favorite surface?,"[""Rafael Nadal""]",True
conv_0150_sports_tennis,Sports,Tennis,Sports_Tennis,7,what about hard courts?,what about Rafael Nadal's performance on hard courts?,"[""Rafael Nadal""]",True
conv_0150_sports_tennis,Sports,Tennis,Sports_Tennis,8,does he have a rival?,does Rafael Nadal have a rival?,"[""Rafael Nadal""]",True
conv_0150_sports_tennis,Sports,Tennis,Sports_Tennis,10,got it; what about his career timeline?,got it; what about Rafael Nadal's career timeline?,"[""Rafael Nadal""]",True
conv_0151_sports_olympics,Sports,Olympics,Sports_Olympics,3,That's great! What was his throw distance?,That's great! What was Neeraj Chopra's throw distance,"[""Neeraj Chopra""]",True
conv_0151_sports_olympics,Sports,Olympics,Sports_Olympics,4,"wait, what about his qualification?","wait, what about Neeraj Chopra's qualification","[""Neeraj Chopra""]",True
conv_0151_sports_olympics,Sports,Olympics,Sports_Olympics,6,back - what about his training?,back - what about Neeraj Chopra's training,"[""Neeraj Chopra""]",True
conv_0151_sports_olympics,Sports,Olympics,Sports_Olympics,7,his coach is German?,is Neeraj Chopra's coach German,"[""Neeraj Chopra""]",True
conv_0151_sports_olympics,Sports,Olympics,Sports_Olympics,8,compare Neeraj to other Indian athletes,compare Neeraj Chopra to other Indian athletes,"[""Neeraj Chopra"", ""Indian athletes""]",True
conv_0151_sports_olympics,Sports,Olympics,Sports_Olympics,9,wasn't Saina silver?,wasn't Saina Nehwal silver,"[""Saina Nehwal""]",True
conv_0151_sports_olympics,Sports,Olympics,Sports_Olympics,10,how does Neeraj's achievement rate globally?,how does Neeraj Chopra's achievement rate globally,"[""Neeraj Chopra""]",True
conv_0153_technology_ai,Technology,AI,Technology_AI,3,his work on neural networks?,what is Geoffrey Hinton's work on neural networks?,"[""Geoffrey Hinton""]",True
conv_0153_technology_ai,Technology,AI,Technology_AI,4,what about deep learning?,what is Geoffrey Hinton's contribution to deep learning?,"[""Geoffrey Hinton""]",True
conv_0153_technology_ai,Technology,AI,Technology_AI,6,back - what did he do at google?,what did Geoffrey Hinton do at Google?,"[""Geoffrey Hinton"", ""Google""]",True
conv_0153_technology_ai,Technology,AI,Technology_AI,7,and before google?,what did Geoffrey Hinton do before Google?,"[""Geoffrey Hinton""]",True
conv_0153_technology_ai,Technology,AI,Technology_AI,8,what about his current work?,what is Geoffrey Hinton's current work?,"[""Geoffrey Hinton""]",True
conv_0153_technology_ai,Technology,AI,Technology_AI,9,some criticisms?,what are some criticisms of Geoffrey Hinton's work?,"[""Geoffrey Hinton""]",True
conv_0153_technology_ai,Technology,AI,Technology_AI,10,other perspectives?,what are other perspectives on Geoffrey Hinton's work?,"[""Geoffrey Hinton""]",True
conv_0154_technology_ai,Technology,AI,Technology_AI,2,their most famous project?,what is Google DeepMind's most famous project?,"[""Google DeepMind""]",True
conv_0154_technology_ai,Technology,AI,Technology_AI,3,what about recent advancements?,what are Google DeepMind's recent advancements?,"[""Google DeepMind""]",True
conv_0154_technology_ai,Technology,AI,Technology_AI,5,and applications in healthcare?,what are Google DeepMind's applications in healthcare?,"[""Google DeepMind""]",True
conv_0154_technology_ai,Technology,AI,Technology_AI,7,back — what about ethics in AI?,what about ethics in AI at Google DeepMind?,"[""Google DeepMind""]",True
conv_0154_technology_ai,Technology,AI,Technology_AI,8,their approach to safety?,what is Google DeepMind's approach to safety in AI?,"[""Google DeepMind""]",True
conv_0154_technology_ai,Technology,AI,Technology_AI,9,that makes sense; what about competition?,"what about competition in AI research, specifically with Google DeepMind?","[""Google DeepMind""]",True
conv_0154_technology_ai,Technology,AI,Technology_AI,10,compare to facebook ai,how does Google DeepMind compare to Facebook AI?,"[""Google DeepMind"", ""Facebook AI""]",True
conv_0156_technology_space,Technology,Space,Technology_Space,1,who's the ceo of spacex?,who is the CEO of SpaceX?,"[""SpaceX""]",True
conv_0156_technology_space,Technology,Space,Technology_Space,3,that's ambitious — what about his rockets?,that's ambitious — what about Elon Musk's rockets?,"[""Elon Musk""]",True
conv_0156_technology_space,Technology,Space,Technology_Space,4,and what about launches?,and what about SpaceX launches?,"[""SpaceX""]",True
conv_0156_technology_space,Technology,Space,Technology_Space,6,back — what about starlink?,back — what about Starlink?,"[""Starlink""]",False
conv_0156_technology_space,Technology,Space,Technology_Space,7,how many satellites are up?,how many Starlink satellites are up?,"[""Starlink""]",True
conv_0156_technology_space,Technology,Space,Technology_Space,8,what about the competition?,what about the competition to Starlink?,"[""Starlink""]",True
conv_0156_technology_space,Technology,Space,Technology_Space,9,compare spacex to nasa,compare SpaceX to NASA,"[""SpaceX"", ""NASA""]",False
conv_0156_technology_space,Technology,Space,Technology_Space,10,their mars plans?,what are SpaceX's Mars plans?,"[""SpaceX""]",True
conv_0157_technology_gadgets,Technology,Gadgets,Technology_Gadgets,4,"wait, need to check my calendar","wait, need to check my calendar",[],False
conv_0157_technology_gadgets,Technology,Gadgets,Technology_Gadgets,5,back — what about storage options?,back — what about storage options for the latest iPhone model?,"[""iPhone""]",True
conv_0157_technology_gadgets,Technology,Gadgets,Technology_Gadgets,6,his competitors have more storage,the competitors of the iPhone have more storage,"[""iPhone""]",True
conv_0157_technology_gadgets,Technology,Gadgets,Technology_Gadgets,7,what about the camera?,what about the camera of the latest iPhone model?,"[""iPhone""]",True
conv_0157_technology_gadgets,Technology,Gadgets,Technology_Gadgets,8,is it water resistant?,is the latest iPhone model water resistant?,"[""iPhone""]",True
conv_0157_technology_gadgets,Technology,Gadgets,Technology_Gadgets,10,back — what about the battery life?,back — what about the battery life of the latest iPhone model?,"[""iPhone""]",True
conv_0158_entertainment_bollywood,Entertainment,Bollywood,Entertainment_Bollywood,2,what makes him so popular?,what makes Shah Rukh Khan so popular?,"[""Shah Rukh Khan""]",True
conv_0158_entertainment_bollywood,Entertainment,Bollywood,Entertainment_Bollywood,3,his movies are so iconic,Shah Rukh Khan's movies are so iconic,"[""Shah Rukh Khan""]",True
conv_0158_entertainment_bollywood,Entertainment,Bollywood,Entertainment_Bollywood,4,what's his upcoming project?,what is Shah Rukh Khan's upcoming project?,"[""Shah Rukh Khan""]",True
conv_0158_entertainment_bollywood,Entertainment,Bollywood,Entertainment_Bollywood,5,who does he usually work with?,who does Shah Rukh Khan usually work with?,"[""Shah Rukh Khan""]",True
conv_0158_entertainment_bollywood,Entertainment,Bollywood,Entertainment_Bollywood,6,"brb, checking his filmography","brb, checking Shah Rukh Khan's filmography","[""UK""]",True
conv_0158_entertainment_bollywood,Entertainment,Bollywood,Entertainment_Bollywood,7,back! what's about his early life?,I'm back! what's about Shah Rukh Khan's early life?,"[""Shah Rukh Khan""]",True
conv_0158_entertainment_bollywood,Entertainment,Bollywood,Entertainment_Bollywood,8,did he struggle initially?,did Shah Rukh Khan struggle initially?,"[""Shah Rukh Khan""]",True
conv_0158_entertainment_bollywood,Entertainment,Bollywood,Entertainment_Bollywood,9,what about his family?,what about Shah Rukh Khan's family?,"[""Shah Rukh Khan""]",True
conv_0158_entertainment_bollywood,Entertainment,Bollywood,Entertainment_Bollywood,10,are they still together?,are Shah Rukh Khan and his wife still together?,"[""Shah Rukh Khan""]",True
conv_0159_entertainment_bollywood,Entertainment,Bollywood,Entertainment_Bollywood,1,who's aamir khan?,who is Aamir Khan?,"[""Aamir Khan""]",True
conv_0159_entertainment_bollywood,Entertainment,Bollywood,Entertainment_Bollywood,4,"wait, what about his awards?",what about Aamir Khan's awards?,"[""Aamir Khan""]",True
conv_0159_entertainment_bollywood,Entertainment,Bollywood,Entertainment_Bollywood,6,back - what's his production company?,what is Aamir Khan's production company?,"[""Aamir Khan""]",True
conv_0159_entertainment_bollywood,Entertainment,Bollywood,Entertainment_Bollywood,8,compare him with shah rokh khan,compare Aamir Khan with Shah Rukh Khan,"[""Aamir Khan"", ""Shah Rukh Khan""]",True
conv_0159_entertainment_bollywood,Entertainment,Bollywood,Entertainment_Bollywood,10,"got it, thanks","got it, thanks",[],False
conv_0160_entertainment_hollywood,Entertainment,Hollywood,Entertainment_Hollywood,3,His films often have complex plots.,His films often have complex plots.,[],False
conv_0160_entertainment_hollywood,Entertainment,Hollywood,Entertainment_Hollywood,4,what about his early work?,What about Christopher Nolan's early work?,"[""Christopher Nolan""]",True
conv_0160_entertainment_hollywood,Entertainment,Hollywood,Entertainment_Hollywood,6,back — what's his approach to filmmaking?,back — what's Christopher Nolan's approach to filmmaking?,"[""Christopher Nolan""]",True
conv_0160_entertainment_hollywood,Entertainment,Hollywood,Entertainment_Hollywood,8,His movies usually have great soundtracks.,His movies usually have great soundtracks.,[],False
conv_0160_entertainment_hollywood,Entertainment,Hollywood,Entertainment_Hollywood,9,compare his films to those of Quentin Tarantino,Compare Christopher Nolan's films to those of Quentin Tarantino.,"[""Christopher Nolan"", ""Quentin Tarantino""]",True
conv_0160_entertainment_hollywood,Entertainment,Hollywood,Entertainment_Hollywood,10,which one do you think is more influential?,"Which one do you think is more influential, Christopher Nolan or Quentin Tarantino?","[""Christopher Nolan"", ""Quentin Tarantino""]",True
conv_0162_health_nutrition,Health,Nutrition,Health_Nutrition,2,who benefits from it?,who benefits from intermittent fasting?,[],True
conv_0162_health_nutrition,Health,Nutrition,Health_Nutrition,3,how does it help with weight loss?,how does intermittent fasting help with weight loss?,[],True
conv_0162_health_nutrition,Health,Nutrition,Health_Nutrition,4,what are the different types?,what are the different types of intermittent fasting?,[],True
conv_0162_health_nutrition,Health,Nutrition,Health_Nutrition,5,does it improve mental clarity?,does intermittent fasting improve mental clarity?,[],True
conv_0162_health_nutrition,Health,Nutrition,Health_Nutrition,7,back - what about nutrient deficiencies?,back - what about nutrient deficiencies with intermittent fasting?,[],True
conv_0162_health_nutrition,Health,Nutrition,Health_Nutrition,8,can anyone try it?,can anyone try intermittent fasting?,[],True
conv_0162_health_nutrition,Health,Nutrition,Health_Nutrition,9,what about his effects on blood sugar?,what are the effects of intermittent fasting on blood sugar?,[],True
conv_0162_health_nutrition,Health,Nutrition,Health_Nutrition,10,that sounds good; what about her experiences with it?,that sounds good; what are women's experiences with intermittent fasting?,[],True
conv_0163_health_mental_health,Health,Mental Health,Health_Mental Health,2,How does it affect people?,How does anxiety affect people?,[],True
conv_0163_health_mental_health,Health,Mental Health,Health_Mental Health,3,Is it common?,Is anxiety common?,[],True
conv_0163_health_mental_health,Health,Mental Health,Health_Mental Health,4,What about his treatment options?,What are the treatment options for anxiety?,[],True
conv_0163_health_mental_health,Health,Mental Health,Health_Mental Health,6,back — what about causes?,what are the causes of anxiety?,[],True
conv_0163_health_mental_health,Health,Mental Health,Health_Mental Health,8,How does therapy help?,How does therapy help with anxiety?,[],True
conv_0163_health_mental_health,Health,Mental Health,Health_Mental Health,9,What about her experiences with anxiety?,What are people's experiences with anxiety?,[],True
conv_0164_health_fitness,Health,Fitness,Health_Fitness,3,"I've heard it's only for flexibility, is that true?","I've heard yoga is only for flexibility, is that true?","[""yoga""]",True
conv_0164_health_fitness,Health,Fitness,Health_Fitness,4,what about his breathing techniques?,what about yoga breathing techniques?,"[""yoga""]",True
conv_0164_health_fitness,Health,Fitness,Health_Fitness,6,back — what about yoga for athletes?,I'm back — what about yoga for athletes?,"[""yoga"", ""athletes""]",True
conv_0164_health_fitness,Health,Fitness,Health_Fitness,7,does it help with muscle recovery?,does yoga help with muscle recovery?,"[""yoga""]",True
conv_0164_health_fitness,Health,Fitness,Health_Fitness,8,"I've tried it, but I find it hard to focus, what about her style?","I've tried yoga, but I find it hard to focus, what about her teaching style?",[],True
conv_0164_health_fitness,Health,Fitness,Health_Fitness,9,what about comparison with pilates?,what about the comparison between yoga and pilates?,"[""yoga"", ""pilates""]",True
conv_0164_health_fitness,Health,Fitness,Health_Fitness,10,"got it, I'll try it again","got it, I'll try yoga again","[""yoga""]",True
conv_0166_history_world_wars,History,World Wars,History_World Wars,3,what about the axis powers?,what about the Axis powers in World War II?,"[""Axis powers""]",True
conv_0166_history_world_wars,History,World Wars,History_World Wars,5,back — what was the war's cause?,back — what was the cause of World War II?,"[""World War II"", ""World War I""]",True
conv_0166_history_world_wars,History,World Wars,History_World Wars,6,his aggressive expansion?,was Adolf Hitler's aggressive expansion the cause of World War II?,"[""Adolf Hitler""]",True
conv_0166_history_world_wars,History,World Wars,History_World Wars,7,what about D-Day?,what about D-Day in World War II?,"[""D-Day""]",True
conv_0166_history_world_wars,History,World Wars,History_World Wars,8,and the pacific theater?,and what happened in the Pacific theater during World War II?,"[""Pacific theater""]",True
conv_0166_history_world_wars,History,World Wars,History_World Wars,9,who was the general for the usa?,who was the general for the USA during World War II?,"[""USA""]",True
conv_0166_history_world_wars,History,World Wars,History_World Wars,10,compare hitler and churchill,compare Adolf Hitler and Winston Churchill,"[""Adolf Hitler"", ""Winston Churchill""]",True
conv_0167_geography_countries,Geography,Countries,Geography_Countries,2,who is the president?,who is the president of India?,"[""India""]",True
conv_0167_geography_countries,Geography,Countries,Geography_Countries,3,what's the population?,what is India's population?,"[""India""]",True
conv_0167_geography_countries,Geography,Countries,Geography_Countries,5,back - how many states in India?,I am back - how many states are there in India?,"[""India""]",True
conv_0167_geography_countries,Geography,Countries,Geography_Countries,6,what's the largest state?,what is the largest state in India?,"[""India""]",True
conv_0167_geography_countries,Geography,Countries,Geography_Countries,7,and the smallest?,and what is the smallest state in India?,"[""India""]",True
conv_0167_geography_countries,Geography,Countries,Geography_Countries,8,what about languages spoken?,what about languages spoken in India?,"[""India""]",True
conv_0167_geography_countries,Geography,Countries,Geography_Countries,10,compare to China,compare India's coastline to China's,"[""India"", ""China""]",True
conv_0168_geography_cities,Geography,Cities,Geography_Cities,6,back — what's paris' population?,I am back — what is Paris' population?,"[""Paris""]",True
conv_0168_geography_cities,Geography,Cities,Geography_Cities,7,how does it compare to london?,how does Paris' population compare to London's?,"[""Paris"", ""London""]",True
conv_0168_geography_cities,Geography,Cities,Geography_Cities,8,what's the main language spoken?,what is the main language spoken in Paris?,"[""Paris""]",True
conv_0168_geography_cities,Geography,Cities,Geography_Cities,9,are there many tourists?,are there many tourists in Paris?,"[""Paris""]",True
conv_0168_geography_cities,Geography,Cities,Geography_Cities,10,what about surrounding areas?,what about the surrounding areas of Paris?,"[""Paris""]",True
conv_0169_general_general,General,General,General_General,2,"what about you, I mean, you personally?",what about you personally?,[],True
conv_0169_general_general,General,General,General_General,3,"right, so what's the weather like today?",what's the weather like today?,[],True
conv_0169_general_general,General,General,General_General,4,"wait, I need to check on something, brb","wait, I need to check on something, be right back",[],True
conv_0169_general_general,General,General,General_General,6,is it usually sunny this time of year?,is it usually sunny this time of year?,[],False
conv_0169_general_general,General,General,General_General,7,I'm in a pretty warm place,I'm in a pretty warm place,[],False
conv_0169_general_general,General,General,General_General,8,do people usually go to the beach?,do people usually go to the beach in your warm place?,[],True
conv_0169_general_general,General,General,General_General,9,my friend loves the beach,my friend loves the beach,"[""my friend""]",False
conv_0169_general_general,General,General,General_General,10,she also likes hiking,my friend also likes hiking,"[""my friend""]",True
conv_0170_politics_india,Politics,India,Politics_India,3,what's his stance on economic growth,what is Narendra Modi's stance on economic growth,"[""Narendra Modi""]",True
conv_0170_politics_india,Politics,India,Politics_India,5,back - what about his education,back - what about Narendra Modi's education,"[""Narendra Modi""]",True
conv_0170_politics_india,Politics,India,Politics_India,6,that's impressive; what about his early life,that's impressive; what about Narendra Modi's early life,"[""Narendra Modi""]",True
conv_0170_politics_india,Politics,India,Politics_India,7,who is his family,who is Narendra Modi's family,"[""Narendra Modi""]",True
conv_0170_politics_india,Politics,India,Politics_India,8,interesting; what are criticisms against him,interesting; what are criticisms against Narendra Modi,"[""Narendra Modi""]",True
conv_0170_politics_india,Politics,India,Politics_India,9,that's a tough topic; what about his foreign policy,that's a tough topic; what about Narendra Modi's foreign policy,"[""Narendra Modi""]",True
conv_0170_politics_india,Politics,India,Politics_India,10,"wait, what about neighbouring countries","wait, what about Narendra Modi's policy on neighbouring countries","[""Narendra Modi""]",True
conv_0171_politics_india,Politics,India,Politics_India,4,what's his stance on economic policies?,what is Rahul Gandhi's stance on economic policies?,"[""Rahul Gandhi""]",True
conv_0171_politics_india,Politics,India,Politics_India,8,what did he do after that?,what did Rahul Gandhi do after the 2019 election?,"[""Rahul Gandhi""]",True
conv_0171_politics_india,Politics,India,Politics_India,9,who took over after him?,who took over as INC president after Rahul Gandhi?,"[""Rahul Gandhi"", ""INC""]",True
conv_0171_politics_india,Politics,India,Politics_India,10,what's his current role?,what is Rahul Gandhi's current role?,"[""Rahul Gandhi""]",True
conv_0175_politics_usa,Politics,USA,Politics_USA,1,who is the current president of the usa?,who is the current president of the United States of America?,"[""USA""]",True
conv_0175_politics_usa,Politics,USA,Politics_USA,6,does she have any specific duties?,does Kamala Harris have any specific duties as Vice President of the United States?,"[""Kamala Harris"", ""USA""]",True
conv_0175_politics_usa,Politics,USA,Politics_USA,8,compare their policies on healthcare,compare Joe Biden's and Donald Trump's policies on healthcare,"[""Joe Biden"", ""Donald Trump""]",True
conv_0175_politics_usa,Politics,USA,Politics_USA,9,"got it, and what about climate change?","got it, and what about Joe Biden's and Donald Trump's policies on climate change?","[""Joe Biden"", ""Donald Trump""]",True
conv_0175_politics_usa,Politics,USA,Politics_USA,10,does he have a lot of power?,does Joe Biden have a lot of power as President of the United States?,"[""Joe Biden"", ""USA""]",True
conv_0178_sports_cricket,Sports,Cricket,Sports_Cricket,3,"His career looks impressive, what are his achievements?",What are Virat Kohli's achievements in his cricket career?,"[""Virat Kohli""]",True
conv_0178_sports_cricket,Sports,Cricket,Sports_Cricket,5,back — what about his captaincy?,I'm back — what about Virat Kohli's captaincy?,"[""Virat Kohli""]",True
conv_0178_sports_cricket,Sports,Cricket,Sports_Cricket,7,what about T20 World Cup?,What about Virat Kohli in the T20 World Cup?,"[""Virat Kohli"", ""T20 World Cup""]",True
conv_0178_sports_cricket,Sports,Cricket,Sports_Cricket,8,"His records are amazing, what are his weaknesses?",What are Virat Kohli's weaknesses despite his amazing cricket records?,"[""Virat Kohli""]",True
conv_0178_sports_cricket,Sports,Cricket,Sports_Cricket,9,comparison with other greats?,What is the comparison of Virat Kohli with other cricket greats?,"[""Virat Kohli""]",True
conv_0178_sports_cricket,Sports,Cricket,Sports_Cricket,10,Is he still playing?,Is Virat Kohli still playing cricket?,"[""Virat Kohli""]",True
conv_0179_sports_cricket,Sports,Cricket,Sports_Cricket,5,back — what about his international career?,I'm back — what about Mahendra Singh Dhoni's international career?,"[""Mahendra Singh Dhoni""]",True
conv_0179_sports_cricket,Sports,Cricket,Sports_Cricket,7,who was his IPL team?,which IPL team did Mahendra Singh Dhoni play for?,"[""Mahendra Singh Dhoni"", ""IPL""]",True
conv_0179_sports_cricket,Sports,Cricket,Sports_Cricket,10,That’s interesting; what about his records?,That’s interesting; what about Mahendra Singh Dhoni's records?,"[""Mahendra Singh Dhoni""]",True
conv_0184_sports_tennis,Sports,Tennis,Sports_Tennis,3,his nickname?,What is Rafael Nadal's nickname?,"[""Rafael Nadal""]",True
conv_0184_sports_tennis,Sports,Tennis,Sports_Tennis,4,what about other surfaces?,What about Rafael Nadal's performance on other surfaces?,"[""Rafael Nadal""]",True
conv_0184_sports_tennis,Sports,Tennis,Sports_Tennis,6,back - how many grand slams has he won?,How many Grand Slam titles has Rafael Nadal won?,"[""Rafael Nadal"", ""Grand Slam""]",True
conv_0184_sports_tennis,Sports,Tennis,Sports_Tennis,7,which ones?,Which Grand Slam titles has Rafael Nadal won?,"[""Rafael Nadal"", ""Grand Slam""]",True
conv_0184_sports_tennis,Sports,Tennis,Sports_Tennis,9,compare his style to Federer's,Compare Rafael Nadal's style to Roger Federer's,"[""Rafael Nadal"", ""Roger Federer""]",True
conv_0184_sports_tennis,Sports,Tennis,Sports_Tennis,10,has he won Olympic gold?,Has Rafael Nadal won Olympic gold?,"[""Rafael Nadal"", ""Olympic""]",True
conv_0185_sports_olympics,Sports,Olympics,Sports_Olympics,3,That’s impressive! What about his training?,That’s impressive! What about Neeraj Chopra's training?,"[""Neeraj Chopra""]",True
conv_0185_sports_olympics,Sports,Olympics,Sports_Olympics,4,What is his personal best throw?,What is Neeraj Chopra's personal best throw?,"[""Neeraj Chopra""]",True
conv_0185_sports_olympics,Sports,Olympics,Sports_Olympics,5,How does he compare to other javelin throwers?,How does Neeraj Chopra compare to other javelin throwers?,"[""Neeraj Chopra""]",True
conv_0185_sports_olympics,Sports,Olympics,Sports_Olympics,6,"wait, got to check something","wait, got to check something",[],False
conv_0185_sports_olympics,Sports,Olympics,Sports_Olympics,8,what events did he participate in initially?,what events did Neeraj Chopra participate in initially?,"[""Neeraj Chopra""]",True
conv_0185_sports_olympics,Sports,Olympics,Sports_Olympics,9,who inspired him?,who inspired Neeraj Chopra?,"[""Neeraj Chopra""]",True
conv_0185_sports_olympics,Sports,Olympics,Sports_Olympics,10,That’s great! What is his current ranking?,That’s great! What is Neeraj Chopra's current ranking?,"[""Neeraj Chopra""]",True
conv_0186_technology_ai,Technology,AI,Technology_AI,3,what about its chatbot?,what about OpenAI's chatbot?,"[""OpenAI""]",True
conv_0186_technology_ai,Technology,AI,Technology_AI,4,is it publicly available?,is OpenAI's chatbot publicly available?,"[""OpenAI""]",True
conv_0186_technology_ai,Technology,AI,Technology_AI,8,how does it make money?,how does OpenAI make money?,"[""OpenAI""]",True
conv_0186_technology_ai,Technology,AI,Technology_AI,9,compare to google ai,compare OpenAI to Google AI,"[""OpenAI"", ""Google AI""]",True
conv_0186_technology_ai,Technology,AI,Technology_AI,10,their research publications?,what are OpenAI's research publications?,"[""OpenAI""]",True
conv_0189_technology_space,Technology,Space,Technology_Space,1,What does ISRO stand for?,What does ISRO stand for?,"[""ISRO""]",False
conv_0189_technology_space,Technology,Space,Technology_Space,3,what are their recent achievements?,what are ISRO's recent achievements?,"[""ISRO""]",True
conv_0189_technology_space,Technology,Space,Technology_Space,4,what about Gaganyaan?,what about the Gaganyaan mission?,"[""Gaganyaan""]",True
conv_0189_technology_space,Technology,Space,Technology_Space,6,back — what about their budget?,I'm back — what about ISRO's budget?,"[""ISRO""]",True
conv_0189_technology_space,Technology,Space,Technology_Space,7,that's a lot; how does it compare to NASA?,that's a lot; how does ISRO's budget compare to NASA's?,"[""ISRO"", ""NASA""]",True
conv_0189_technology_space,Technology,Space,Technology_Space,9,did it fail?,did the Mars mission fail?,[],True
conv_0189_technology_space,Technology,Space,Technology_Space,10,switching to their future plans; what’s next?,switching to ISRO's future plans; what’s next for ISRO?,"[""ISRO""]",True
conv_0190_technology_space,Technology,Space,Technology_Space,2,what are their main achievements?,what are SpaceX's main achievements?,"[""SpaceX""]",True
conv_0190_technology_space,Technology,Space,Technology_Space,3,that's impressive. what about his rockets?,that's impressive. what about Elon Musk's rockets?,"[""Elon Musk""]",True
conv_0190_technology_space,Technology,Space,Technology_Space,4,what about Starship?,what about Starship?,[],False
conv_0190_technology_space,Technology,Space,Technology_Space,6,back — what's the status on Starship?,back — what's the status on Starship?,[],False
conv_0190_technology_space,Technology,Space,Technology_Space,7,and their astronaut program?,and SpaceX's astronaut program?,"[""SpaceX""]",True
conv_0190_technology_space,Technology,Space,Technology_Space,8,who are the astronauts they work with?,who are the astronauts SpaceX works with?,"[""SpaceX""]",True
conv_0190_technology_space,Technology,Space,Technology_Space,9,what about international cooperation?,what about international cooperation in space exploration?,[],True
conv_0191_technology_gadgets,Technology,Gadgets,Technology_Gadgets,3,How does its camera compare to the previous model?,How does the camera of the iPhone 14 Pro compare to the camera of the iPhone 13 Pro?,"[""iPhone 14 Pro"", ""iPhone 13 Pro""]",True
conv_0191_technology_gadgets,Technology,Gadgets,Technology_Gadgets,5,Is it waterproof?,Is the iPhone 14 Pro waterproof?,"[""iPhone 14 Pro""]",True
conv_0191_technology_gadgets,Technology,Gadgets,Technology_Gadgets,6,"brb, checking prices","be right back, checking prices",[],True
conv_0191_technology_gadgets,Technology,Gadgets,Technology_Gadgets,7,back — what's the storage capacity?,I am back — what is the storage capacity of the iPhone 14 Pro?,"[""iPhone 14 Pro""]",True
conv_0191_technology_gadgets,Technology,Gadgets,Technology_Gadgets,8,How much does the base model cost?,How much does the base model of the iPhone 14 Pro cost?,"[""iPhone 14 Pro""]",True
conv_0191_technology_gadgets,Technology,Gadgets,Technology_Gadgets,10,Compare their displays,Compare the displays of the iPhone 14 Pro and the iPhone 13,"[""iPhone 14 Pro"", ""iPhone 13""]",True
conv_0192_entertainment_bollywood,Entertainment,Bollywood,Entertainment_Bollywood,3,"his wife, who's she?","his wife, who is she?","[""Shah Rukh Khan""]",True
conv_0192_entertainment_bollywood,Entertainment,Bollywood,Entertainment_Bollywood,4,and kids?,and what are his kids?,"[""Shah Rukh Khan""]",True
conv_0192_entertainment_bollywood,Entertainment,Bollywood,Entertainment_Bollywood,7,where did he study?,where did Shah Rukh Khan study?,"[""Shah Rukh Khan""]",True
conv_0192_entertainment_bollywood,Entertainment,Bollywood,Entertainment_Bollywood,8,what was his first film?,what was Shah Rukh Khan's first film?,"[""Shah Rukh Khan""]",True
conv_0192_entertainment_bollywood,Entertainment,Bollywood,Entertainment_Bollywood,9,was it successful?,was Deewana successful?,"[""Deewana""]",True
conv_0192_entertainment_bollywood,Entertainment,Bollywood,Entertainment_Bollywood,10,and what about raees?,and what about the film Raees?,"[""Raees""]",True
conv_0195_entertainment_hollywood,Entertainment,Hollywood,Entertainment_Hollywood,1,who is the ceo of marvel studios?,who is the CEO of Marvel Studios?,"[""Marvel Studios""]",False
conv_0195_entertainment_hollywood,Entertainment,Hollywood,Entertainment_Hollywood,3,"his team is huge, right?","Marvel Studios' team is huge, right?",[],True
conv_0195_entertainment_hollywood,Entertainment,Hollywood,Entertainment_Hollywood,5,back — what about the next marvel movie?,I'm back — what about the next Marvel movie?,"[""Marvel""]",True
conv_0195_entertainment_hollywood,Entertainment,Hollywood,Entertainment_Hollywood,7,and the avengers?,and what about the Avengers?,"[""Avengers""]",True
conv_0195_entertainment_hollywood,Entertainment,Hollywood,Entertainment_Hollywood,8,what about the marvel tv shows?,what about the Marvel TV shows?,"[""Marvel""]",False
conv_0195_entertainment_hollywood,Entertainment,Hollywood,Entertainment_Hollywood,9,are they connected to the movies?,are the Marvel TV shows connected to the Marvel movies?,"[""Marvel""]",True
conv_0195_entertainment_hollywood,Entertainment,Hollywood,Entertainment_Hollywood,10,how does disney+ impact marvel?,how does Disney+ impact Marvel Studios?,"[""Disney+""]",True
conv_0196_health_nutrition,Health,Nutrition,Health_Nutrition,4,and what about its types?,what are the types of intermittent fasting?,[],True
conv_0196_health_nutrition,Health,Nutrition,Health_Nutrition,6,back - what about 16:8?,what about the 16:8 intermittent fasting method?,[],True
conv_0196_health_nutrition,Health,Nutrition,Health_Nutrition,7,is it good for weight loss?,is the 16:8 intermittent fasting method good for weight loss?,[],True
conv_0196_health_nutrition,Health,Nutrition,Health_Nutrition,9,how does it affect insulin sensitivity?,how does intermittent fasting affect insulin sensitivity?,[],True
conv_0196_health_nutrition,Health,Nutrition,Health_Nutrition,10,can anyone do it?,can anyone do intermittent fasting?,[],True
conv_0199_history_india,History,India,History_India,2,what was his role in india's independence?,what was Mahatma Gandhi's role in India's independence?,"[""India"", ""Mahatma Gandhi""]",True
conv_0199_history_india,History,India,History_India,3,his methods inspired others?,did Mahatma Gandhi's methods inspire others?,"[""Mahatma Gandhi""]",True
conv_0199_history_india,History,India,History_India,5,"wait, what's his wife's name?",what is Mahatma Gandhi's wife's name?,"[""Mahatma Gandhi""]",True
conv_0199_history_india,History,India,History_India,7,back - what were his major movements?,what were Mahatma Gandhi's major movements?,"[""Mahatma Gandhi""]",True
conv_0199_history_india,History,India,History_India,8,the quit india movement was in?,in what year was the Quit India Movement led by Mahatma Gandhi?,"[""Quit India Movement"", ""Mahatma Gandhi""]",True
conv_0199_history_india,History,India,History_India,9,what was the outcome?,what was the outcome of the Quit India Movement led by Mahatma Gandhi?,"[""Quit India Movement"", ""Mahatma Gandhi""]",True
conv_0199_history_india,History,India,History_India,10,who were his influences?,who were Mahatma Gandhi's influences?,"[""Mahatma Gandhi""]",True
conv_0201_geography_countries,Geography,Countries,Geography_Countries,5,back — what about its geography?,I'm back — what about India's geography?,"[""India""]",True
conv_0201_geography_countries,Geography,Countries,Geography_Countries,6,are there deserts too?,are there deserts in India too?,"[""India""]",True
conv_0201_geography_countries,Geography,Countries,Geography_Countries,7,how many states are there?,how many states are there in India?,"[""India""]",True
conv_0201_geography_countries,Geography,Countries,Geography_Countries,8,what about the language?,what about the language in India?,"[""India""]",True
conv_0201_geography_countries,Geography,Countries,Geography_Countries,9,does it share borders with china?,does India share borders with China?,"[""India"", ""China""]",True
conv_0203_general_general,General,General,General_General,3,"same here, actually. his workload seems heavy",my workload seems heavy,[],True
conv_0203_general_general,General,General,General_General,4,do they have any fun plans?,do you have any fun plans?,[],True
conv_0203_general_general,General,General,General_General,6,back - what were we talking about?,back - what were we talking about?,[],False
conv_0203_general_general,General,General,General_General,7,right. and the weather?,and the weather?,[],True
conv_0203_general_general,General,General,General_General,8,that's a nice change. their forecast said rain,that's a nice change. the forecast said rain,[],True
conv_0203_general_general,General,General,General_General,9,what's your favorite season?,what's your favorite season?,[],False
conv_0203_general_general,General,General,General_General,10,mine too! what about summer?,mine too! what about summer?,[],False
conv_0204_politics_india,Politics,India,Politics_India,3,his economic policies?,what are Narendra Modi's economic policies?,"[""Narendra Modi"", ""India""]",True
conv_0204_politics_india,Politics,India,Politics_India,6,and what about his family?,and what about Narendra Modi's family?,"[""Narendra Modi"", ""India""]",True
conv_0204_politics_india,Politics,India,Politics_India,7,compare him with previous pm manmohan singh,compare Narendra Modi with previous prime minister Manmohan Singh,"[""Narendra Modi"", ""Manmohan Singh"", ""India""]",True
conv_0204_politics_india,Politics,India,Politics_India,8,what are criticisms against him?,what are criticisms against Narendra Modi?,"[""Narendra Modi"", ""India""]",True
conv_0204_politics_india,Politics,India,Politics_India,9,does he have a strong social media presence?,does Narendra Modi have a strong social media presence?,"[""Narendra Modi""]",True
conv_0204_politics_india,Politics,India,Politics_India,10,how does he engage with the public?,how does Narendra Modi engage with the public?,"[""Narendra Modi"", ""India""]",True
conv_0206_politics_india,Politics,India,Politics_India,3,"His economic policies were quite influential, weren't they?","Manmohan Singh's economic policies were quite influential, weren't they?","[""Manmohan Singh""]",True
conv_0206_politics_india,Politics,India,Politics_India,4,What about his role in healthcare?,What about Manmohan Singh's role in healthcare?,"[""Manmohan Singh""]",True
conv_0206_politics_india,Politics,India,Politics_India,6,back - what was his education background?,back - what was Manmohan Singh's education background?,"[""Manmohan Singh""]",True
conv_0206_politics_india,Politics,India,Politics_India,7,That's impressive. Did he serve in any other roles before becoming PM?,That's impressive. Did Manmohan Singh serve in any other roles before becoming Prime Minister?,"[""Manmohan Singh""]",True
conv_0206_politics_india,Politics,India,Politics_India,8,What about his tenure as Finance Minister?,What about Manmohan Singh's tenure as Finance Minister?,"[""Manmohan Singh""]",True
conv_0206_politics_india,Politics,India,Politics_India,9,"Those reforms had a lasting impact, didn't they?","Manmohan Singh's reforms had a lasting impact, didn't they?","[""Manmohan Singh""]",True
conv_0206_politics_india,Politics,India,Politics_India,10,How long did he serve as PM?,How long did Manmohan Singh serve as Prime Minister?,"[""Manmohan Singh""]",True
conv_0209_politics_usa,Politics,USA,Politics_USA,3,And what about his role in foreign policy?,And what about Joe Biden's role in foreign policy as President of the United States?,"[""Joe Biden"", ""United States""]",True
conv_0209_politics_usa,Politics,USA,Politics_USA,7,what about before him?,what about the President before Joe Biden?,"[""Joe Biden""]",True
conv_0209_politics_usa,Politics,USA,Politics_USA,8,How does Joe Biden's approach differ from Trump's?,How does Joe Biden's approach differ from Donald Trump's?,"[""Joe Biden"", ""Donald Trump""]",True
conv_0209_politics_usa,Politics,USA,Politics_USA,9,That’s interesting. What are some of Biden's key domestic priorities?,That’s interesting. What are some of Joe Biden's key domestic priorities?,"[""Joe Biden""]",True
conv_0209_politics_usa,Politics,USA,Politics_USA,10,His economic plans?,What are Joe Biden's economic plans?,"[""Joe Biden""]",True
conv_0211_politics_usa,Politics,USA,Politics_USA,3,"His healthcare plan is famous, right?","His healthcare plan, the Affordable Care Act, is famous, right?","[""Affordable Care Act""]",True
conv_0211_politics_usa,Politics,USA,Politics_USA,7,who was his main opponent in the 2008 election?,who was Barack Obama's main opponent in the 2008 election?,"[""Barack Obama"", ""2008 election""]",True
conv_0211_politics_usa,Politics,USA,Politics_USA,8,what about 2012?,what about Barack Obama's opponent in the 2012 election?,"[""Barack Obama"", ""2012 election""]",True
conv_0211_politics_usa,Politics,USA,Politics_USA,9,compare Obama and Trump,compare Barack Obama and Donald Trump,"[""Barack Obama"", ""Donald Trump""]",True
conv_0211_politics_usa,Politics,USA,Politics_USA,10,"got it, thanks for now","got it, thanks for now",[],False
conv_0214_sports_cricket,Sports,Cricket,Sports_Cricket,5,back - what about his IPL team?,back - what about Rohit Sharma's IPL team?,"[""Rohit Sharma"", ""IPL""]",True
conv_0214_sports_cricket,Sports,Cricket,Sports_Cricket,9,does he have any international centuries?,does Rohit Sharma have any international centuries?,"[""Rohit Sharma""]",True
conv_0218_sports_tennis,Sports,Tennis,Sports_Tennis,3,and his serve?,and what are Rafael Nadal's serve strengths?,"[""Rafael Nadal""]",True
conv_0218_sports_tennis,Sports,Tennis,Sports_Tennis,4,"wait, gotta take a call","wait, I have to take a call",[],True
conv_0218_sports_tennis,Sports,Tennis,Sports_Tennis,6,who has he beaten most?,who has Rafael Nadal beaten most?,"[""Rafael Nadal""]",True
conv_0218_sports_tennis,Sports,Tennis,Sports_Tennis,7,on which surface does he perform best?,on which surface does Rafael Nadal perform best?,"[""Rafael Nadal""]",True
conv_0218_sports_tennis,Sports,Tennis,Sports_Tennis,9,what's his current ranking?,what is Rafael Nadal's current ranking?,"[""Rafael Nadal""]",True
conv_0218_sports_tennis,Sports,Tennis,Sports_Tennis,10,what about his injuries?,what about Rafael Nadal's injuries?,"[""Rafael Nadal""]",True
conv_0220_technology_ai,Technology,AI,Technology_AI,3,and its goal?,what is OpenAI's goal?,"[""OpenAI""]",True
conv_0220_technology_ai,Technology,AI,Technology_AI,7,back — what about other OpenAI projects?,back — what about other OpenAI projects?,"[""OpenAI""]",False
conv_0220_technology_ai,Technology,AI,Technology_AI,8,its use case?,what are the use cases of DALL-E?,"[""DALL-E""]",True
conv_0220_technology_ai,Technology,AI,Technology_AI,9,compare ChatGPT and DALL-E,compare ChatGPT and DALL-E,"[""ChatGPT"", ""DALL-E""]",False
conv_0220_technology_ai,Technology,AI,Technology_AI,10,OpenAI’s safety measures?,what are OpenAI's safety measures?,"[""OpenAI""]",True
conv_0221_technology_ai,Technology,AI,Technology_AI,1,who's geoffrey hinton?,who is Geoffrey Hinton?,"[""Geoffrey Hinton""]",True
conv_0221_technology_ai,Technology,AI,Technology_AI,4,what about his recent focus?,what is Geoffrey Hinton's recent focus in AI?,"[""Geoffrey Hinton""]",True
conv_0221_technology_ai,Technology,AI,Technology_AI,6,back — what's his background?,what is Geoffrey Hinton's educational and professional background?,"[""Geoffrey Hinton""]",True
conv_0221_technology_ai,Technology,AI,Technology_AI,7,who influenced him?,who influenced Geoffrey Hinton in his career?,"[""Geoffrey Hinton""]",True
conv_0221_technology_ai,Technology,AI,Technology_AI,8,what did he invent?,what did Geoffrey Hinton invent in AI?,"[""Geoffrey Hinton""]",True
conv_0221_technology_ai,Technology,AI,Technology_AI,9,how's it used today?,how is the backpropagation algorithm used today in AI?,[],True
conv_0221_technology_ai,Technology,AI,Technology_AI,10,"brb, meeting starts","be right back, my meeting starts",[],True
conv_0222_technology_ai,Technology,AI,Technology_AI,2,what are their main projects?,what are Google DeepMind's main projects?,"[""Google DeepMind""]",True
conv_0222_technology_ai,Technology,AI,Technology_AI,3,"alphaGo, wasn't that a game?",wasn't AlphaGo a game?,"[""AlphaGo""]",True
conv_0222_technology_ai,Technology,AI,Technology_AI,5,"their AI systems seem powerful, are they open-source?",are Google DeepMind's AI systems open-source?,"[""Google DeepMind""]",True
conv_0222_technology_ai,Technology,AI,Technology_AI,7,back — how does deepmind make money?,how does Google DeepMind make money?,"[""Google DeepMind""]",True
conv_0222_technology_ai,Technology,AI,Technology_AI,9,are they ahead of others?,is Google DeepMind ahead of its competitors?,"[""Google DeepMind""]",True
conv_0222_technology_ai,Technology,AI,Technology_AI,10,"their AI seems impressive, what about safety?",what about Google DeepMind's AI safety?,"[""Google DeepMind""]",True
conv_0223_technology_space,Technology,Space,Technology_Space,4,what about satellite launches?,What about ISRO's satellite launches?,"[""ISRO""]",True
conv_0223_technology_space,Technology,Space,Technology_Space,6,How does ISRO contribute to India?,How does ISRO contribute to India?,"[""ISRO"", ""India""]",False
conv_0223_technology_space,Technology,Space,Technology_Space,7,what about international collaborations?,What about ISRO's international collaborations?,"[""ISRO""]",True
conv_0223_technology_space,Technology,Space,Technology_Space,9,back - what about failures?,I'm back - what about ISRO's failures?,"[""ISRO""]",True
conv_0223_technology_space,Technology,Space,Technology_Space,10,How does ISRO recover from failures?,How does ISRO recover from failures?,"[""ISRO""]",False
conv_0224_technology_space,Technology,Space,Technology_Space,3,and their current projects?,what are SpaceX's current projects?,"[""SpaceX""]",True
conv_0224_technology_space,Technology,Space,Technology_Space,4,what's starlink?,what is Starlink?,"[""Starlink""]",True
conv_0224_technology_space,Technology,Space,Technology_Space,7,back — what about reusable rockets?,I'm back — what about reusable rockets?,"[""USA""]",True
conv_0224_technology_space,Technology,Space,Technology_Space,8,that's impressive; any recent milestones?,that's impressive; what are any recent SpaceX milestones?,"[""SpaceX""]",True
conv_0224_technology_space,Technology,Space,Technology_Space,9,who are their competitors?,who are SpaceX's competitors?,"[""SpaceX""]",True
conv_0228_entertainment_hollywood,Entertainment,Hollywood,Entertainment_Hollywood,3,and what about his early work?,and what about Christopher Nolan's early work?,"[""Christopher Nolan""]",True
conv_0228_entertainment_hollywood,Entertainment,Hollywood,Entertainment_Hollywood,4,what about Dunkirk?,what about Dunkirk the movie by Christopher Nolan?,"[""Dunkirk"", ""Christopher Nolan""]",True
conv_0228_entertainment_hollywood,Entertainment,Hollywood,Entertainment_Hollywood,6,back — what's his next project?,back — what is Christopher Nolan's next project?,"[""Christopher Nolan""]",True
conv_0228_entertainment_hollywood,Entertainment,Hollywood,Entertainment_Hollywood,8,compare Dunkirk and Inception,compare Dunkirk and Inception the movies by Christopher Nolan,"[""Dunkirk"", ""Inception"", ""Christopher Nolan""]",True
conv_0228_entertainment_hollywood,Entertainment,Hollywood,Entertainment_Hollywood,10,Is Christopher Nolan married?,Is Christopher Nolan married?,"[""Christopher Nolan""]",False
conv_0229_entertainment_hollywood,Entertainment,Hollywood,Entertainment_Hollywood,5,back — what about their upcoming projects?,what about Marvel Studios' upcoming projects?,"[""Marvel Studios""]",True
conv_0229_entertainment_hollywood,Entertainment,Hollywood,Entertainment_Hollywood,6,are they expanding tv too?,is Marvel Studios expanding into TV too?,"[""Marvel Studios""]",True
conv_0229_entertainment_hollywood,Entertainment,Hollywood,Entertainment_Hollywood,7,who leads the avengers?,who leads the Avengers?,"[""Avengers""]",False
conv_0229_entertainment_hollywood,Entertainment,Hollywood,Entertainment_Hollywood,8,what about the new black widow movie?,what about the new Black Widow movie?,"[""Black Widow""]",False
conv_0229_entertainment_hollywood,Entertainment,Hollywood,Entertainment_Hollywood,9,"got it, thanks for help","got it, thanks for help",[],False
conv_0229_entertainment_hollywood,Entertainment,Hollywood,Entertainment_Hollywood,10,what about dc movies?,what about DC movies?,"[""DC""]",False
conv_0231_health_mental_health,Health,Mental Health,Health_Mental Health,2,who suffers from it?,who suffers from anxiety?,[],True
conv_0231_health_mental_health,Health,Mental Health,Health_Mental Health,7,back — what about medication?,back — what about medication for anxiety?,[],True
conv_0231_health_mental_health,Health,Mental Health,Health_Mental Health,9,how does it affect daily life?,how does anxiety affect daily life?,[],True
conv_0232_health_fitness,Health,Fitness,Health_Fitness,3,what about his philosophy on yoga?,what is B.K.S. Iyengar's philosophy on yoga?,"[""B.K.S. Iyengar""]",True
conv_0232_health_fitness,Health,Fitness,Health_Fitness,5,back — what about yoga for stress relief?,what about yoga for stress relief?,[],True
conv_0232_health_fitness,Health,Fitness,Health_Fitness,6,does it improve cardiovascular health?,does yoga improve cardiovascular health?,[],True
conv_0232_health_fitness,Health,Fitness,Health_Fitness,7,and what about her favorite yoga pose?,what is Adriene Mishler's favorite yoga pose?,"[""Adriene Mishler""]",True
conv_0232_health_fitness,Health,Fitness,Health_Fitness,8,how does yoga compare to Pilates?,how does yoga compare to Pilates?,[],False
conv_0232_health_fitness,Health,Fitness,Health_Fitness,9,which style is best for beginners?,which yoga style is best for beginners?,[],True
conv_0232_health_fitness,Health,Fitness,Health_Fitness,10,does yoga help with injury recovery?,does yoga help with injury recovery?,[],False
conv_0234_history_world_wars,History,World Wars,History_World Wars,3,what was the cause?,what was the cause of World War II?,"[""World War II"", ""World War I""]",True
conv_0234_history_world_wars,History,World Wars,History_World Wars,4,and the allies?,who were the allies in World War II?,"[""World War II"", ""World War I""]",True
conv_0234_history_world_wars,History,World Wars,History_World Wars,6,"wait, need a sec","wait, need a second",[],True
conv_0234_history_world_wars,History,World Wars,History_World Wars,7,back — what was d-day?,what was D-Day in World War II?,"[""D-Day""]",True
conv_0234_history_world_wars,History,World Wars,History_World Wars,8,how long did it last?,how long did World War II last?,"[""World War II"", ""World War I""]",True
conv_0234_history_world_wars,History,World Wars,History_World Wars,9,what were the outcomes?,what were the outcomes of World War II?,"[""World War II"", ""World War I""]",True
conv_0234_history_world_wars,History,World Wars,History_World Wars,10,who led the soviet union?,who led the Soviet Union during World War II?,"[""Soviet Union""]",True
conv_0237_general_general,General,General,General_General,2,"what about you, I mean you personally?",what about you personally?,[],True
conv_0237_general_general,General,General,General_General,3,"same here, I had a late night","same here, I had a late night",[],False
conv_0237_general_general,General,General,General_General,4,exactly! what's the best morning routine?,exactly! what's the best morning routine?,[],False
conv_0237_general_general,General,General,General_General,6,back — what were we discussing?,I'm back — what were we discussing?,[],True
conv_0237_general_general,General,General,General_General,7,"right, coffee is essential","right, coffee is essential",[],False
conv_0237_general_general,General,General,General_General,8,"yeah, my friend swears by green tea","yeah, my friend swears by green tea",[],False
conv_0237_general_general,General,General,General_General,9,do you have a favorite hobby?,do you have a favorite hobby?,[],False
conv_0237_general_general,General,General,General_General,10,"that sounds great, I'm more of a movie person","that sounds great, I'm more of a movie person",[],False
conv_0239_politics_india,Politics,India,Politics_India,2,what party does he lead?,what party does Rahul Gandhi lead?,"[""Rahul Gandhi""]",True
conv_0239_politics_india,Politics,India,Politics_India,3,what's his political stance?,what is Rahul Gandhi's political stance?,"[""Rahul Gandhi""]",True
conv_0239_politics_india,Politics,India,Politics_India,5,back - what about his family?,back - what about Rahul Gandhi's family?,"[""Rahul Gandhi""]",True
conv_0239_politics_india,Politics,India,Politics_India,6,and his early life?,and what about Rahul Gandhi's early life?,"[""Rahul Gandhi""]",True
conv_0239_politics_india,Politics,India,Politics_India,8,does he criticize modi?,does Rahul Gandhi criticize Narendra Modi?,"[""Rahul Gandhi"", ""Narendra Modi""]",True
conv_0239_politics_india,Politics,India,Politics_India,9,what about 2019 elections?,what about Rahul Gandhi in the 2019 elections?,"[""Rahul Gandhi""]",True
conv_0239_politics_india,Politics,India,Politics_India,10,who succeeded him?,who succeeded Rahul Gandhi as president of INC?,"[""Rahul Gandhi""]",True
conv_0251_sports_tennis,Sports,Tennis,Sports_Tennis,1,who's the tennis player with most grand slams?,who's the tennis player with the most grand slams?,[],True
conv_0251_sports_tennis,Sports,Tennis,Sports_Tennis,3,"his serve is powerful, right?",is Novak Djokovic's serve powerful?,"[""Novak Djokovic""]",True
conv_0251_sports_tennis,Sports,Tennis,Sports_Tennis,4,what about his weaknesses?,what are Novak Djokovic's weaknesses?,"[""Novak Djokovic""]",True
conv_0251_sports_tennis,Sports,Tennis,Sports_Tennis,6,back! what were we discussing?,back! what were we discussing?,[],False
conv_0251_sports_tennis,Sports,Tennis,Sports_Tennis,7,does he have a favorite surface?,does Novak Djokovic have a favorite surface?,"[""Novak Djokovic""]",True
conv_0251_sports_tennis,Sports,Tennis,Sports_Tennis,9,who has more clay court titles?,"who has more clay court titles, Novak Djokovic or Roger Federer?","[""Novak Djokovic"", ""Roger Federer""]",True
conv_0252_sports_tennis,Sports,Tennis,Sports_Tennis,3,and his favorite surface?,and what is Rafael Nadal's favorite surface?,"[""Rafael Nadal""]",True
conv_0252_sports_tennis,Sports,Tennis,Sports_Tennis,4,"wait, gotta take a call, brb","wait, I gotta take a call, be right back",[],True
conv_0252_sports_tennis,Sports,Tennis,Sports_Tennis,6,who has he had more matches against?,who has Rafael Nadal had more matches against?,"[""Rafael Nadal""]",True
conv_0252_sports_tennis,Sports,Tennis,Sports_Tennis,7,does he have kids?,does Rafael Nadal have kids?,"[""Rafael Nadal""]",True
conv_0252_sports_tennis,Sports,Tennis,Sports_Tennis,8,compare nadal and federer,compare Rafael Nadal and Roger Federer,"[""Rafael Nadal"", ""Roger Federer""]",True
conv_0252_sports_tennis,Sports,Tennis,Sports_Tennis,9,which major has he won most?,which major has Rafael Nadal won most?,"[""Rafael Nadal""]",True
conv_0252_sports_tennis,Sports,Tennis,Sports_Tennis,10,got a question about his injury history,I have a question about Rafael Nadal's injury history,"[""Rafael Nadal""]",True
conv_0253_sports_olympics,Sports,Olympics,Sports_Olympics,3,That's impressive. What about his training?,That's impressive. What about Neeraj Chopra's training?,"[""Neeraj Chopra""]",True
conv_0253_sports_olympics,Sports,Olympics,Sports_Olympics,6,His coach is famous?,Is Neeraj Chopra's coach famous?,"[""Neeraj Chopra""]",True
conv_0253_sports_olympics,Sports,Olympics,Sports_Olympics,8,did he win any awards?,did Neeraj Chopra win any awards?,"[""Neeraj Chopra""]",True
conv_0253_sports_olympics,Sports,Olympics,Sports_Olympics,9,"switching to Olympics, what about India's overall performance?","switching to Olympics, what about India's overall performance in Olympics?","[""India"", ""Olympics""]",True
conv_0255_technology_ai,Technology,AI,Technology_AI,2,what are his contributions to AI?,what are Geoffrey Hinton's contributions to Artificial Intelligence?,"[""Geoffrey Hinton"", ""Artificial Intelligence""]",True
conv_0255_technology_ai,Technology,AI,Technology_AI,3,his research focus?,what is Geoffrey Hinton's research focus?,"[""Geoffrey Hinton""]",True
conv_0255_technology_ai,Technology,AI,Technology_AI,4,what about backpropagation?,what is Geoffrey Hinton's contribution to backpropagation?,"[""Geoffrey Hinton"", ""backpropagation""]",True
conv_0255_technology_ai,Technology,AI,Technology_AI,6,back — what about his current work?,what is Geoffrey Hinton's current work?,"[""Geoffrey Hinton""]",True
conv_0255_technology_ai,Technology,AI,Technology_AI,7,and his affiliations?,what are Geoffrey Hinton's affiliations?,"[""Geoffrey Hinton""]",True
conv_0255_technology_ai,Technology,AI,Technology_AI,8,who does he work with?,who does Geoffrey Hinton work with?,"[""Geoffrey Hinton""]",True
conv_0255_technology_ai,Technology,AI,Technology_AI,9,what about his views on AI risks?,what are Geoffrey Hinton's views on AI risks?,"[""Geoffrey Hinton"", ""AI""]",True
conv_0255_technology_ai,Technology,AI,Technology_AI,10,compare to elon musk,compare Geoffrey Hinton to Elon Musk,"[""Geoffrey Hinton"", ""Elon Musk""]",True
conv_0257_technology_space,Technology,Space,Technology_Space,1,who is isro?,what is ISRO?,"[""ISRO""]",True
conv_0257_technology_space,Technology,Space,Technology_Space,2,what do they do?,what does ISRO do?,"[""ISRO""]",True
conv_0257_technology_space,Technology,Space,Technology_Space,5,how many satellites have they launched?,how many satellites has ISRO launched?,"[""ISRO""]",True
conv_0257_technology_space,Technology,Space,Technology_Space,7,back — what about their future plans?,I'm back — what about ISRO's future plans?,"[""ISRO""]",True
conv_0257_technology_space,Technology,Space,Technology_Space,8,who is leading the gaganyaan project?,who is leading the Gaganyaan project at ISRO?,"[""Gaganyaan"", ""ISRO""]",True
conv_0257_technology_space,Technology,Space,Technology_Space,9,what are the mission objectives?,what are Gaganyaan's mission objectives?,"[""Gaganyaan""]",True
conv_0257_technology_space,Technology,Space,Technology_Space,10,how does isro collaborate internationally?,how does ISRO collaborate with other space agencies internationally?,"[""ISRO""]",True
conv_0258_technology_space,Technology,Space,Technology_Space,1,what does SpaceX do?,what does SpaceX do?,"[""SpaceX""]",False
conv_0258_technology_space,Technology,Space,Technology_Space,4,are they reusable?,are SpaceX's rockets reusable?,"[""SpaceX""]",True
conv_0258_technology_space,Technology,Space,Technology_Space,5,that's amazing — what about their goals?,that's amazing — what about SpaceX's goals?,"[""SpaceX""]",True
conv_0258_technology_space,Technology,Space,Technology_Space,7,back — what about Starship?,I'm back — what about Starship?,"[""Starship""]",True
conv_0258_technology_space,Technology,Space,Technology_Space,8,how does it differ from Falcon?,how does Starship differ from Falcon?,"[""Starship"", ""Falcon""]",True
conv_0258_technology_space,Technology,Space,Technology_Space,10,who’s their competitor?,who’s SpaceX's competitor?,"[""SpaceX""]",True
conv_0259_technology_gadgets,Technology,Gadgets,Technology_Gadgets,3,and what about the iPhone 13?,and what about the iPhone 13?,"[""iPhone 13""]",False
conv_0259_technology_gadgets,Technology,Gadgets,Technology_Gadgets,5,back — what's the iPhone 14 price?,I'm back — what's the iPhone 14 price?,"[""iPhone 14""]",True
conv_0259_technology_gadgets,Technology,Gadgets,Technology_Gadgets,6,that's steep; what about last year's model?,that's steep; what about the iPhone 13 model?,"[""iPhone 13""]",True
conv_0259_technology_gadgets,Technology,Gadgets,Technology_Gadgets,7,does his phone support 5G?,does the iPhone 14 phone support 5G?,"[""iPhone 14""]",True
conv_0259_technology_gadgets,Technology,Gadgets,Technology_Gadgets,8,what about storage options?,what about the storage options for the iPhone?,"[""iPhone""]",True
conv_0259_technology_gadgets,Technology,Gadgets,Technology_Gadgets,9,is their camera really better?,is the iPhone 14 camera really better?,"[""iPhone 14""]",True
conv_0259_technology_gadgets,Technology,Gadgets,Technology_Gadgets,10,got it; thanks for help,got it; thanks for help,[],False
conv_0000_politics_india,Politics,India,Politics_India,1,who is the prime minister of india?,who is the prime minister of india?,"[""India""]",False
conv_0000_politics_india,Politics,India,Politics_India,2,what are his duties?,what are the duties of Narendra Modi as Prime Minister of India?,"[""Narendra Modi"", ""India""]",True
conv_0000_politics_india,Politics,India,Politics_India,3,"that's quite a responsibility, what about his background?","that's quite a responsibility, what about the background of Narendra Modi?","[""Narendra Modi""]",True
conv_0000_politics_india,Politics,India,Politics_India,4,and what were his achievements in gujarat?,and what were the achievements of Narendra Modi in Gujarat?,"[""Narendra Modi"", ""Gujarat""]",True
conv_0000_politics_india,Politics,India,Politics_India,5,"okay, and how does he handle international relations?","okay, and how does Narendra Modi handle international relations as Prime Minister of India?","[""Narendra Modi"", ""India""]",True
conv_0000_politics_india,Politics,India,Politics_India,6,"that's interesting, what about his relationship with pakistan?","that's interesting, what about the relationship between Narendra Modi and Pakistan?","[""Narendra Modi"", ""Pakistan""]",True
conv_0000_politics_india,Politics,India,Politics_India,8,"back, so what were we discussing?","back, so what were we discussing about Narendra Modi?","[""Narendra Modi""]",True
conv_0000_politics_india,Politics,India,Politics_India,9,"right, and what about china?","right, and what about the relationship between Narendra Modi and China?","[""Narendra Modi"", ""China""]",True
conv_0000_politics_india,Politics,India,Politics_India,10,how does he compare to other pm's in terms of foreign policy?,how does Narendra Modi compare to other Prime Ministers of India in terms of foreign policy?,"[""Narendra Modi"", ""India""]",True
conv_0001_politics_india,Politics,India,Politics_India,1,who is the leader of the indian national congress?,who is the leader of the Indian National Congress?,"[""Indian National Congress""]",False
conv_0001_politics_india,Politics,India,Politics_India,3,"that's interesting, what about his stance on agriculture?","that's interesting, what about Rahul Gandhi's stance on agriculture?","[""Rahul Gandhi""]",True
conv_0001_politics_india,Politics,India,Politics_India,4,and how does he compare to modi?,and how does Rahul Gandhi compare to Narendra Modi?,"[""Rahul Gandhi"", ""Narendra Modi""]",True
conv_0001_politics_india,Politics,India,Politics_India,5,"okay, got it, brb","okay, got it, brb",[],False
conv_0001_politics_india,Politics,India,Politics_India,6,"back, so what were we saying about gandhi?","back, so what were we saying about Rahul Gandhi?","[""Rahul Gandhi""]",True
conv_0001_politics_india,Politics,India,Politics_India,7,"right, and what about his role in the party now?","right, and what about Rahul Gandhi's role in the Indian National Congress now?","[""Rahul Gandhi"", ""Indian National Congress""]",True
conv_0001_politics_india,Politics,India,Politics_India,8,what about the upcoming elections?,what about the upcoming elections in India?,"[""India""]",True
conv_0001_politics_india,Politics,India,Politics_India,9,how does he plan to tackle corruption?,how does Rahul Gandhi plan to tackle corruption?,"[""Rahul Gandhi""]",True
conv_0001_politics_india,Politics,India,Politics_India,10,"that's a tough task, what about his sister?","that's a tough task, what about Rahul Gandhi's sister, Priyanka Gandhi Vadra?","[""Rahul Gandhi"", ""Priyanka Gandhi Vadra""]",True
conv_0002_politics_india,Politics,India,Politics_India,2,what were his key achievements?,what were the key achievements of Manmohan Singh as Prime Minister of India?,"[""Manmohan Singh""]",True
conv_0002_politics_india,Politics,India,Politics_India,4,"that's interesting, what were his challenges?","that's interesting, what were the challenges faced by Manmohan Singh as Prime Minister of India?","[""Manmohan Singh""]",True
conv_0002_politics_india,Politics,India,Politics_India,5,how did he handle coalitions?,how did Manmohan Singh handle coalitions as Prime Minister of India?,"[""Manmohan Singh""]",True
conv_0002_politics_india,Politics,India,Politics_India,8,"right, and his relation with congress?","right, and what was the relation between Manmohan Singh and the Indian National Congress?","[""Manmohan Singh"", ""Indian National Congress""]",True
conv_0002_politics_india,Politics,India,Politics_India,9,"what about his successor, how did that transition happen?","what about the transition from Manmohan Singh to his successor, Narendra Modi, as Prime Minister of India?","[""Manmohan Singh"", ""Narendra Modi""]",True
conv_0002_politics_india,Politics,India,Politics_India,10,how does modi's economic policy compare to his?,how does Narendra Modi's economic policy compare to Manmohan Singh's economic policy as Prime Minister of India?,"[""Narendra Modi"", ""Manmohan Singh""]",True
conv_0003_politics_uk,Politics,UK,Politics_UK,2,what are his key policies?,what are the key policies of Rishi Sunak as Prime Minister of the UK?,"[""Rishi Sunak"", ""UK""]",True
conv_0003_politics_uk,Politics,UK,Politics_UK,3,how does he plan to achieve that?,"how does Rishi Sunak plan to achieve his goals of tackling inflation, improving public services, and supporting economic growth?","[""Rishi Sunak""]",True
conv_0003_politics_uk,Politics,UK,Politics_UK,4,"that sounds interesting, what about his background?","that sounds interesting, what is the background of Rishi Sunak?","[""Rishi Sunak""]",True
conv_0003_politics_uk,Politics,UK,Politics_UK,5,"got it, so he's an economist by training...","got it, so Rishi Sunak is an economist by training...","[""Rishi Sunak""]",True
conv_0003_politics_uk,Politics,UK,Politics_UK,7,"back, so what were we saying about sunak?","back, so what were we saying about Rishi Sunak?","[""Rishi Sunak""]",True
conv_0003_politics_uk,Politics,UK,Politics_UK,8,"okay, and how does he compare to his predecessors?","okay, and how does Rishi Sunak compare to his predecessors as Prime Minister of the UK?","[""Rishi Sunak"", ""UK""]",True
conv_0003_politics_uk,Politics,UK,Politics_UK,9,"that's a good point, what about his relationship with the eu?","that's a good point, what about the relationship of Rishi Sunak with the European Union?","[""Rishi Sunak"", ""European Union""]",True
conv_0003_politics_uk,Politics,UK,Politics_UK,10,"and what about the opposition, can they challenge him?","and what about the opposition, can they challenge Rishi Sunak as Prime Minister of the UK?","[""Rishi Sunak"", ""UK""]",True
conv_0004_politics_uk,Politics,UK,Politics_UK,2,what were his key policies?,what were the key policies of Boris Johnson as Prime Minister of the UK?,"[""Boris Johnson"", ""UK""]",True
conv_0004_politics_uk,Politics,UK,Politics_UK,3,how did he handle brexit?,how did Boris Johnson handle the UK's withdrawal from the European Union?,"[""Boris Johnson"", ""UK"", ""European Union""]",True
conv_0004_politics_uk,Politics,UK,Politics_UK,4,and what about his successor?,"and what about Rishi Sunak, the successor of Boris Johnson as Prime Minister of the UK?","[""Rishi Sunak"", ""Boris Johnson"", ""UK""]",True
conv_0004_politics_uk,Politics,UK,Politics_UK,5,what are his duties now?,what are the duties of Boris Johnson now that he is no longer the Prime Minister of the UK?,"[""Boris Johnson"", ""UK""]",True
conv_0004_politics_uk,Politics,UK,Politics_UK,8,what about his time as mayor of london?,what about Boris Johnson's time as Mayor of London?,"[""Boris Johnson"", ""London""]",True
conv_0004_politics_uk,Politics,UK,Politics_UK,9,how does he compare to other uk leaders?,how does Boris Johnson compare to other leaders of the United Kingdom?,"[""Boris Johnson"", ""UK""]",True
conv_0004_politics_uk,Politics,UK,Politics_UK,10,and what about his relationship with the eu?,and what about Boris Johnson's relationship with the European Union?,"[""Boris Johnson"", ""European Union""]",True
conv_0005_politics_usa,Politics,USA,Politics_USA,2,what are his main goals for the country?,what are Joe Biden's main goals for the United States?,"[""Joe Biden"", ""United States""]",True
conv_0005_politics_usa,Politics,USA,Politics_USA,3,"that sounds like a lot, what about his approach to foreign policy?","that sounds like a lot, what about Joe Biden's approach to foreign policy?","[""Joe Biden""]",True
conv_0005_politics_usa,Politics,USA,Politics_USA,4,how does he compare to his predecessor?,"how does Joe Biden compare to his predecessor, Donald Trump?","[""Joe Biden"", ""Donald Trump""]",True
conv_0005_politics_usa,Politics,USA,Politics_USA,5,"okay, got it... so what about his vice president?","okay, got it... so what about Joe Biden's vice president?","[""Joe Biden""]",True
conv_0005_politics_usa,Politics,USA,Politics_USA,6,what's her role in the administration?,what is Kamala Harris's role in the Joe Biden administration?,"[""Kamala Harris"", ""Joe Biden""]",True
conv_0005_politics_usa,Politics,USA,Politics_USA,8,"back, so what were we saying about biden's administration?","back, so what were we saying about Joe Biden's administration?","[""Joe Biden""]",True
conv_0005_politics_usa,Politics,USA,Politics_USA,9,"right, and how does she work with biden?","right, and how does Kamala Harris work with Joe Biden?","[""Kamala Harris"", ""Joe Biden""]",True
conv_0005_politics_usa,Politics,USA,Politics_USA,10,that's good to know... now what about congress?,that's good to know... now what about the United States Congress?,"[""United States Congress""]",True
conv_0006_politics_usa,Politics,USA,Politics_USA,1,who was the 45th president of the united states?,who was the 45th president of the united states?,"[""United States""]",False
conv_0006_politics_usa,Politics,USA,Politics_USA,2,what were his major policies?,what were the major policies of Donald Trump as the President of the United States?,"[""Donald Trump"", ""United States""]",True
conv_0006_politics_usa,Politics,USA,Politics_USA,3,and how did he handle foreign policy?,and how did Donald Trump handle foreign policy as the President of the United States?,"[""Donald Trump"", ""United States""]",True
conv_0006_politics_usa,Politics,USA,Politics_USA,4,"that's interesting, what about his relationship with russia?","that's interesting, what about the relationship between Donald Trump and Russia?","[""Donald Trump"", ""Russia""]",True
conv_0006_politics_usa,Politics,USA,Politics_USA,5,and what did he say about it?,and what did Donald Trump say about his relationship with Russia?,"[""Donald Trump"", ""Russia""]",True
conv_0006_politics_usa,Politics,USA,Politics_USA,6,"okay, so what about his predecessor?","okay, so what about the predecessor of Donald Trump, Barack Obama?","[""Donald Trump"", ""Barack Obama""]",True
conv_0006_politics_usa,Politics,USA,Politics_USA,7,and how did trump compare to obama?,and how did Donald Trump compare to Barack Obama in terms of policies and style?,"[""Donald Trump"", ""Barack Obama""]",True
conv_0006_politics_usa,Politics,USA,Politics_USA,8,"that makes sense, wait a sec","that makes sense, wait a sec",[],False
conv_0006_politics_usa,Politics,USA,Politics_USA,10,"right, and what about his time as a businessman?","right, and what about the time Donald Trump spent as a businessman before becoming the President of the United States?","[""Donald Trump"", ""United States""]",True
conv_0007_politics_usa,Politics,USA,Politics_USA,1,who was the president of the usa before donald trump?,who was the president of the United States of America before Donald Trump?,"[""USA"", ""Donald Trump""]",True
conv_0007_politics_usa,Politics,USA,Politics_USA,3,"that's really interesting, what about his foreign policy?","that's really interesting, what about the foreign policy of Barack Obama as President of the United States?","[""Barack Obama""]",True
conv_0007_politics_usa,Politics,USA,Politics_USA,4,"and what about his wife, what's her name?","and what about the wife of Barack Obama, what is her name?","[""Barack Obama""]",True
conv_0007_politics_usa,Politics,USA,Politics_USA,6,"back, so what were we talking about?","back, so what were we talking about regarding Barack Obama's presidency?","[""Barack Obama""]",True
conv_0007_politics_usa,Politics,USA,Politics_USA,7,"right, and how does he compare to other presidents?","right, and how does Barack Obama compare to other presidents of the United States?","[""Barack Obama""]",True
conv_0007_politics_usa,Politics,USA,Politics_USA,8,what about his relationship with joe biden?,what about the relationship between Barack Obama and Joe Biden?,"[""Barack Obama"", ""Joe Biden""]",True
conv_0007_politics_usa,Politics,USA,Politics_USA,9,"that's cool, what did biden do after obama's term ended?","that's cool, what did Joe Biden do after Barack Obama's term as President of the United States ended?","[""Joe Biden"", ""Barack Obama""]",True
conv_0007_politics_usa,Politics,USA,Politics_USA,10,"okay, got it, and what about obama's post-presidency?","okay, got it, and what about the post-presidency of Barack Obama?","[""Barack Obama""]",True
conv_0008_sports_cricket,Sports,Cricket,Sports_Cricket,1,who is the best batsman in cricket right now?,who is the best batsman in cricket right now?,[],False
conv_0008_sports_cricket,Sports,Cricket,Sports_Cricket,2,what makes him so good?,what makes Virat Kohli so good?,"[""Virat Kohli""]",True
conv_0008_sports_cricket,Sports,Cricket,Sports_Cricket,3,and his role in the team is?,and what is Virat Kohli's role in the Indian cricket team?,"[""Virat Kohli"", ""India""]",True
conv_0008_sports_cricket,Sports,Cricket,Sports_Cricket,5,"that's really impressive, wait a sec","that's really impressive, wait a sec",[],False
conv_0008_sports_cricket,Sports,Cricket,Sports_Cricket,6,"back, so what were we saying about kohli?","back, so what were we saying about Virat Kohli?","[""Virat Kohli""]",True
conv_0008_sports_cricket,Sports,Cricket,Sports_Cricket,7,and how does he compare to other greats like sachin?,and how does Virat Kohli compare to other greats like Sachin Tendulkar?,"[""Virat Kohli"", ""Sachin Tendulkar""]",True
conv_0008_sports_cricket,Sports,Cricket,Sports_Cricket,8,"what about in the ipl, does he have a good record?","what about in the Indian Premier League, does Virat Kohli have a good record?","[""Virat Kohli"", ""Indian Premier League""]",True
conv_0008_sports_cricket,Sports,Cricket,Sports_Cricket,9,and who's his main competitor in the ipl?,and who is Virat Kohli's main competitor in the Indian Premier League?,"[""Virat Kohli"", ""Indian Premier League""]",True
conv_0008_sports_cricket,Sports,Cricket,Sports_Cricket,10,compare kohli and rohit as captains,compare Virat Kohli and Rohit Sharma as captains in the Indian Premier League,"[""Virat Kohli"", ""Rohit Sharma"", ""Indian Premier League""]",True
