conversation_id,topic_l1,topic_l2,seed_entity,turns,user_queries,expanded_queries,named_entities,needs_expansion,created_at
conv_0002_politics_india,Politics,India,Manmohan Singh,"[{""role"": ""user"", ""text"": ""who is the 13th prime minister of india?""}, {""role"": ""assistant"", ""text"": ""The 13th Prime Minister of India is Manmohan Singh, serving from 2004 to 2014.""}, {""role"": ""user"", ""text"": ""what were his major economic reforms?""}, {""role"": ""assistant"", ""text"": ""He implemented significant economic policies, including liberalization, privatization, and fiscal reforms.""}, {""role"": ""user"", ""text"": ""that sounds impressive... and his role in the cabinet?""}, {""role"": ""assistant"", ""text"": ""As Prime Minister, Manmohan Singh led the Union Cabinet, overseeing various ministries and their initiatives.""}, {""role"": ""user"", ""text"": ""wait a sec, need to check something""}, {""role"": ""assistant"", ""text"": ""Sure, take your time.""}, {""role"": ""user"", ""text"": ""back, so what were we saying about Manmohan Singh's cabinet?""}, {""role"": ""assistant"", ""text"": ""We were discussing his role in leading the cabinet and overseeing various ministries.""}, {""role"": ""user"", ""text"": ""right, and how did his policies impact india's growth?""}, {""role"": ""assistant"", ""text"": ""His economic reforms contributed to India's rapid growth, increased foreign investment, and improved infrastructure.""}, {""role"": ""user"", ""text"": ""that's interesting... what about his successor?""}, {""role"": ""assistant"", ""text"": ""Manmohan Singh was succeeded by Narendra Modi in 2014.""}, {""role"": ""user"", ""text"": ""okay, compare both of them in terms of economic policies.""}, {""role"": ""assistant"", ""text"": ""Manmohan Singh focused on liberalization and economic reforms, while Narendra Modi emphasized 'Make in India' and digital India initiatives.""}, {""role"": ""user"", ""text"": ""what about Manmohan Singh's international diplomatic efforts?""}, {""role"": ""assistant"", ""text"": ""He played a crucial role in strengthening India's relationships with countries like the US, China, and Pakistan.""}, {""role"": ""user"", ""text"": ""did he attend any major global summits?""}, {""role"": ""assistant"", ""text"": ""Yes, Manmohan Singh attended several G20 summits, as well as meetings with the Commonwealth and SAARC nations.""}]","[""who is the 13th prime minister of india?"", ""what were his major economic reforms?"", ""that sounds impressive... and his role in the cabinet?"", ""back, so what were we saying about Manmohan Singh's cabinet?"", ""right, and how did his policies impact india's growth?"", ""that's interesting... what about his successor?"", ""okay, compare both of them in terms of economic policies."", ""what about Manmohan Singh's international diplomatic efforts?"", ""did he attend any major global summits?"", ""yes, Manmohan Singh attended several G20 summits, as well as meetings with the Commonwealth and SAARC nations.""]","[""who is the 13th prime minister of India?"", ""what were the major economic reforms of Manmohan Singh?"", ""that sounds impressive... and what was his role in the cabinet?"", ""back, so what were we saying about Manmohan Singh's cabinet?"", ""right, and how did Manmohan Singh's policies impact India's growth?"", ""that's interesting... who was his successor?"", ""okay, compare Manmohan Singh and Narendra Modi in terms of economic policies."", ""what were Manmohan Singh's international diplomatic efforts?"", ""did Manmohan Singh attend any major global summits?"", ""Manmohan Singh attended several G20 summits, as well as meetings with the Commonwealth and SAARC nations.""]","[[""India""], [""Manmohan Singh""], [], [], [""Manmohan Singh"", ""India""], [], [""Manmohan Singh"", ""Narendra Modi""], [""Manmohan Singh""], [""Manmohan Singh""], [""Manmohan Singh"", ""G20"", ""Commonwealth"", ""SAARC""]]","[false, true, true, false, true, true, true, false, true, false]",2026-04-10T20:40:55.432391
conv_0003_politics_uk,Politics,UK,Rishi Sunak,"[{""role"": ""user"", ""text"": ""Who is the current Prime Minister of the UK?""}, {""role"": ""assistant"", ""text"": ""The current Prime Minister of the UK is Rishi Sunak.""}, {""role"": ""user"", ""text"": ""What's his background?""}, {""role"": ""assistant"", ""text"": ""Rishi Sunak was born in Southampton to Indian parents, studied at Oxford, and worked in finance before entering politics.""}, {""role"": ""user"", ""text"": ""He was a banker, right?""}, {""role"": ""assistant"", ""text"": ""Yes, he worked at Goldman Sachs before becoming an MP.""}, {""role"": ""user"", ""text"": ""And what about his rise to PM?""}, {""role"": ""assistant"", ""text"": ""He served as Chancellor of the Exchequer under Boris Johnson, then succeeded Liz Truss as Prime Minister.""}, {""role"": ""user"", ""text"": ""Give me a minute, I need to check something...""}, {""role"": ""assistant"", ""text"": ""Sure, take your time.""}, {""role"": ""user"", ""text"": ""Back, so what were we saying? Ah yes, Rishi Sunak. What's his stance on Brexit?""}, {""role"": ""assistant"", ""text"": ""As PM, he's navigating the UK's post-Brexit relationship with the EU, focusing on trade and regulatory alignment.""}, {""role"": ""user"", ""text"": ""How does he compare to Boris Johnson?""}, {""role"": ""assistant"", ""text"": ""Both are Conservatives, but Sunak's approach is often seen as more measured and fiscally responsible compared to Johnson's more populist style.""}, {""role"": ""user"", ""text"": ""What about his policies on education?""}, {""role"": ""assistant"", ""text"": ""Rishi Sunak has emphasized the importance of education and skills training, aiming to boost economic growth through a more skilled workforce.""}, {""role"": ""user"", ""text"": ""That's interesting. What does Keir Starmer think about him?""}, {""role"": ""assistant"", ""text"": ""As Leader of the Opposition, Keir Starmer has criticized Sunak's policies, particularly on issues like taxation and public spending.""}, {""role"": ""user"", ""text"": ""Okay, now tell me about the conservative party...""}, {""role"": ""assistant"", ""text"": ""The Conservative Party, also known as the Tories, is one of the two main political parties in the UK, generally considered center-right in its policies.""}]","[""Who is the current Prime Minister of the UK?"", ""What's his background?"", ""He was a banker, right?"", ""And what about his rise to PM?"", ""Give me a minute, I need to check something..."", ""Back, so what were we saying? Ah yes, Rishi Sunak. What's his stance on Brexit?"", ""How does he compare to Boris Johnson?"", ""What about his policies on education?"", ""That's interesting. What does Keir Starmer think about him?"", ""Okay, now tell me about the conservative party...""]","[""Who is the current Prime Minister of the UK?"", ""What is Rishi Sunak's background?"", ""He was a banker, right?"", ""And what about Rishi Sunak's rise to Prime Minister?"", ""Give me a minute, I need to check something..."", ""Back, so what were we saying? Ah yes, Rishi Sunak. What is his stance on Brexit?"", ""How does Rishi Sunak compare to Boris Johnson?"", ""What are Rishi Sunak's policies on education?"", ""That is interesting. What does Keir Starmer think about Rishi Sunak?"", ""Okay, now tell me about the Conservative Party.""]","[[""UK""], [""Rishi Sunak""], [], [""Rishi Sunak""], [], [""Rishi Sunak"", ""Brexit""], [""Rishi Sunak"", ""Boris Johnson""], [""Rishi Sunak""], [""Keir Starmer"", ""Rishi Sunak""], [""Conservative Party""]]","[false, true, false, true, false, true, false, true, true, false]",2026-04-10T20:41:01.188883
conv_0006_politics_usa,Politics,USA,Donald Trump,"[{""role"": ""user"", ""text"": ""Who is Donald Trump?""}, {""role"": ""assistant"", ""text"": ""Donald Trump is the 45th President of the United States, serving from 2017 to 2021.""}, {""role"": ""user"", ""text"": ""What were his main goals during presidency?""}, {""role"": ""assistant"", ""text"": ""His main goals included making America great again through economic growth, reforming healthcare, and strengthening national security.""}, {""role"": ""user"", ""text"": ""He focused on immigration too, right?""}, {""role"": ""assistant"", ""text"": ""Yes, he did, particularly with his plans for a border wall and changes to immigration policies.""}, {""role"": ""user"", ""text"": ""wait a sec, need to take a call""}, {""role"": ""assistant"", ""text"": ""Sure, take your time.""}, {""role"": ""user"", ""text"": ""back, so what were we saying about his economic policies?""}, {""role"": ""assistant"", ""text"": ""We were discussing his efforts to boost the economy through tax cuts and deregulation.""}, {""role"": ""user"", ""text"": ""Those tax cuts, did they help the middle class?""}, {""role"": ""assistant"", ""text"": ""The tax cuts did reduce taxes for many Americans, but opinions are divided on whether they disproportionately benefited the wealthy.""}, {""role"": ""user"", ""text"": ""That's interesting, what about his vice president, Mike Pence?""}, {""role"": ""assistant"", ""text"": ""Mike Pence served as Vice President under Donald Trump and supported many of his policies, including conservative social and economic stances.""}, {""role"": ""user"", ""text"": ""compare Trump and Obama on healthcare""}, {""role"": ""assistant"", ""text"": ""Donald Trump attempted to repeal the Affordable Care Act, introduced by Barack Obama, but was unsuccessful. Trump also rolled back some of Obama's healthcare policies.""}, {""role"": ""user"", ""text"": ""Okay, now tell me about Trump's impact on international relations""}, {""role"": ""assistant"", ""text"": ""Trump's presidency was marked by significant shifts in international relations, including renegotiating trade deals like NAFTA and withdrawing from the Paris Climate Agreement.""}, {""role"": ""user"", ""text"": ""That's a lot to take in; what about his stance on climate change?""}, {""role"": ""assistant"", ""text"": ""Donald Trump expressed skepticism about climate change and its impacts, which influenced his decision to withdraw the US from the Paris Climate Agreement.""}]","[""Who is Donald Trump?"", ""What were his main goals during presidency?"", ""He focused on immigration too, right?"", ""back, so what were we saying about his economic policies?"", ""Those tax cuts, did they help the middle class?"", ""That's interesting, what about his vice president, Mike Pence?"", ""compare Trump and Obama on healthcare"", ""Okay, now tell me about Trump's impact on international relations"", ""That's a lot to take in; what about his stance on climate change?"", ""Donald Trump expressed skepticism about climate change and its impacts, which influenced his decision to withdraw the US from the Paris Climate Agreement.""]","[""Who is Donald Trump?"", ""What were Donald Trump's main goals during his presidency?"", ""He focused on immigration too, right?"", ""back, so what were we saying about Donald Trump's economic policies?"", ""Did Donald Trump's tax cuts help the middle class?"", ""That's interesting, what about Mike Pence, Donald Trump's vice president?"", ""Compare Donald Trump's and Barack Obama's policies on healthcare"", ""Okay, now tell me about Donald Trump's impact on international relations"", ""That's a lot to take in; what about Donald Trump's stance on climate change?"", ""Donald Trump expressed skepticism about climate change and its impacts, which influenced his decision to withdraw the US from the Paris Climate Agreement.""]","[[""Donald Trump""], [""Donald Trump""], [], [""Donald Trump""], [""Donald Trump""], [""Mike Pence"", ""Donald Trump""], [""Donald Trump"", ""Barack Obama""], [""Donald Trump""], [""Donald Trump""], [""Donald Trump""]]","[false, true, false, true, true, true, true, true, true, false]",2026-04-10T20:41:14.120958
conv_0007_politics_usa,Politics,USA,Barack Obama,"[{""role"": ""user"", ""text"": ""Who is Barack Obama?""}, {""role"": ""assistant"", ""text"": ""Barack Obama is the 44th President of the United States, serving from 2009 to 2017.""}, {""role"": ""user"", ""text"": ""What were his major achievements?""}, {""role"": ""assistant"", ""text"": ""He implemented the Affordable Care Act, ended the war in Iraq, and restored relations with Cuba.""}, {""role"": ""user"", ""text"": ""That's impressive. He was the first African American president, right?""}, {""role"": ""assistant"", ""text"": ""Yes, he was. A historic milestone in US politics.""}, {""role"": ""user"", ""text"": ""What about his vice president? Who was that?""}, {""role"": ""assistant"", ""text"": ""Joe Biden served as Vice President under Obama.""}, {""role"": ""user"", ""text"": ""Okay, got it. What were some of Obama's challenges during his presidency?""}, {""role"": ""assistant"", ""text"": ""He faced the Great Recession, climate change, and partisan gridlock in Congress.""}, {""role"": ""user"", ""text"": ""Wait a sec, I need to take a call. Brb.""}, {""role"": ""assistant"", ""text"": ""Take your time.""}, {""role"": ""user"", ""text"": ""Back, so what were we saying? Oh yeah, challenges.""}, {""role"": ""assistant"", ""text"": ""We discussed the Great Recession, climate change, and partisan gridlock. He also dealt with the rise of ISIS.""}, {""role"": ""user"", ""text"": ""That must have been tough. How did he handle healthcare reform?""}, {""role"": ""assistant"", ""text"": ""He worked tirelessly to pass the Affordable Care Act, also known as Obamacare, which expanded healthcare to millions of Americans.""}, {""role"": ""user"", ""text"": ""Compare Obama's healthcare reform to, say, the UK's NHS.""}, {""role"": ""assistant"", ""text"": ""While both aimed to increase healthcare access, the UK's NHS is a single-payer system, whereas Obamacare built on private insurance with subsidies.""}, {""role"": ""user"", ""text"": ""Okay, now tell me about US politics today.""}, {""role"": ""assistant"", ""text"": ""Currently, the US political landscape is quite polarized. The Democratic and Republican parties have differing views on issues like healthcare, immigration, and climate change.""}]","[""Who is Barack Obama?"", ""What were his major achievements?"", ""That's impressive. He was the first African American president, right?"", ""What about his vice president? Who was that?"", ""Okay, got it. What were some of Obama's challenges during his presidency?"", ""Wait a sec, I need to take a call. Brb."", ""Back, so what were we saying? Oh yeah, challenges."", ""That must have been tough. How did he handle healthcare reform?"", ""Compare Obama's healthcare reform to, say, the UK's NHS."", ""Okay, now tell me about US politics today.""]","[""Who is Barack Obama?"", ""What were the major achievements of Barack Obama?"", ""That's impressive. He was the first African American president, right?"", ""What about his vice president? Who was that?"", ""Okay, got it. What were some of Barack Obama's challenges during his presidency?"", ""Wait a sec, I need to take a call. Brb."", ""Back, so what were we saying? Oh yeah, challenges."", ""That must have been tough. How did Barack Obama handle healthcare reform?"", ""Compare Barack Obama's healthcare reform to the UK's NHS."", ""Okay, now tell me about US politics today.""]","[[""Barack Obama""], [""Barack Obama""], [], [], [""Barack Obama""], [], [], [""Barack Obama""], [""Barack Obama"", ""UK"", ""NHS""], []]","[false, true, false, false, true, false, false, true, true, false]",2026-04-10T20:41:20.195315
conv_0011_sports_football,Sports,Football,Lionel Messi,"[{""role"": ""user"", ""text"": ""who's the best soccer player of all time?""}, {""role"": ""assistant"", ""text"": ""Many consider Lionel Messi to be the greatest, with numerous records in goals and assists.""}, {""role"": ""user"", ""text"": ""what makes him so great?""}, {""role"": ""assistant"", ""text"": ""His exceptional dribbling, vision, and goal-scoring ability set him apart from others.""}, {""role"": ""user"", ""text"": ""he's had some amazing teammates, right?""}, {""role"": ""assistant"", ""text"": ""Yes, he's played with players like Luis Suarez and Neymar at Barcelona.""}, {""role"": ""user"", ""text"": ""and now he's at inter miami?""}, {""role"": ""assistant"", ""text"": ""That's correct, Lionel Messi recently joined Inter Miami CF in Major League Soccer.""}, {""role"": ""user"", ""text"": ""that's a big change from european football""}, {""role"": ""assistant"", ""text"": ""Exactly, it's a new challenge for him in a different league and environment.""}, {""role"": ""user"", ""text"": ""wait a sec, need to take a call""}, {""role"": ""assistant"", ""text"": ""Take your time.""}, {""role"": ""user"", ""text"": ""back, so what were we saying about messi?""}, {""role"": ""assistant"", ""text"": ""We were discussing his recent move to Inter Miami and the differences between European football and MLS.""}, {""role"": ""user"", ""text"": ""how does he compare to cristiano ronaldo?""}, {""role"": ""assistant"", ""text"": ""Both are phenomenal players, but their styles and careers have taken different paths; Messi is known for his playmaking, while Ronaldo is renowned for his power and precision.""}, {""role"": ""user"", ""text"": ""ronaldo's had some great teams too""}, {""role"": ""assistant"", ""text"": ""Yes, he's played for Manchester United, Real Madrid, and Juventus, achieving incredible success.""}, {""role"": ""user"", ""text"": ""okay now tell me about messi's records""}, {""role"": ""assistant"", ""text"": ""Lionel Messi holds multiple records, including most goals in a calendar year and most Ballon d'Or awards.""}]","[""who's the best soccer player of all time?"", ""what makes him so great?"", ""he's had some amazing teammates, right?"", ""and now he's at inter miami?"", ""that's a big change from european football"", ""wait a sec, need to take a call"", ""back, so what were we saying about messi?"", ""how does he compare to cristiano ronaldo?"", ""ronaldo's had some great teams too"", ""okay now tell me about messi's records""]","[""who's the best soccer player of all time?"", ""what makes Lionel Messi so great?"", ""Lionel Messi has had some amazing teammates, right?"", ""and now Lionel Messi is at Inter Miami?"", ""that's a big change for Lionel Messi from European football"", ""wait a sec, need to take a call"", ""back, so what were we saying about Lionel Messi?"", ""how does Lionel Messi compare to Cristiano Ronaldo?"", ""Cristiano Ronaldo's had some great teams too"", ""okay now tell me about Lionel Messi's records""]","[[], [""Lionel Messi""], [""Lionel Messi""], [""Lionel Messi"", ""Inter Miami""], [""Lionel Messi""], [], [""Lionel Messi""], [""Lionel Messi"", ""Cristiano Ronaldo""], [""Cristiano Ronaldo""], [""Lionel Messi""]]","[false, true, true, true, true, false, true, false, false, false]",2026-04-10T20:41:37.012528
conv_0012_sports_football,Sports,Football,Cristiano Ronaldo,"[{""role"": ""user"", ""text"": ""Who is the best football player in the world right now?""}, {""role"": ""assistant"", ""text"": ""Many consider Cristiano Ronaldo to be one of the best, with numerous awards and accolades to his name.""}, {""role"": ""user"", ""text"": ""He's definitely up there. What team does he play for currently?""}, {""role"": ""assistant"", ""text"": ""He currently plays for Manchester United in the English Premier League.""}, {""role"": ""user"", ""text"": ""That's right. And what about his previous teams?""}, {""role"": ""assistant"", ""text"": ""Before Manchester United, he played for Juventus in Italy's Serie A and Real Madrid in Spain's La Liga.""}, {""role"": ""user"", ""text"": ""Ah, Real Madrid. What were his achievements there?""}, {""role"": ""assistant"", ""text"": ""During his time at Real Madrid, he won multiple Champions League titles, La Liga titles, and the UEFA Super Cup.""}, {""role"": ""user"", ""text"": ""That's impressive. Give me a minute, I need to check something.""}, {""role"": ""assistant"", ""text"": ""Take your time.""}, {""role"": ""user"", ""text"": ""Back, so what were we saying? Oh yeah, Cristiano Ronaldo. How does he compare to Lionel Messi?""}, {""role"": ""assistant"", ""text"": ""Both are exceptional players, but they have different styles. Messi is known for his dribbling and vision, while Ronaldo is renowned for his speed, power, and goal-scoring ability.""}, {""role"": ""user"", ""text"": ""Speed and power, yeah. What about his international career?""}, {""role"": ""assistant"", ""text"": ""Ronaldo has had a successful international career with Portugal, leading them to victory in the 2016 European Championship.""}, {""role"": ""user"", ""text"": ""That's a great achievement. What about other top players, like Kylian Mbappé?""}, {""role"": ""assistant"", ""text"": ""Mbappé is another talented young player, known for his exceptional speed and goal-scoring ability. While he's impressive, Ronaldo's experience and consistency set him apart.""}, {""role"": ""user"", ""text"": ""Experience, yeah. Do you think he'll ever retire?""}, {""role"": ""assistant"", ""text"": ""Eventually, yes. Ronaldo has mentioned that he wants to retire at a high level, possibly in a league or tournament that allows him to stay competitive.""}, {""role"": ""user"", ""text"": ""That's fair. Okay, now tell me about the Champions League.""}, {""role"": ""assistant"", ""text"": ""The Champions League is an annual club football competition organized by UEFA, featuring top teams from Europe. It's one of the most prestigious tournaments in the sport.""}]","[""Who is the best football player in the world right now?"", ""He's definitely up there. What team does he play for currently?"", ""That's right. And what about his previous teams?"", ""Ah, Real Madrid. What were his achievements there?"", ""That's impressive. Give me a minute, I need to check something."", ""Back, so what were we saying? Oh yeah, Cristiano Ronaldo. How does he compare to Lionel Messi?"", ""Speed and power, yeah. What about his international career?"", ""That's a great achievement. What about other top players, like Kylian Mbappé?"", ""Experience, yeah. Do you think he'll ever retire?"", ""That's fair. Okay, now tell me about the Champions League.""]","[""Who is the best football player in the world right now?"", ""What team does Cristiano Ronaldo play for currently?"", ""What were Cristiano Ronaldo's previous teams?"", ""What were Cristiano Ronaldo's achievements at Real Madrid?"", ""Give me a minute, I need to check something."", ""How does Cristiano Ronaldo compare to Lionel Messi?"", ""What is Cristiano Ronaldo's international career like?"", ""What about Kylian Mbappé, a top player like him?"", ""Do you think Cristiano Ronaldo will ever retire?"", ""Tell me about the Champions League.""]","[[], [""Cristiano Ronaldo""], [""Cristiano Ronaldo""], [""Cristiano Ronaldo"", ""Real Madrid""], [], [""Cristiano Ronaldo"", ""Lionel Messi""], [""Cristiano Ronaldo""], [""Kylian Mbappé""], [""Cristiano Ronaldo""], []]","[false, true, true, true, false, true, true, true, true, false]",2026-04-10T20:41:43.425860
conv_0013_sports_tennis,Sports,Tennis,Novak Djokovic,"[{""role"": ""user"", ""text"": ""Who is the number one tennis player in the world right now?""}, {""role"": ""assistant"", ""text"": ""As of the latest rankings, Novak Djokovic holds the top spot in men's tennis.""}, {""role"": ""user"", ""text"": ""What are his strengths on the court?""}, {""role"": ""assistant"", ""text"": ""Novak Djokovic is known for his exceptional defensive skills, athleticism, and ability to perform under pressure.""}, {""role"": ""user"", ""text"": ""He's had so many great matches... what about his rivalry with Federer?""}, {""role"": ""assistant"", ""text"": ""The rivalry between Novak Djokovic and Roger Federer is one of the most iconic in tennis history, with numerous thrilling matches between them.""}, {""role"": ""user"", ""text"": ""Their matches are always so intense... and what about Nadal?""}, {""role"": ""assistant"", ""text"": ""Rafael Nadal is another tennis superstar who has had many epic battles with Novak Djokovic, pushing each other to new heights.""}, {""role"": ""user"", ""text"": ""Give me a minute, I need to check something... (pauses) Back, so what were we saying?""}, {""role"": ""assistant"", ""text"": ""We were discussing Novak Djokovic's rivalries with Federer and Nadal.""}, {""role"": ""user"", ""text"": ""Right, and how does he compare to the other two in terms of Grand Slam wins?""}, {""role"": ""assistant"", ""text"": ""Novak Djokovic has won a record number of Grand Slam titles, surpassing both Federer and Nadal in that regard.""}, {""role"": ""user"", ""text"": ""That's impressive... what about his technique? What's his serve like?""}, {""role"": ""assistant"", ""text"": ""Novak Djokovic has a strong and accurate serve, which is one of his key assets on the court.""}, {""role"": ""user"", ""text"": ""I've seen him use different strategies... does he have a favorite surface to play on?""}, {""role"": ""assistant"", ""text"": ""Novak Djokovic has had success on all surfaces, but he seems to perform particularly well on hard courts.""}, {""role"": ""user"", ""text"": ""Okay, now tell me about the tennis tournament in Wimbledon...""}, {""role"": ""assistant"", ""text"": ""Wimbledon is one of the most prestigious tennis tournaments, with a rich history and tradition.""}, {""role"": ""user"", ""text"": ""Yeah, and has Novak Djokovic won there before?""}, {""role"": ""assistant"", ""text"": ""Yes, Novak Djokovic has won Wimbledon multiple times, demonstrating his skill on grass courts.""}]","[""Who is the number one tennis player in the world right now?"", ""What are his strengths on the court?"", ""He's had so many great matches... what about his rivalry with Federer?"", ""Their matches are always so intense... and what about Nadal?"", ""Give me a minute, I need to check something... (pauses) Back, so what were we saying?"", ""Right, and how does he compare to the other two in terms of Grand Slam wins?"", ""That's impressive... what about his technique? What's his serve like?"", ""I've seen him use different strategies... does he have a favorite surface to play on?"", ""Okay, now tell me about the tennis tournament in Wimbledon..."", ""Yeah, and has Novak Djokovic won there before?""]","[""Who is the number one tennis player in the world right now?"", ""What are Novak Djokovic's strengths on the court?"", ""Novak Djokovic has had so many great matches... what about his rivalry with Roger Federer?"", ""Novak Djokovic and Roger Federer's matches are always so intense... and what about Rafael Nadal?"", ""Give me a minute, I need to check something... (pauses) Back, so what were we saying?"", ""Right, and how does Novak Djokovic compare to Roger Federer and Rafael Nadal in terms of Grand Slam wins?"", ""That's impressive... what about Novak Djokovic's technique? What is his serve like?"", ""I've seen Novak Djokovic use different strategies... does he have a favorite surface to play on?"", ""Okay, now tell me about the tennis tournament in Wimbledon..."", ""Yeah, and has Novak Djokovic won Wimbledon before?""]","[[], [""Novak Djokovic""], [""Novak Djokovic"", ""Roger Federer""], [""Novak Djokovic"", ""Roger Federer"", ""Rafael Nadal""], [], [""Novak Djokovic"", ""Roger Federer"", ""Rafael Nadal""], [""Novak Djokovic""], [""Novak Djokovic""], [], [""Novak Djokovic"", ""Wimbledon""]]","[false, true, true, true, false, true, true, true, false, true]",2026-04-10T20:41:50.061548
conv_0017_technology_ai,Technology,AI,Geoffrey Hinton,"[{""role"": ""user"", ""text"": ""Who is Geoffrey Hinton?""}, {""role"": ""assistant"", ""text"": ""Geoffrey Hinton is a renowned computer scientist and cognitive psychologist known for his work on artificial neural networks and deep learning.""}, {""role"": ""user"", ""text"": ""He's often called the \""godfather of deep learning\"". What are his contributions?""}, {""role"": ""assistant"", ""text"": ""Hinton's work on backpropagation and neural networks has been instrumental in the development of deep learning. He also co-founded Google's DeepMind.""}, {""role"": ""user"", ""text"": ""That's impressive. What led him to AI?""}, {""role"": ""assistant"", ""text"": ""Hinton's interest in AI began with his Ph.D. in experimental psychology. He later shifted to computer science, focusing on neural networks and their potential to mimic human cognition.""}, {""role"": ""user"", ""text"": ""He was at the University of Toronto for a long time, right?""}, {""role"": ""assistant"", ""text"": ""Yes, Hinton spent many years at the University of Toronto, where he conducted pioneering research on neural networks and deep learning.""}, {""role"": ""user"", ""text"": ""Wait, give me a sec... *pause* Back, so what were we saying?""}, {""role"": ""assistant"", ""text"": ""We were discussing Hinton's contributions to AI and his work on neural networks.""}, {""role"": ""user"", ""text"": ""Right. And what's his current involvement in AI research?""}, {""role"": ""assistant"", ""text"": ""Currently, Hinton is a professor emeritus at the University of Toronto and an engineering fellow at Google. He continues to work on AI and neural networks.""}, {""role"": ""user"", ""text"": ""How does he feel about AI safety?""}, {""role"": ""assistant"", ""text"": ""Hinton has expressed concerns about the potential risks of AI and advocates for careful consideration of AI safety and ethics.""}, {""role"": ""user"", ""text"": ""That's interesting. What about Yann LeCun, how does he compare?""}, {""role"": ""assistant"", ""text"": ""Yann LeCun, another pioneer in deep learning, has worked closely with Hinton. While they share similar interests, LeCun's focus has been more on computer vision and robotics.""}, {""role"": ""user"", ""text"": ""Okay, now tell me about computer vision.""}, {""role"": ""assistant"", ""text"": ""Computer vision is a subset of AI that deals with enabling computers to interpret and understand visual data from images and videos. It has numerous applications in robotics, healthcare, and more.""}, {""role"": ""user"", ""text"": ""That sounds cool. Has Hinton worked on any computer vision projects?""}, {""role"": ""assistant"", ""text"": ""While Hinton's primary focus has been on neural networks and deep learning, his work has laid the foundation for many computer vision applications, including image recognition and object detection.""}]","[""Who is Geoffrey Hinton?"", ""He's often called the \""godfather of deep learning\"". What are his contributions?"", ""That's impressive. What led him to AI?"", ""He was at the University of Toronto for a long time, right?"", ""Wait, give me a sec... *pause* Back, so what were we saying?"", ""Right. And what's his current involvement in AI research?"", ""How does he feel about AI safety?"", ""That's interesting. What about Yann LeCun, how does he compare?"", ""Okay, now tell me about computer vision."", ""That sounds cool. Has Hinton worked on any computer vision projects?""]","[""Who is Geoffrey Hinton?"", ""Geoffrey Hinton is often called the \""godfather of deep learning\"". What are his contributions?"", ""That is impressive. What led Geoffrey Hinton to AI?"", ""Geoffrey Hinton was at the University of Toronto for a long time, right?"", ""Wait, give me a sec... *pause* Back, so what were we saying?"", ""Right. And what is Geoffrey Hinton's current involvement in AI research?"", ""How does Geoffrey Hinton feel about AI safety?"", ""That is interesting. What about Yann LeCun, how does he compare to Geoffrey Hinton?"", ""Okay, now tell me about computer vision."", ""That sounds cool. Has Geoffrey Hinton worked on any computer vision projects?""]","[[""Geoffrey Hinton""], [""Geoffrey Hinton""], [""Geoffrey Hinton""], [""Geoffrey Hinton"", ""University of Toronto""], [], [""Geoffrey Hinton""], [""Geoffrey Hinton""], [""Yann LeCun"", ""Geoffrey Hinton""], [], [""Geoffrey Hinton""]]","[false, false, true, false, false, true, true, true, false, true]",2026-04-10T20:42:06.494501
conv_0018_technology_ai,Technology,AI,Google DeepMind,"[{""role"": ""user"", ""text"": ""what's the latest on AI research from Google DeepMind?""}, {""role"": ""assistant"", ""text"": ""Google DeepMind has made significant advancements in AI, particularly with their development of AlphaFold, a protein-folding AI.""}, {""role"": ""user"", ""text"": ""that's impressive, what are its applications?""}, {""role"": ""assistant"", ""text"": ""AlphaFold has the potential to revolutionize fields like medicine and biotechnology by accurately predicting protein structures.""}, {""role"": ""user"", ""text"": ""they've been working on it for years, right?""}, {""role"": ""assistant"", ""text"": ""Yes, Google DeepMind has been actively researching and developing AlphaFold since 2016.""}, {""role"": ""user"", ""text"": ""give me a minute, I need to check something...""}, {""role"": ""assistant"", ""text"": ""Take your time!""}, {""role"": ""user"", ""text"": ""back, so what were we saying about DeepMind?""}, {""role"": ""assistant"", ""text"": ""We were discussing their work on AlphaFold and its potential applications.""}, {""role"": ""user"", ""text"": ""compare that to what Facebook's AI lab is doing...""}, {""role"": ""assistant"", ""text"": ""While Facebook's AI lab focuses on areas like computer vision and natural language processing, Google DeepMind's focus on complex problems like protein folding sets them apart.""}, {""role"": ""user"", ""text"": ""what about recent breakthroughs in reinforcement learning?""}, {""role"": ""assistant"", ""text"": ""Google DeepMind's research in reinforcement learning has led to notable achievements, such as the development of AlphaGo, which defeated a human world champion in Go.""}, {""role"": ""user"", ""text"": ""I've heard they're working on more general AI...""}, {""role"": ""assistant"", ""text"": ""Yes, Google DeepMind is actively researching general AI, with the goal of creating more versatile and adaptable AI systems.""}, {""role"": ""user"", ""text"": ""that's a bit scary, aren't there risks?""}, {""role"": ""assistant"", ""text"": ""Yes, there are potential risks associated with advanced AI, and Google DeepMind is working to address these concerns through responsible AI development and research.""}, {""role"": ""user"", ""text"": ""okay, now tell me about robotics...""}, {""role"": ""assistant"", ""text"": ""While robotics is a related field, it's distinct from AI research. However, Google has made significant advancements in robotics, including the development of robots that can learn and adapt.""}]","[""what's the latest on AI research from Google DeepMind?"", ""that's impressive, what are its applications?"", ""they've been working on it for years, right?"", ""give me a minute, I need to check something..."", ""back, so what were we saying about DeepMind?"", ""compare that to what Facebook's AI lab is doing..."", ""what about recent breakthroughs in reinforcement learning?"", ""I've heard they're working on more general AI..."", ""that's a bit scary, aren't there risks?"", ""okay, now tell me about robotics...""]","[""what's the latest on AI research from Google DeepMind?"", ""that's impressive, what are the applications of AlphaFold?"", ""Google DeepMind has been working on AlphaFold for years, right?"", ""give me a minute, I need to check something..."", ""back, so what were we saying about DeepMind?"", ""compare that to what Facebook's AI lab is doing..."", ""what about recent breakthroughs in reinforcement learning?"", ""I've heard that Google DeepMind is working on more general AI..."", ""that's a bit scary, aren't there risks associated with advanced AI?"", ""okay, now tell me about robotics...""]","[[""Google DeepMind""], [""AlphaFold""], [""Google DeepMind"", ""AlphaFold""], [], [""DeepMind""], [""Facebook""], [], [""Google DeepMind""], [], []]","[false, true, true, false, false, false, false, true, true, false]",2026-04-10T20:42:12.069116
conv_0022_entertainment_bollywood,Entertainment,Bollywood,Shah Rukh Khan,"[{""role"": ""user"", ""text"": ""Who is the king of Bollywood?""}, {""role"": ""assistant"", ""text"": ""That title is often given to Shah Rukh Khan, the most successful actor in Indian cinema.""}, {""role"": ""user"", ""text"": ""What's his first big hit?""}, {""role"": ""assistant"", ""text"": ""It was the 1992 film \""Deewana\"" that brought him to fame.""}, {""role"": ""user"", ""text"": ""He has so many films, what's his most recent one?""}, {""role"": ""assistant"", ""text"": ""Recently, he starred in \""Pathan\"" with Deepika Padukone and John Abraham.""}, {""role"": ""user"", ""text"": ""I loved him in \""Jab We Met\"", what are his upcoming projects?""}, {""role"": ""assistant"", ""text"": ""He's currently working on \""Don 3\"" and \""King\"", but release dates aren't announced yet.""}, {""role"": ""user"", ""text"": ""Can you compare him to Salman Khan?""}, {""role"": ""assistant"", ""text"": ""Both are leading actors, but Shah Rukh has a more diverse filmography and global recognition.""}, {""role"": ""user"", ""text"": ""Yeah, I've seen his interviews, he's very charming.""}, {""role"": ""assistant"", ""text"": ""Yes, he's known for his charisma and engaging personality on screen and off.""}, {""role"": ""user"", ""text"": ""Wait, give me a minute... *pause* Back, so what were we saying?""}, {""role"": ""assistant"", ""text"": ""We were discussing Shah Rukh Khan's career and comparing him to Salman Khan.""}, {""role"": ""user"", ""text"": ""Right, okay... and what about his family?""}, {""role"": ""assistant"", ""text"": ""He's married to Gauri Khan and they have three children, Aryan, Suhana, and AbRam.""}, {""role"": ""user"", ""text"": ""His kids are all grown up, what's Suhana up to?""}, {""role"": ""assistant"", ""text"": ""Suhana's been making her acting debut and is active on social media.""}, {""role"": ""user"", ""text"": ""That's cool... by the way, have you heard about Priyanka Chopra's new series?""}, {""role"": ""assistant"", ""text"": ""Yes, Priyanka's recent projects include \""Citadel\"" on Netflix, but let's get back to Bollywood if you'd like.""}]","[""Who is the king of Bollywood?"", ""What's his first big hit?"", ""He has so many films, what's his most recent one?"", ""I loved him in \""Jab We Met\"", what are his upcoming projects?"", ""Can you compare him to Salman Khan?"", ""Yeah, I've seen his interviews, he's very charming."", ""Wait, give me a minute... *pause* Back, so what were we saying?"", ""Right, okay... and what about his family?"", ""His kids are all grown up, what's Suhana up to?"", ""That's cool... by the way, have you heard about Priyanka Chopra's new series?""]","[""Who is the king of Bollywood?"", ""What was Shah Rukh Khan's first big hit?"", ""He has so many films, what is Shah Rukh Khan's most recent one?"", ""I loved Shah Rukh Khan in \""Jab We Met\"", what are his upcoming projects?"", ""Can you compare Shah Rukh Khan to Salman Khan?"", ""Yeah, I've seen Shah Rukh Khan's interviews, he is very charming."", ""Wait, give me a minute... *pause* Back, so what were we saying?"", ""Right, okay... and what about Shah Rukh Khan's family?"", ""Shah Rukh Khan's kids are all grown up, what is Suhana up to?"", ""That's cool... by the way, have you heard about Priyanka Chopra's new series?""]","[[""Bollywood""], [""Shah Rukh Khan""], [""Shah Rukh Khan""], [""Shah Rukh Khan"", ""Jab We Met""], [""Shah Rukh Khan"", ""Salman Khan""], [""Shah Rukh Khan""], [], [""Shah Rukh Khan""], [""Shah Rukh Khan"", ""Suhana""], [""Priyanka Chopra""]]","[false, true, true, true, true, true, false, true, true, false]",2026-04-10T20:42:29.810863
conv_0023_entertainment_bollywood,Entertainment,Bollywood,Aamir Khan,"[{""role"": ""user"", ""text"": ""Who is Aamir Khan?""}, {""role"": ""assistant"", ""text"": ""Aamir Khan is a renowned Indian actor, producer, and director in Bollywood.""}, {""role"": ""user"", ""text"": ""What's his acting style like?""}, {""role"": ""assistant"", ""text"": ""He's known for his versatility and ability to portray a wide range of characters.""}, {""role"": ""user"", ""text"": ""I've seen him in some comedies, right?""}, {""role"": ""assistant"", ""text"": ""Yes, he's starred in many successful comedies like \""Mela\"" and \""Dharm\"".""}, {""role"": ""user"", ""text"": ""And also in dramas, I think?""}, {""role"": ""assistant"", ""text"": ""Absolutely, his performances in \""Taare Zameen Par\"" and \""Lagaan\"" are highly acclaimed.""}, {""role"": ""user"", ""text"": ""Lagaan was a period film, wasn't it?""}, {""role"": ""assistant"", ""text"": ""Yes, it's set in the British Raj era and received critical acclaim globally.""}, {""role"": ""user"", ""text"": ""Wait, give me a minute to check something.""}, {""role"": ""assistant"", ""text"": ""Sure, take your time.""}, {""role"": ""user"", ""text"": ""Back, so what were we saying about Aamir Khan?""}, {""role"": ""assistant"", ""text"": ""We were discussing his filmography, specifically \""Lagaan\"".""}, {""role"": ""user"", ""text"": ""Right, and what about his collaborations with other actors?""}, {""role"": ""assistant"", ""text"": ""He's often paired with actresses like Kajol and Kareena Kapoor Khan in many films.""}, {""role"": ""user"", ""text"": ""Are those his only co-stars?""}, {""role"": ""assistant"", ""text"": ""No, he's worked with many other actors like Shah Rukh Khan and Salman Khan as well.""}, {""role"": ""user"", ""text"": ""Okay, now tell me about Indian cinema in general.""}, {""role"": ""assistant"", ""text"": ""Indian cinema, also known as Bollywood, is a significant part of the country's culture and a major industry globally.""}]","[""Who is Aamir Khan?"", ""What's his acting style like?"", ""I've seen him in some comedies, right?"", ""And also in dramas, I think?"", ""Lagaan was a period film, wasn't it?"", ""Wait, give me a minute to check something."", ""Back, so what were we saying about Aamir Khan?"", ""Right, and what about his collaborations with other actors?"", ""Are those his only co-stars?"", ""Okay, now tell me about Indian cinema in general.""]","[""Who is Aamir Khan?"", ""What is Aamir Khan's acting style like?"", ""I've seen Aamir Khan in some comedies, right?"", ""And also Aamir Khan in dramas, I think?"", ""Was Lagaan a period film, wasn't it?"", ""Wait, give me a minute to check something."", ""I'm back, so what were we saying about Aamir Khan?"", ""Right, and what about Aamir Khan's collaborations with other actors?"", ""Are those Aamir Khan's only co-stars?"", ""Okay, now tell me about Indian cinema in general.""]","[[""Aamir Khan""], [""Aamir Khan""], [""Aamir Khan""], [""Aamir Khan""], [""Lagaan""], [], [""Aamir Khan""], [""Aamir Khan""], [""Aamir Khan""], []]","[false, true, true, true, true, false, true, true, true, false]",2026-04-10T20:42:35.460818
conv_0026_health_nutrition,Health,Nutrition,intermittent fasting,"[{""role"": ""user"", ""text"": ""I've been hearing a lot about intermittent fasting, what is it exactly?""}, {""role"": ""assistant"", ""text"": ""Intermittent fasting is an eating pattern where you alternate between periods of eating and fasting to promote weight loss and improve overall health.""}, {""role"": ""user"", ""text"": ""How does it work?""}, {""role"": ""assistant"", ""text"": ""It works by reducing insulin resistance, increasing human growth hormone production, and enhancing autophagy, which helps your body repair and rejuvenate cells.""}, {""role"": ""user"", ""text"": ""I've tried it before, but I'm not sure about the different types, can you explain them?""}, {""role"": ""assistant"", ""text"": ""There are several types, including 16:8, where you fast for 16 hours and eat within an 8-hour window; 5:2, where you eat normally for 5 days and restrict calories to 500-600 on the other 2 days; and Eat-Stop-Eat, where you fast for 24 hours once or twice a week.""}, {""role"": ""user"", ""text"": ""That sounds interesting, and what about its benefits?""}, {""role"": ""assistant"", ""text"": ""Benefits include weight loss, improved insulin sensitivity, reduced inflammation, and increased longevity, among others.""}, {""role"": ""user"", ""text"": ""Okay, got it. What about its effects on mental clarity?""}, {""role"": ""assistant"", ""text"": ""Many people report improved mental clarity and focus when following an intermittent fasting regimen, possibly due to the increased production of a protein called brain-derived neurotrophic factor.""}, {""role"": ""user"", ""text"": ""That's great to know. Wait a sec, I need to take a call.""}, {""role"": ""assistant"", ""text"": ""Take your time.""}, {""role"": ""user"", ""text"": ""Back, so what were we saying?""}, {""role"": ""assistant"", ""text"": ""We were discussing the benefits of intermittent fasting, particularly its effects on mental clarity.""}, {""role"": ""user"", ""text"": ""Right, and how does it compare to traditional calorie restriction?""}, {""role"": ""assistant"", ""text"": ""While both can lead to weight loss, intermittent fasting can be more effective for some people because it allows for more flexibility and can lead to a reduction in overall calorie intake.""}, {""role"": ""user"", ""text"": ""I see. What about potential drawbacks?""}, {""role"": ""assistant"", ""text"": ""Some people may experience initial fatigue, hunger pangs, and nutrient deficiencies if not planned properly; it's essential to consult a healthcare professional before starting any new diet.""}, {""role"": ""user"", ""text"": ""Okay, that's good to know. Can you give me some tips for beginners?""}, {""role"": ""assistant"", ""text"": ""Start with a 12-hour fasting window and gradually increase the duration; stay hydrated, and listen to your body – if you feel weak or dizzy, consider adjusting your approach.""}]","[""I've been hearing a lot about intermittent fasting, what is it exactly?"", ""How does it work?"", ""I've tried it before, but I'm not sure about the different types, can you explain them?"", ""That sounds interesting, and what about its benefits?"", ""Okay, got it. What about its effects on mental clarity?"", ""Wait a sec, I need to take a call."", ""Back, so what were we saying?"", ""Right, and how does it compare to traditional calorie restriction?"", ""I see. What about potential drawbacks?"", ""Okay, that's good to know. Can you give me some tips for beginners?""]","[""I've been hearing a lot about intermittent fasting, what is intermittent fasting exactly?"", ""How does intermittent fasting work?"", ""I've tried intermittent fasting before, but I'm not sure about the different types of intermittent fasting, can you explain them?"", ""That sounds interesting, and what are the benefits of intermittent fasting?"", ""Okay, got it. What are the effects of intermittent fasting on mental clarity?"", ""Wait a sec, I need to take a call."", ""Back, so what were we saying?"", ""Right, and how does intermittent fasting compare to traditional calorie restriction?"", ""I see. What are the potential drawbacks of intermittent fasting?"", ""Okay, that's good to know. Can you give me some tips for intermittent fasting beginners?""]","[[], [], [], [], [], [], [], [], [], []]","[false, false, true, true, true, false, false, true, true, true]",2026-04-10T20:42:48.681720
conv_0027_health_mental_health,Health,Mental Health,anxiety,"[{""role"": ""user"", ""text"": ""what's anxiety?""}, {""role"": ""assistant"", ""text"": ""Anxiety is a mental health condition characterized by feelings of worry, nervousness, and fear that are persistent and overwhelming.""}, {""role"": ""user"", ""text"": ""it affects people in different ways, right?""}, {""role"": ""assistant"", ""text"": ""Yes, it can manifest differently in individuals, from general anxiety disorder to panic disorder, social anxiety, and phobias.""}, {""role"": ""user"", ""text"": ""how common is it?""}, {""role"": ""assistant"", ""text"": ""Anxiety disorders are among the most common mental health conditions, affecting approximately 1 in 5 adults worldwide.""}, {""role"": ""user"", ""text"": ""that's a lot; what are its symptoms?""}, {""role"": ""assistant"", ""text"": ""Symptoms include rapid heartbeat, sweating, trembling, and feelings of dread or panic.""}, {""role"": ""user"", ""text"": ""give me a minute, I need to grab something... (pause) back, so what were we saying?""}, {""role"": ""assistant"", ""text"": ""We were discussing symptoms of anxiety. Some people also experience nausea, shortness of breath, or difficulty concentrating.""}, {""role"": ""user"", ""text"": ""and can it be treated?""}, {""role"": ""assistant"", ""text"": ""Yes, anxiety can be treated with therapy, such as cognitive-behavioral therapy, and sometimes medication.""}, {""role"": ""user"", ""text"": ""what about uk's approach to anxiety treatment?""}, {""role"": ""assistant"", ""text"": ""In the UK, the National Health Service (NHS) offers various treatments, including therapy and counseling, through its mental health services.""}, {""role"": ""user"", ""text"": ""that's good; compare anxiety with depression.""}, {""role"": ""assistant"", ""text"": ""While both are mental health conditions, anxiety is typically characterized by excessive worry and fear, whereas depression is marked by persistent feelings of sadness and loss of interest.""}, {""role"": ""user"", ""text"": ""okay, now tell me about stress; is it related?""}, {""role"": ""assistant"", ""text"": ""Stress and anxiety are related but distinct; stress is a response to external pressures, whereas anxiety is a more persistent mental state.""}, {""role"": ""user"", ""text"": ""who is more prone to anxiety?""}, {""role"": ""assistant"", ""text"": ""Anyone can develop anxiety, but it's more common among women, young adults, and those with a family history of anxiety or other mental health conditions.""}]","[""what's anxiety?"", ""it affects people in different ways, right?"", ""how common is it?"", ""that's a lot; what are its symptoms?"", ""give me a minute, I need to grab something... (pause) back, so what were we saying?"", ""and can it be treated?"", ""what about uk's approach to anxiety treatment?"", ""that's good; compare anxiety with depression."", ""okay, now tell me about stress; is it related?"", ""who is more prone to anxiety?""]","[""what is anxiety?"", ""it affects people in different ways, right?"", ""how common is anxiety?"", ""that is a lot; what are the symptoms of anxiety?"", ""give me a minute, I need to grab something... (pause) back, so what were we saying?"", ""and can anxiety be treated?"", ""what is the UK's approach to anxiety treatment?"", ""that is good; compare anxiety with depression."", ""okay, now tell me about stress; is it related to anxiety?"", ""who is more prone to anxiety?""]","[[], [], [], [], [], [], [""UK""], [], [], []]","[false, false, false, true, false, true, true, false, true, false]",2026-04-10T20:42:54.322944
conv_0028_health_fitness,Health,Fitness,yoga,"[{""role"": ""user"", ""text"": ""what's the deal with yoga, is it really good for you?""}, {""role"": ""assistant"", ""text"": ""Yes, yoga is excellent for overall health, improving flexibility, balance, and reducing stress.""}, {""role"": ""user"", ""text"": ""I've heard it's great for stress relief, how does it do that?""}, {""role"": ""assistant"", ""text"": ""It combines physical postures, breathing techniques, and meditation to calm the mind and body.""}, {""role"": ""user"", ""text"": ""that sounds amazing, what about the physical benefits?""}, {""role"": ""assistant"", ""text"": ""Regular practice can improve strength, posture, and circulation, while also reducing chronic pain.""}, {""role"": ""user"", ""text"": ""I've always wanted to try it, what's a good way to start?""}, {""role"": ""assistant"", ""text"": ""Begin with beginner-friendly styles like Hatha or Vinyasa, and consider taking classes or online tutorials.""}, {""role"": ""user"", ""text"": ""okay, I'll look into it, what about injuries, can you get hurt doing yoga?""}, {""role"": ""assistant"", ""text"": ""While it's generally safe, overexertion or improper alignment can lead to injuries, so listen to your body and modify poses as needed.""}, {""role"": ""user"", ""text"": ""wait, give me a sec to grab a glass of water""}, {""role"": ""assistant"", ""text"": ""Take your time!""}, {""role"": ""user"", ""text"": ""back, so what were we saying?""}, {""role"": ""assistant"", ""text"": ""We were discussing potential risks and how to practice safely.""}, {""role"": ""user"", ""text"": ""right, got it, and what about yoga for weight loss?""}, {""role"": ""assistant"", ""text"": ""While it's not a quick fix, yoga can aid in weight management by increasing metabolism and building lean muscle.""}, {""role"": ""user"", ""text"": ""that makes sense, how does it compare to other forms of exercise?""}, {""role"": ""assistant"", ""text"": ""Yoga offers unique benefits, like improved flexibility and balance, but may not be as intense as cardio workouts; many people combine it with other activities for a well-rounded routine.""}, {""role"": ""user"", ""text"": ""okay, I think I'll give it a shot, what's a good time of day to practice yoga?""}, {""role"": ""assistant"", ""text"": ""Morning or evening work well, as they tend to be less crowded and allow for a more focused practice.""}]","[""what's the deal with yoga, is it really good for you?"", ""I've heard it's great for stress relief, how does it do that?"", ""that sounds amazing, what about the physical benefits?"", ""I've always wanted to try it, what's a good way to start?"", ""okay, I'll look into it, what about injuries, can you get hurt doing yoga?"", ""wait, give me a sec to grab a glass of water"", ""back, so what were we saying?"", ""right, got it, and what about yoga for weight loss?"", ""that makes sense, how does it compare to other forms of exercise?"", ""okay, I think I'll give it a shot, what's a good time of day to practice yoga?""]","[""what's the deal with yoga, is it really good for you?"", ""I've heard yoga is great for stress relief, how does yoga do that?"", ""that sounds amazing, what about the physical benefits of yoga?"", ""I've always wanted to try yoga, what's a good way to start?"", ""okay, I'll look into yoga, what about injuries, can you get hurt doing yoga?"", ""wait, give me a sec to grab a glass of water"", ""back, so what were we saying?"", ""right, got it, and what about yoga for weight loss?"", ""that makes sense, how does yoga compare to other forms of exercise?"", ""okay, I think I'll give yoga a shot, what's a good time of day to practice yoga?""]","[[], [], [], [], [], [], [], [], [], []]","[false, true, true, true, true, false, false, false, true, true]",2026-04-10T20:43:01.272933
conv_0029_history_india,History,India,Mahatma Gandhi,"[{""role"": ""user"", ""text"": ""Who was Mahatma Gandhi?""}, {""role"": ""assistant"", ""text"": ""Mahatma Gandhi was a prominent Indian independence activist who played a key role in India's struggle for freedom from British rule.""}, {""role"": ""user"", ""text"": ""What were his methods?""}, {""role"": ""assistant"", ""text"": ""He advocated for non-violent civil disobedience, using techniques such as strikes, boycotts, and marches to challenge British authority.""}, {""role"": ""user"", ""text"": ""That's interesting... and what about his influence on others?""}, {""role"": ""assistant"", ""text"": ""His philosophy and methods inspired many, including Martin Luther King Jr. and Nelson Mandela, to adopt similar non-violent approaches in their own struggles.""}, {""role"": ""user"", ""text"": ""wait a sec, I need to check something""}, {""role"": ""assistant"", ""text"": ""Sure, take your time.""}, {""role"": ""user"", ""text"": ""back, so what were we saying? Oh yeah, Gandhi... what was his role in the Indian National Congress?""}, {""role"": ""assistant"", ""text"": ""He was a key leader in the Indian National Congress, serving as its president in 1921 and playing a crucial role in the party's non-violent resistance movement.""}, {""role"": ""user"", ""text"": ""That's great, and how did he get involved in politics?""}, {""role"": ""assistant"", ""text"": ""He was initially involved in the Indian National Congress and later became a prominent figure in the Indian independence movement, advocating for Swaraj or self-rule.""}, {""role"": ""user"", ""text"": ""compare him to Nehru""}, {""role"": ""assistant"", ""text"": ""While both were key figures in India's independence movement, Nehru was more focused on India's economic and industrial development, whereas Gandhi's emphasis was on spirituality, non-violence, and simple living.""}, {""role"": ""user"", ""text"": ""what about his personal life?""}, {""role"": ""assistant"", ""text"": ""He was born in 1869 in Porbandar, Gujarat, and was married to Kasturba Makhanji Kapadia at the age of 13. He lived a simple life, wearing homespun clothing and advocating for self-sufficiency.""}, {""role"": ""user"", ""text"": ""simple living... that reminds me, what about the Salt March?""}, {""role"": ""assistant"", ""text"": ""The Salt March was a 24-day march led by Gandhi in 1930 to protest the British salt tax, which he considered unjust. It was a pivotal moment in India's struggle for independence.""}, {""role"": ""user"", ""text"": ""Okay, now tell me about the Non-Cooperation Movement""}, {""role"": ""assistant"", ""text"": ""The Non-Cooperation Movement was a nationwide campaign launched by Gandhi in 1920, urging Indians to withdraw from British institutions and boycott British goods, as a non-violent protest against British rule.""}]","[""Who was Mahatma Gandhi?"", ""What were his methods?"", ""That's interesting... and what about his influence on others?"", ""wait a sec, I need to check something"", ""back, so what were we saying? Oh yeah, Gandhi... what was his role in the Indian National Congress?"", ""That's great, and how did he get involved in politics?"", ""compare him to Nehru"", ""what about his personal life?"", ""simple living... that reminds me, what about the Salt March?"", ""Okay, now tell me about the Non-Cooperation Movement""]","[""Who was Mahatma Gandhi?"", ""What were Mahatma Gandhi's methods?"", ""That's interesting... and what about Mahatma Gandhi's influence on others?"", ""wait a sec, I need to check something"", ""back, so what were we saying? Oh yeah, Mahatma Gandhi... what was his role in the Indian National Congress?"", ""That's great, and how did Mahatma Gandhi get involved in politics?"", ""compare Mahatma Gandhi to Nehru"", ""what about Mahatma Gandhi's personal life?"", ""simple living... that reminds me, what about the Salt March led by Mahatma Gandhi?"", ""Okay, now tell me about the Non-Cooperation Movement led by Mahatma Gandhi""]","[[""Mahatma Gandhi""], [""Mahatma Gandhi""], [""Mahatma Gandhi""], [], [""Mahatma Gandhi"", ""Indian National Congress""], [""Mahatma Gandhi""], [""Mahatma Gandhi"", ""Nehru""], [""Mahatma Gandhi""], [""Mahatma Gandhi"", ""Salt March""], [""Mahatma Gandhi"", ""Non-Cooperation Movement""]]","[false, true, true, false, true, true, true, true, true, true]",2026-04-10T20:43:07.629165
conv_0030_history_world_wars,History,World Wars,World War II,"[{""role"": ""user"", ""text"": ""what was world war ii?""}, {""role"": ""assistant"", ""text"": ""World War II was a global conflict from 1939 to 1945, involving most nations, including all great powers.""}, {""role"": ""user"", ""text"": ""who were the main leaders then?""}, {""role"": ""assistant"", ""text"": ""Key leaders included Adolf Hitler of Germany, Benito Mussolini of Italy, Winston Churchill of the UK, and Joseph Stalin of the USSR.""}, {""role"": ""user"", ""text"": ""what was hitler's role in it?""}, {""role"": ""assistant"", ""text"": ""Adolf Hitler was the dictator of Germany, initiating aggressive expansions that led to the war.""}, {""role"": ""user"", ""text"": ""and what about churchill?""}, {""role"": ""assistant"", ""text"": ""Winston Churchill served as Prime Minister of the UK, rallying British resistance and delivering many iconic speeches.""}, {""role"": ""user"", ""text"": ""wait, give me a sec to grab a book""}, {""role"": ""assistant"", ""text"": ""Take your time.""}, {""role"": ""user"", ""text"": ""back, so what were we saying?""}, {""role"": ""assistant"", ""text"": ""We were discussing Winston Churchill's role in World War II.""}, {""role"": ""user"", ""text"": ""right, his speeches... what made them so famous?""}, {""role"": ""assistant"", ""text"": ""His speeches, like \""We shall fight on the beaches,\"" were known for their inspirational tone and eloquence.""}, {""role"": ""user"", ""text"": ""that's interesting... what about the war's impact on europe?""}, {""role"": ""assistant"", ""text"": ""World War II devastated Europe, causing massive destruction, economic collapse, and a significant loss of life.""}, {""role"": ""user"", ""text"": ""compare it to world war i...""}, {""role"": ""assistant"", ""text"": ""World War I was more contained, mainly affecting Europe, while World War II was truly global, with broader alliances and more extensive destruction.""}, {""role"": ""user"", ""text"": ""what were the war's long-term effects on the world order?""}, {""role"": ""assistant"", ""text"": ""The war led to the emergence of the United States and USSR as superpowers, setting the stage for the Cold War.""}]","[""what was world war ii?"", ""who were the main leaders then?"", ""what was hitler's role in it?"", ""and what about churchill?"", ""wait, give me a sec to grab a book"", ""back, so what were we saying?"", ""right, his speeches... what made them so famous?"", ""that's interesting... what about the war's impact on europe?"", ""compare it to world war i..."", ""what were the war's long-term effects on the world order?""]","[""what was World War II?"", ""who were the main leaders during World War II?"", ""what was Adolf Hitler's role in World War II?"", ""and what about Winston Churchill's role in World War II?"", ""wait, give me a sec to grab a book"", ""back, so what were we saying?"", ""right, what made Winston Churchill's speeches so famous?"", ""that's interesting, what was the impact of World War II on Europe?"", ""compare World War II to World War I"", ""what were the long-term effects of World War II on the world order?""]","[[""World War II""], [""World War II""], [""Adolf Hitler"", ""World War II""], [""Winston Churchill"", ""World War II""], [], [], [""Winston Churchill""], [""Europe"", ""World War II""], [""World War I"", ""World War II""], [""World War II""]]","[false, true, true, true, false, false, true, true, false, true]",2026-04-10T20:43:13.593218
conv_0033_general_general,General,General,,"[{""role"": ""user"", ""text"": ""how's your day going so far?""}, {""role"": ""assistant"", ""text"": ""It's going well, thanks. Just got back from a morning walk. How about you?""}, {""role"": ""user"", ""text"": ""same here, I love walking. it's great exercise, right?""}, {""role"": ""assistant"", ""text"": ""Absolutely, it clears my mind and gets me energized for the day. I try to do it every morning.""}, {""role"": ""user"", ""text"": ""that's awesome. do you have any fun plans for the weekend?""}, {""role"": ""assistant"", ""text"": ""I'm thinking of catching a movie with friends. We're still deciding on which one to see. What about you?""}, {""role"": ""user"", ""text"": ""wait a sec, let me check my schedule real quick... *pause* okay, I'm back. I was thinking of trying out that new restaurant downtown. have you been?""}, {""role"": ""assistant"", ""text"": ""Not yet, I've been meaning to try it out. What's it like?""}, {""role"": ""user"", ""text"": ""I've heard great things. they have a huge menu. can you recommend any good restaurants like that around here?""}, {""role"": ""assistant"", ""text"": ""There's a great Italian place nearby that's similar. I've heard their pasta is amazing.""}, {""role"": ""user"", ""text"": ""mmm, italian food is my favorite. what's your go-to order?""}, {""role"": ""assistant"", ""text"": ""I'm a big fan of spaghetti carbonara. How about you?""}, {""role"": ""user"", ""text"": ""same here! or sometimes I get lasagna. do they have that at the italian place?""}, {""role"": ""assistant"", ""text"": ""Yes, they do. I've been told their lasagna is rich and flavorful. You should definitely try it.""}, {""role"": ""user"", ""text"": ""okay, now that we're talking about food... what's your favorite type of cuisine?""}, {""role"": ""assistant"", ""text"": ""That's a tough one. I think I enjoy trying different types, but if I had to choose, I'd say Asian cuisine. I love sushi and stir-fries.""}, {""role"": ""user"", ""text"": ""oh, sushi sounds great. have you tried making it at home?""}, {""role"": ""assistant"", ""text"": ""A few times, but it's not as easy as it looks. The technique and ingredients can be tricky to master. Have you tried making it?""}, {""role"": ""user"", ""text"": ""yeah, it's a bit hit or miss. but it's fun to experiment. do you have a favorite sushi place around here?""}, {""role"": ""assistant"", ""text"": ""There's a fantastic spot a few blocks away. Their salmon sashimi is incredibly fresh.""}]","[""how's your day going so far?"", ""same here, I love walking. it's great exercise, right?"", ""that's awesome. do you have any fun plans for the weekend?"", ""wait a sec, let me check my schedule real quick... *pause* okay, I'm back. I was thinking of trying out that new restaurant downtown. have you been?"", ""I've heard great things. they have a huge menu. can you recommend any good restaurants like that around here?"", ""mmm, italian food is my favorite. what's your go-to order?"", ""same here! or sometimes I get lasagna. do they have that at the italian place?"", ""okay, now that we're talking about food... what's your favorite type of cuisine?"", ""oh, sushi sounds great. have you tried making it at home?"", ""yeah, it's a bit hit or miss. but it's fun to experiment. do you have a favorite sushi place around here?""]","[""how's your day going so far?"", ""same here, I love walking. it's great exercise, right?"", ""that's awesome. do you have any fun plans for the weekend?"", ""wait a sec, let me check my schedule real quick... *pause* okay, I'm back. I was thinking of trying out that new restaurant downtown. have you been?"", ""I've heard great things. they have a huge menu. can you recommend any good restaurants like that around here?"", ""mmm, italian food is my favorite. what's your go-to order?"", ""same here! or sometimes I get lasagna. do they have that at the italian place?"", ""okay, now that we're talking about food... what's your favorite type of cuisine?"", ""oh, sushi sounds great. have you tried making it at home?"", ""yeah, it's a bit hit or miss. but it's fun to experiment. do you have a favorite sushi place around here?""]","[[], [], [], [], [], [], [], [], [], []]","[false, false, false, false, false, false, false, false, false, false]",2026-04-10T20:43:26.580474
conv_0036_politics_india,Politics,India,Manmohan Singh,"[{""role"": ""user"", ""text"": ""Who is Manmohan Singh?""}, {""role"": ""assistant"", ""text"": ""Manmohan Singh is the 13th Prime Minister of India, serving from 2004 to 2014.""}, {""role"": ""user"", ""text"": ""What were his major economic reforms?""}, {""role"": ""assistant"", ""text"": ""He implemented significant economic liberalization policies, including trade and investment reforms.""}, {""role"": ""user"", ""text"": ""That's impressive. His finance minister was...""}, {""role"": ""assistant"", ""text"": ""P. Chidambaram played a crucial role in supporting Manmohan Singh's economic agenda.""}, {""role"": ""user"", ""text"": ""What about his healthcare initiatives?""}, {""role"": ""assistant"", ""text"": ""Manmohan Singh's government launched several healthcare programs, such as the National Rural Health Mission.""}, {""role"": ""user"", ""text"": ""NRHM was a huge success...""}, {""role"": ""assistant"", ""text"": ""Yes, it improved healthcare access in rural areas during his tenure.""}, {""role"": ""user"", ""text"": ""Give me a minute, I need to check something.""}, {""role"": ""assistant"", ""text"": ""Sure, take your time.""}, {""role"": ""user"", ""text"": ""Back, so what were we saying about Manmohan Singh's policies?""}, {""role"": ""assistant"", ""text"": ""We were discussing his healthcare initiatives and economic reforms.""}, {""role"": ""user"", ""text"": ""Right, compare them to those of his successor, Narendra Modi.""}, {""role"": ""assistant"", ""text"": ""While Manmohan Singh focused on economic liberalization and healthcare, Narendra Modi has emphasized digital India and Make in India.""}, {""role"": ""user"", ""text"": ""How did Manmohan Singh handle foreign policy during his term?""}, {""role"": ""assistant"", ""text"": ""He strengthened ties with the US, China, and other nations through diplomatic efforts.""}, {""role"": ""user"", ""text"": ""That's interesting. What about India-Pakistan relations under him?""}, {""role"": ""assistant"", ""text"": ""Manmohan Singh made efforts to improve relations, including the 2006 Mumbai terror attack aftermath.""}]","[""Who is Manmohan Singh?"", ""What were his major economic reforms?"", ""That's impressive. His finance minister was..."", ""What about his healthcare initiatives?"", ""NRHM was a huge success..."", ""Give me a minute, I need to check something."", ""Back, so what were we saying about Manmohan Singh's policies?"", ""Right, compare them to those of his successor, Narendra Modi."", ""How did Manmohan Singh handle foreign policy during his term?"", ""That's interesting. What about India-Pakistan relations under him?""]","[""Who is Manmohan Singh?"", ""What were Manmohan Singh's major economic reforms?"", ""That's impressive. His finance minister was..."", ""What about Manmohan Singh's healthcare initiatives?"", ""NRHM was a huge success..."", ""Give me a minute, I need to check something."", ""Back, so what were we saying about Manmohan Singh's policies?"", ""Right, compare Manmohan Singh's policies to those of his successor, Narendra Modi."", ""How did Manmohan Singh handle foreign policy during his term?"", ""That's interesting. What about India-Pakistan relations under Manmohan Singh?""]","[[""Manmohan Singh""], [""Manmohan Singh""], [], [""Manmohan Singh""], [""NRHM""], [], [""Manmohan Singh""], [""Manmohan Singh"", ""Narendra Modi""], [""Manmohan Singh""], [""India"", ""Pakistan"", ""Manmohan Singh""]]","[false, true, false, true, false, false, false, true, false, true]",2026-04-10T20:43:40.278588
conv_0038_politics_uk,Politics,UK,Boris Johnson,"[{""role"": ""user"", ""text"": ""Who is the current Prime Minister of the UK?""}, {""role"": ""assistant"", ""text"": ""The current Prime Minister of the UK is Rishi Sunak, but previously it was Boris Johnson, who served from 2019 to 2022.""}, {""role"": ""user"", ""text"": ""What were his major accomplishments during his tenure?""}, {""role"": ""assistant"", ""text"": ""Boris Johnson's major accomplishments include overseeing the UK's response to the COVID-19 pandemic and leading the country through Brexit.""}, {""role"": ""user"", ""text"": ""That's a lot on his plate - how did he handle the pandemic?""}, {""role"": ""assistant"", ""text"": ""He implemented various lockdowns and vaccination campaigns, but faced criticism for his government's handling of the crisis.""}, {""role"": ""user"", ""text"": ""Criticism, that sounds serious - what were his opponents saying?""}, {""role"": ""assistant"", ""text"": ""His opponents argued that he wasn't doing enough to protect the NHS and that his policies were too restrictive.""}, {""role"": ""user"", ""text"": ""Wait, what about his relationship with the EU?""}, {""role"": ""assistant"", ""text"": ""Boris Johnson negotiated the UK's withdrawal from the EU, commonly known as Brexit, and was a key figure in the Leave campaign.""}, {""role"": ""user"", ""text"": ""brb, gotta take a call""}, {""role"": ""assistant"", ""text"": ""No problem, take your time.""}, {""role"": ""user"", ""text"": ""Back, so what were we saying?""}, {""role"": ""assistant"", ""text"": ""We were discussing Boris Johnson's role in Brexit and his relationship with the EU.""}, {""role"": ""user"", ""text"": ""Right, and how does that compare to, say, Theresa May's approach?""}, {""role"": ""assistant"", ""text"": ""Theresa May also supported Brexit, but her approach was more conciliatory, and she struggled to get a deal through Parliament.""}, {""role"": ""user"", ""text"": ""Okay, now tell me about the Conservative party under his leadership.""}, {""role"": ""assistant"", ""text"": ""Under Boris Johnson's leadership, the Conservative party won a significant majority in the 2019 general election.""}, {""role"": ""user"", ""text"": ""That's impressive - what about his cabinet, who were some key members?""}, {""role"": ""assistant"", ""text"": ""His cabinet included notable figures like Sajid Javid, Dominic Raab, and Priti Patel, who held various senior positions.""}]","[""Who is the current Prime Minister of the UK?"", ""What were his major accomplishments during his tenure?"", ""That's a lot on his plate - how did he handle the pandemic?"", ""Criticism, that sounds serious - what were his opponents saying?"", ""Wait, what about his relationship with the EU?"", ""brb, gotta take a call"", ""Back, so what were we saying?"", ""Right, and how does that compare to, say, Theresa May's approach?"", ""Okay, now tell me about the Conservative party under his leadership."", ""That's impressive - what about his cabinet, who were some key members?""]","[""Who is the current Prime Minister of the UK?"", ""What were Boris Johnson's major accomplishments during his tenure as Prime Minister of the UK?"", ""That's a lot on his plate - how did Boris Johnson handle the COVID-19 pandemic?"", ""Criticism, that sounds serious - what were Boris Johnson's opponents saying about his handling of the COVID-19 pandemic?"", ""Wait, what about Boris Johnson's relationship with the EU?"", ""brb, gotta take a call"", ""Back, so what were we saying?"", ""Right, and how does Boris Johnson's approach compare to Theresa May's approach on Brexit?"", ""Okay, now tell me about the Conservative party under Boris Johnson's leadership."", ""That's impressive - who were some key members of Boris Johnson's cabinet?""]","[[""UK""], [""Boris Johnson"", ""UK""], [""Boris Johnson"", ""COVID-19""], [""Boris Johnson""], [""Boris Johnson"", ""EU""], [], [], [""Boris Johnson"", ""Theresa May""], [""Boris Johnson"", ""Conservative party""], [""Boris Johnson""]]","[false, true, true, true, true, false, false, true, true, true]",2026-04-10T20:43:49.011101
conv_0041_politics_usa,Politics,USA,Barack Obama,"[{""role"": ""user"", ""text"": ""Who is Barack Obama?""}, {""role"": ""assistant"", ""text"": ""Barack Obama is the 44th President of the United States, serving two terms from 2009 to 2017.""}, {""role"": ""user"", ""text"": ""What were his major achievements?""}, {""role"": ""assistant"", ""text"": ""He implemented the Affordable Care Act, also known as Obamacare, and ended the war in Iraq.""}, {""role"": ""user"", ""text"": ""That's impressive... and his successor?""}, {""role"": ""assistant"", ""text"": ""His successor was Donald Trump, who took office in 2017.""}, {""role"": ""user"", ""text"": ""Okay, now tell me about Joe Biden.""}, {""role"": ""assistant"", ""text"": ""Joe Biden is the current President of the United States, taking office in 2021.""}, {""role"": ""user"", ""text"": ""Give me a minute, I'm getting a call.""}, {""role"": ""assistant"", ""text"": ""Sure, take your time.""}, {""role"": ""user"", ""text"": ""Back, so what were we saying? Oh yeah, Obama.""}, {""role"": ""assistant"", ""text"": ""We were discussing his presidency and achievements.""}, {""role"": ""user"", ""text"": ""Right, compare him with George W. Bush.""}, {""role"": ""assistant"", ""text"": ""While George W. Bush focused on domestic issues like tax cuts, Barack Obama prioritized healthcare reform and international diplomacy.""}, {""role"": ""user"", ""text"": ""What about his role in the Paris Climate Agreement?""}, {""role"": ""assistant"", ""text"": ""Barack Obama played a key role in negotiating the agreement, which aimed to mitigate global climate change.""}, {""role"": ""user"", ""text"": ""He was a strong supporter, wasn't he?""}, {""role"": ""assistant"", ""text"": ""Yes, he was a strong advocate for addressing climate change and reducing carbon emissions.""}, {""role"": ""user"", ""text"": ""How did his views on healthcare impact his presidency?""}, {""role"": ""assistant"", ""text"": ""His efforts to reform healthcare led to the passage of the Affordable Care Act, a significant achievement during his presidency.""}]","[""Who is Barack Obama?"", ""What were his major achievements?"", ""That's impressive... and his successor?"", ""Okay, now tell me about Joe Biden."", ""Give me a minute, I'm getting a call."", ""Back, so what were we saying? Oh yeah, Obama."", ""Right, compare him with George W. Bush."", ""What about his role in the Paris Climate Agreement?"", ""He was a strong supporter, wasn't he?"", ""How did his views on healthcare impact his presidency?""]","[""Who is Barack Obama?"", ""What were the major achievements of Barack Obama?"", ""That's impressive... and who was his successor?"", ""Okay, now tell me about Joe Biden."", ""Give me a minute, I'm getting a call."", ""Back, so what were we saying? Oh yeah, Barack Obama."", ""Right, compare Barack Obama with George W. Bush."", ""What about the role of Barack Obama in the Paris Climate Agreement?"", ""Barack Obama was a strong supporter, wasn't he?"", ""How did the views of Barack Obama on healthcare impact his presidency?""]","[[""Barack Obama""], [""Barack Obama""], [""Barack Obama""], [""Joe Biden""], [], [""Barack Obama""], [""Barack Obama"", ""George W. Bush""], [""Barack Obama"", ""Paris Climate Agreement""], [""Barack Obama""], [""Barack Obama""]]","[false, true, true, false, false, true, true, true, true, true]",2026-04-10T20:44:06.675368
conv_0043_sports_cricket,Sports,Cricket,MS Dhoni,"[{""role"": ""user"", ""text"": ""Who is MS Dhoni?""}, {""role"": ""assistant"", ""text"": ""Mahendra Singh Dhoni, commonly known as MS Dhoni, is a former Indian cricketer and captain of the Indian national team.""}, {""role"": ""user"", ""text"": ""What made him famous?""}, {""role"": ""assistant"", ""text"": ""He led India to victory in the 2007 ICC World Twenty20 and the 2011 ICC Cricket World Cup, and is known for his exceptional leadership and wicket-keeping skills.""}, {""role"": ""user"", ""text"": ""His batting style is quite unique, isn't it?""}, {""role"": ""assistant"", ""text"": ""Yes, Dhoni is known for his unorthodox batting style, particularly his ability to finish matches with his batting.""}, {""role"": ""user"", ""text"": ""Yeah, and he is from Ranchi, right?""}, {""role"": ""assistant"", ""text"": ""That's correct, MS Dhoni was born in Ranchi, Jharkhand, India.""}, {""role"": ""user"", ""text"": ""What's his current role in cricket?""}, {""role"": ""assistant"", ""text"": ""Currently, Dhoni is not actively playing but he has been involved in various cricket-related activities, including commentary and mentoring.""}, {""role"": ""user"", ""text"": ""brb, gotta take a call""}, {""role"": ""assistant"", ""text"": ""Sure, take your time.""}, {""role"": ""user"", ""text"": ""Back, so what were we saying about Dhoni?""}, {""role"": ""assistant"", ""text"": ""We were discussing his current role in cricket. As I was saying, he has been involved in commentary and mentoring young players.""}, {""role"": ""user"", ""text"": ""That's cool. What about Virat Kohli, how does he compare?""}, {""role"": ""assistant"", ""text"": ""Virat Kohli and MS Dhoni are both exceptional cricketers, but they have different playing styles. Kohli is known for his aggressive batting, while Dhoni is famous for his finishing skills.""}, {""role"": ""user"", ""text"": ""Okay, now tell me about the Indian Premier League.""}, {""role"": ""assistant"", ""text"": ""The Indian Premier League (IPL) is a professional Twenty20 cricket league in India, featuring teams like Chennai Super Kings, which was captained by MS Dhoni.""}, {""role"": ""user"", ""text"": ""CSK did well under him, didn't they?""}, {""role"": ""assistant"", ""text"": ""Yes, under Dhoni's leadership, Chennai Super Kings won the IPL title multiple times.""}]","[""Who is MS Dhoni?"", ""What made him famous?"", ""His batting style is quite unique, isn't it?"", ""Yeah, and he is from Ranchi, right?"", ""What's his current role in cricket?"", ""brb, gotta take a call"", ""Back, so what were we saying about Dhoni?"", ""That's cool. What about Virat Kohli, how does he compare?"", ""Okay, now tell me about the Indian Premier League."", ""CSK did well under him, didn't they?""]","[""Who is MS Dhoni?"", ""What made MS Dhoni famous?"", ""MS Dhoni's batting style is quite unique, isn't it?"", ""Yeah, and MS Dhoni is from Ranchi, right?"", ""What is MS Dhoni's current role in cricket?"", ""brb, gotta take a call"", ""Back, so what were we saying about Dhoni?"", ""That's cool. What about Virat Kohli, how does he compare to MS Dhoni?"", ""Okay, now tell me about the Indian Premier League."", ""Chennai Super Kings did well under MS Dhoni, didn't they?""]","[[""MS Dhoni""], [""MS Dhoni""], [""MS Dhoni""], [""MS Dhoni"", ""Ranchi""], [""MS Dhoni""], [], [""MS Dhoni""], [""Virat Kohli"", ""MS Dhoni""], [""Indian Premier League""], [""Chennai Super Kings"", ""MS Dhoni""]]","[false, true, true, true, true, false, false, true, false, true]",2026-04-10T20:44:19.052415
conv_0045_sports_football,Sports,Football,Lionel Messi,"[{""role"": ""user"", ""text"": ""who's the best football player of all time?""}, {""role"": ""assistant"", ""text"": ""Many consider Lionel Messi to be the greatest football player of all time, given his impressive skills and numerous accolades.""}, {""role"": ""user"", ""text"": ""what makes him so special?""}, {""role"": ""assistant"", ""text"": ""He has exceptional dribbling skills, vision on the field, and an incredible goal-scoring record.""}, {""role"": ""user"", ""text"": ""he's won how many Ballon d'Ors?""}, {""role"": ""assistant"", ""text"": ""Lionel Messi has won seven Ballon d'Or awards, a record for the most wins.""}, {""role"": ""user"", ""text"": ""that's insane... and Cristiano Ronaldo?""}, {""role"": ""assistant"", ""text"": ""Cristiano Ronaldo is also considered one of the greatest, with five Ballon d'Or awards and a strong following.""}, {""role"": ""user"", ""text"": ""compare both of them""}, {""role"": ""assistant"", ""text"": ""While both are exceptional players, Messi is known for his creative playmaking, whereas Ronaldo is renowned for his speed, power, and precision.""}, {""role"": ""user"", ""text"": ""wait a sec, need to take a call""}, {""role"": ""assistant"", ""text"": ""Sure, take your time.""}, {""role"": ""user"", ""text"": ""back, so what were we saying?""}, {""role"": ""assistant"", ""text"": ""We were comparing Lionel Messi and Cristiano Ronaldo. You asked me to compare both of them.""}, {""role"": ""user"", ""text"": ""right, and what about their teams?""}, {""role"": ""assistant"", ""text"": ""Messi has played for Barcelona and Paris Saint-Germain, while Ronaldo has played for Manchester United, Real Madrid, and Juventus.""}, {""role"": ""user"", ""text"": ""okay, now tell me about Kylian Mbappé""}, {""role"": ""assistant"", ""text"": ""Kylian Mbappé is a French professional footballer who plays for Paris Saint-Germain and is known for his exceptional speed and goal-scoring abilities.""}, {""role"": ""user"", ""text"": ""is he a threat to Messi's legacy?""}, {""role"": ""assistant"", ""text"": ""While Mbappé is an outstanding player, it's hard to say if he can match Messi's achievements and impact on the sport just yet.""}]","[""who's the best football player of all time?"", ""what makes him so special?"", ""he's won how many Ballon d'Ors?"", ""that's insane... and Cristiano Ronaldo?"", ""compare both of them"", ""wait a sec, need to take a call"", ""back, so what were we saying?"", ""right, and what about their teams?"", ""okay, now tell me about Kylian Mbappé"", ""is he a threat to Messi's legacy?""]","[""who is the best football player of all time?"", ""what makes Lionel Messi so special?"", ""Lionel Messi has won how many Ballon d'Ors?"", ""that is insane and what about Cristiano Ronaldo?"", ""compare Lionel Messi and Cristiano Ronaldo"", ""wait a sec, need to take a call"", ""back, so what were we saying?"", ""right, and what about Lionel Messi and Cristiano Ronaldo's teams?"", ""okay, now tell me about Kylian Mbappé"", ""is Kylian Mbappé a threat to Lionel Messi's legacy?""]","[[], [""Lionel Messi""], [""Lionel Messi"", ""Ballon d'Or""], [""Cristiano Ronaldo""], [""Lionel Messi"", ""Cristiano Ronaldo""], [], [], [""Lionel Messi"", ""Cristiano Ronaldo""], [""Kylian Mbappé""], [""Kylian Mbappé"", ""Lionel Messi""]]","[false, true, true, true, true, false, false, true, false, true]",2026-04-10T20:44:32.915571
conv_0048_sports_tennis,Sports,Tennis,Rafael Nadal,"[{""role"": ""user"", ""text"": ""who's the king of clay in tennis?""}, {""role"": ""assistant"", ""text"": ""That's Rafael Nadal, with a record 14 French Open titles.""}, {""role"": ""user"", ""text"": ""what makes him so dominant on clay?""}, {""role"": ""assistant"", ""text"": ""His exceptional athleticism, aggressive playing style, and mastery of the forehand.""}, {""role"": ""user"", ""text"": ""he's got some amazing comebacks, right?""}, {""role"": ""assistant"", ""text"": ""Yes, he's known for his incredible ability to recover from injuries and adapt to different surfaces.""}, {""role"": ""user"", ""text"": ""compare him to federer""}, {""role"": ""assistant"", ""text"": ""While both are all-time greats, Nadal's aggressive style contrasts with Federer's elegant precision, making their head-to-head matches thrilling.""}, {""role"": ""user"", ""text"": ""federer's got 8 Wimbledon, by the way""}, {""role"": ""assistant"", ""text"": ""That's correct, and Nadal has 2 Wimbledon titles, though his focus has often been on clay and the French Open.""}, {""role"": ""user"", ""text"": ""give me a minute, brb""}, {""role"": ""assistant"", ""text"": ""Take your time!""}, {""role"": ""user"", ""text"": ""back, so what were we saying?""}, {""role"": ""assistant"", ""text"": ""We were discussing Nadal and Federer; you asked about comparing them.""}, {""role"": ""user"", ""text"": ""right, and what about nadal's rivals now?""}, {""role"": ""assistant"", ""text"": ""Currently, he's often pitted against young stars like Stefanos Tsitsipas and Casper Ruud, who challenge his dominance.""}, {""role"": ""user"", ""text"": ""are they close to beating him?""}, {""role"": ""assistant"", ""text"": ""While they've had some successes, Nadal's experience and skill still give him an edge, though the gap is narrowing.""}, {""role"": ""user"", ""text"": ""okay now tell me about djokovic""}, {""role"": ""assistant"", ""text"": ""Novak Djokovic is another tennis superstar, known for his defensive expertise and record-breaking Grand Slam titles.""}]","[""who's the king of clay in tennis?"", ""what makes him so dominant on clay?"", ""he's got some amazing comebacks, right?"", ""compare him to federer"", ""federer's got 8 Wimbledon, by the way"", ""give me a minute, brb"", ""back, so what were we saying?"", ""right, and what about nadal's rivals now?"", ""are they close to beating him?"", ""okay now tell me about djokovic""]","[""who's the king of clay in tennis?"", ""what makes Rafael Nadal so dominant on clay?"", ""Rafael Nadal's got some amazing comebacks, right?"", ""compare Rafael Nadal to Roger Federer"", ""Roger Federer's got 8 Wimbledon, by the way"", ""give me a minute, brb"", ""back, so what were we saying?"", ""right, and what about Rafael Nadal's rivals now?"", ""are Rafael Nadal's rivals close to beating him?"", ""okay now tell me about Novak Djokovic""]","[[], [""Rafael Nadal""], [""Rafael Nadal""], [""Rafael Nadal"", ""Roger Federer""], [""Roger Federer""], [], [], [""Rafael Nadal""], [""Rafael Nadal""], [""Novak Djokovic""]]","[false, true, true, true, true, false, false, true, true, true]",2026-04-10T20:44:54.326026
conv_0050_technology_ai,Technology,AI,OpenAI,"[{""role"": ""user"", ""text"": ""what's the latest on OpenAI?""}, {""role"": ""assistant"", ""text"": ""OpenAI recently released GPT-4, their most advanced language model, showing significant improvements in accuracy and context understanding.""}, {""role"": ""user"", ""text"": ""that sounds impressive, what are its applications?""}, {""role"": ""assistant"", ""text"": ""GPT-4 can be used for content generation, language translation, and even AI-assisted coding, making it a versatile tool for developers.""}, {""role"": ""user"", ""text"": ""I've heard it's also being used in education, right?""}, {""role"": ""assistant"", ""text"": ""Yes, GPT-4 is being explored for personalized learning experiences, helping students with homework and providing real-time feedback.""}, {""role"": ""user"", ""text"": ""compare OpenAI's approach to, say, Google's AI research""}, {""role"": ""assistant"", ""text"": ""While both focus on AI development, OpenAI prioritizes accessibility and transparency, releasing many of its tools and research publicly, whereas Google's AI efforts are often more proprietary.""}, {""role"": ""user"", ""text"": ""give me a minute, I need to check something""}, {""role"": ""assistant"", ""text"": ""Take your time.""}, {""role"": ""user"", ""text"": ""back, so what were we saying about OpenAI?""}, {""role"": ""assistant"", ""text"": ""We discussed their GPT-4 model and its applications. If you'd like, I can elaborate on its technical aspects.""}, {""role"": ""user"", ""text"": ""yeah, that'd be great, what makes GPT-4 so special?""}, {""role"": ""assistant"", ""text"": ""GPT-4's architecture allows for more nuanced understanding of context and improved handling of ambiguous queries, making it a significant step forward in AI development.""}, {""role"": ""user"", ""text"": ""okay, now tell me about AI ethics and OpenAI's stance""}, {""role"": ""assistant"", ""text"": ""OpenAI has been vocal about AI safety and ethics, advocating for responsible AI development and publishing research on mitigating AI-related risks.""}, {""role"": ""user"", ""text"": ""that's reassuring, do they collaborate with other organizations?""}, {""role"": ""assistant"", ""text"": ""Yes, OpenAI partners with various groups, including academic institutions and industry leaders, to advance AI research and promote best practices.""}, {""role"": ""user"", ""text"": ""what about their competitors, how do they stack up?""}, {""role"": ""assistant"", ""text"": ""Companies like Meta and Anthropic are also pushing AI boundaries, but OpenAI's commitment to transparency and public benefit sets them apart in the AI community.""}]","[""what's the latest on OpenAI?"", ""that sounds impressive, what are its applications?"", ""I've heard it's also being used in education, right?"", ""compare OpenAI's approach to, say, Google's AI research"", ""give me a minute, I need to check something"", ""back, so what were we saying about OpenAI?"", ""yeah, that'd be great, what makes GPT-4 so special?"", ""okay, now tell me about AI ethics and OpenAI's stance"", ""that's reassuring, do they collaborate with other organizations?"", ""what about their competitors, how do they stack up?""]","[""what's the latest on OpenAI?"", ""that sounds impressive, what are the applications of GPT-4?"", ""I've heard GPT-4 is also being used in education, right?"", ""compare OpenAI's approach to Google's AI research"", ""give me a minute, I need to check something"", ""back, so what were we saying about OpenAI?"", ""yeah, that'd be great, what makes GPT-4 so special?"", ""okay, now tell me about AI ethics and OpenAI's stance"", ""that's reassuring, do OpenAI collaborate with other organizations?"", ""what about OpenAI's competitors, how do they stack up?""]","[[""OpenAI""], [""GPT-4""], [""GPT-4""], [""OpenAI"", ""Google""], [], [""OpenAI""], [""GPT-4""], [""OpenAI""], [""OpenAI""], [""OpenAI""]]","[false, true, true, false, false, false, false, false, true, true]",2026-04-10T20:45:07.809554
conv_0051_technology_ai,Technology,AI,Geoffrey Hinton,"[{""role"": ""user"", ""text"": ""Who is Geoffrey Hinton?""}, {""role"": ""assistant"", ""text"": ""Geoffrey Hinton is a renowned computer scientist and cognitive psychologist, known for his work on artificial neural networks and deep learning.""}, {""role"": ""user"", ""text"": ""He's often called the \""godfather of deep learning\"". What are his contributions?""}, {""role"": ""assistant"", ""text"": ""Hinton's research on backpropagation and neural networks has been instrumental in the development of AI. He also co-founded Google DeepMind.""}, {""role"": ""user"", ""text"": ""That's impressive. What did he do at Google?""}, {""role"": ""assistant"", ""text"": ""Hinton was a key figure at Google DeepMind, where he worked on projects like AlphaGo, which defeated a world champion in Go.""}, {""role"": ""user"", ""text"": ""AlphaGo... That was a big deal. What's his current focus?""}, {""role"": ""assistant"", ""text"": ""Currently, Hinton is exploring the potential risks and limitations of AI, and advocating for more research on AI safety.""}, {""role"": ""user"", ""text"": ""He seems worried about AI. What are his concerns?""}, {""role"": ""assistant"", ""text"": ""Hinton has expressed concerns about the rapid progress of AI and its potential to surpass human intelligence, leading to unforeseen consequences.""}, {""role"": ""user"", ""text"": ""Wait, give me a sec... *pause* Back, so what were we saying?""}, {""role"": ""assistant"", ""text"": ""We were discussing Geoffrey Hinton's concerns about AI safety and its potential risks.""}, {""role"": ""user"", ""text"": ""Right. Compare his views with Elon Musk's on AI safety.""}, {""role"": ""assistant"", ""text"": ""Both Hinton and Musk have expressed concerns about AI safety, but Musk has been more vocal about the need for regulation and caution. Hinton, on the other hand, focuses on researching and developing more advanced AI systems.""}, {""role"": ""user"", ""text"": ""That's interesting. What about Yann LeCun? How does he fit in?""}, {""role"": ""assistant"", ""text"": ""Yann LeCun, another pioneer in deep learning, has also worked with Hinton. While LeCun shares some concerns about AI, he is more optimistic about its potential benefits and has worked on developing more robust AI systems.""}, {""role"": ""user"", ""text"": ""Okay, now tell me about computer vision. How has AI impacted that field?""}, {""role"": ""assistant"", ""text"": ""AI has revolutionized computer vision, enabling applications like self-driving cars, facial recognition, and image classification. Hinton's work on neural networks has been instrumental in these advancements.""}, {""role"": ""user"", ""text"": ""That makes sense. What's the future of AI in computer vision?""}, {""role"": ""assistant"", ""text"": ""The future of AI in computer vision looks promising, with potential applications in areas like robotics, healthcare, and augmented reality. Researchers like Hinton will likely continue to play a key role in shaping this field.""}]","[""Who is Geoffrey Hinton?"", ""He's often called the \""godfather of deep learning\"". What are his contributions?"", ""That's impressive. What did he do at Google?"", ""AlphaGo... That was a big deal. What's his current focus?"", ""He seems worried about AI. What are his concerns?"", ""Wait, give me a sec... *pause* Back, so what were we saying?"", ""Right. Compare his views with Elon Musk's on AI safety."", ""That's interesting. What about Yann LeCun? How does he fit in?"", ""Okay, now tell me about computer vision. How has AI impacted that field?"", ""That makes sense. What's the future of AI in computer vision?""]","[""Who is Geoffrey Hinton?"", ""Geoffrey Hinton is often called the \""godfather of deep learning\"". What are his contributions?"", ""That is impressive. What did Geoffrey Hinton do at Google?"", ""AlphaGo was a big deal. What is Geoffrey Hinton's current focus?"", ""Geoffrey Hinton seems worried about AI. What are his concerns?"", ""Wait, give me a sec... *pause* Back, so what were we saying?"", ""Right. Compare Geoffrey Hinton's views with Elon Musk's on AI safety."", ""That is interesting. What about Yann LeCun? How does he fit in with Geoffrey Hinton?"", ""Okay, now tell me about computer vision. How has AI impacted the field of computer vision?"", ""That makes sense. What is the future of AI in computer vision?""]","[[""Geoffrey Hinton""], [""Geoffrey Hinton""], [""Geoffrey Hinton"", ""Google""], [""Geoffrey Hinton"", ""AlphaGo""], [""Geoffrey Hinton""], [], [""Geoffrey Hinton"", ""Elon Musk""], [""Geoffrey Hinton"", ""Yann LeCun""], [], []]","[false, false, false, false, false, false, false, false, false, false]",2026-04-10T20:45:14.886871
conv_0058_entertainment_hollywood,Entertainment,Hollywood,Christopher Nolan,"[{""role"": ""user"", ""text"": ""Who is Christopher Nolan?""}, {""role"": ""assistant"", ""text"": ""Christopher Nolan is a renowned film director, writer, and producer known for his complex and intellectually stimulating movies.""}, {""role"": ""user"", ""text"": ""What are some of his notable works?""}, {""role"": ""assistant"", ""text"": ""Some of his notable works include \""Inception\"", \""The Dark Knight\"" trilogy, \""Interstellar\"", and \""Dunkirk\"".""}, {""role"": ""user"", ""text"": ""I loved \""Inception\"" - what's the idea behind it?""}, {""role"": ""assistant"", ""text"": ""\""Inception\"" explores the concept of shared dreaming, where a team of thieves enter people's dreams to steal secrets.""}, {""role"": ""user"", ""text"": ""That's fascinating - and his lead actor, Leonardo DiCaprio, is great...""}, {""role"": ""assistant"", ""text"": ""Yes, DiCaprio has collaborated with Nolan on several films, including \""The Revenant\"" and \""The Dark Knight\"" trilogy.""}, {""role"": ""user"", ""text"": ""Speaking of trilogies, what's Nolan's take on the Batman series?""}, {""role"": ""assistant"", ""text"": ""Nolan's \""The Dark Knight\"" trilogy is widely regarded as a gritty and realistic take on the Batman character, with Christian Bale playing the iconic role.""}, {""role"": ""user"", ""text"": ""Okay, now tell me about another director - what about Quentin Tarantino?""}, {""role"": ""assistant"", ""text"": ""Tarantino is known for his stylized violence, non-linear storytelling, and eclectic soundtracks in films like \""Pulp Fiction\"" and \""Reservoir Dogs\"".""}, {""role"": ""user"", ""text"": ""Hold on, brb - *pause* - back, so what were we saying about Nolan?""}, {""role"": ""assistant"", ""text"": ""We were discussing Christopher Nolan's work, specifically his Batman trilogy and its impact on the superhero genre.""}, {""role"": ""user"", ""text"": ""Right, and how does his use of IMAX compare to other directors?""}, {""role"": ""assistant"", ""text"": ""Nolan is known for his extensive use of IMAX cameras, particularly in films like \""Dunkirk\"" and \""Interstellar\"", which offers a unique cinematic experience.""}, {""role"": ""user"", ""text"": ""That's interesting - compare both Nolan and Tarantino's use of practical effects.""}, {""role"": ""assistant"", ""text"": ""Both directors prefer practical effects over CGI; Nolan's use of practical stunts and sets in \""The Dark Knight\"" and Tarantino's use of in-camera effects in \""Death Proof\"" showcase their commitment to realism.""}, {""role"": ""user"", ""text"": ""Can you name some of Nolan's awards and nominations?""}, {""role"": ""assistant"", ""text"": ""Nolan has received numerous Academy Award nominations, BAFTA Awards, and Golden Globe nominations for his films, including a Oscar nomination for Best Director for \""Dunkirk\"".""}]","[""Who is Christopher Nolan?"", ""What are some of his notable works?"", ""I loved \""Inception\"" - what's the idea behind it?"", ""That's fascinating - and his lead actor, Leonardo DiCaprio, is great..."", ""Speaking of trilogies, what's Nolan's take on the Batman series?"", ""Okay, now tell me about another director - what about Quentin Tarantino?"", ""Hold on, brb - *pause* - back, so what were we saying about Nolan?"", ""Right, and how does his use of IMAX compare to other directors?"", ""That's interesting - compare both Nolan and Tarantino's use of practical effects."", ""Can you name some of Nolan's awards and nominations?""]","[""Who is Christopher Nolan?"", ""What are some notable works of Christopher Nolan?"", ""I loved \""Inception\"" - what is the idea behind \""Inception\""?"", ""That is fascinating - and the lead actor of \""Inception\"", Leonardo DiCaprio, is great."", ""Speaking of trilogies, what is Christopher Nolan's take on the Batman series?"", ""Okay, now tell me about another director - what about Quentin Tarantino?"", ""Hold on, brb - *pause* - back, so what were we saying about Nolan?"", ""Right, and how does Christopher Nolan's use of IMAX compare to other directors?"", ""That is interesting - compare both Christopher Nolan and Quentin Tarantino's use of practical effects."", ""Can you name some of Christopher Nolan's awards and nominations?""]","[[""Christopher Nolan""], [""Christopher Nolan""], [""Inception""], [""Leonardo DiCaprio"", ""Inception""], [""Christopher Nolan"", ""Batman""], [""Quentin Tarantino""], [], [""IMAX"", ""Christopher Nolan""], [""Christopher Nolan"", ""Quentin Tarantino""], [""Christopher Nolan""]]","[false, false, false, true, false, false, false, true, true, false]",2026-04-10T20:45:57.487565
conv_0059_entertainment_hollywood,Entertainment,Hollywood,Marvel Studios,"[{""role"": ""user"", ""text"": ""What's the latest on Marvel Studios?""}, {""role"": ""assistant"", ""text"": ""Marvel Studios has been quite busy, recently releasing several successful films like Black Widow and Shang-Chi.""}, {""role"": ""user"", ""text"": ""They're really pushing the Marvel Cinematic Universe, aren't they?""}, {""role"": ""assistant"", ""text"": ""Yes, they've been expanding it across multiple phases, with new characters and storylines.""}, {""role"": ""user"", ""text"": ""What about their upcoming projects?""}, {""role"": ""assistant"", ""text"": ""They have several in the works, including Guardians of the Galaxy Vol. 3 and The Marvels.""}, {""role"": ""user"", ""text"": ""That sounds exciting; I love their cosmic movies.""}, {""role"": ""assistant"", ""text"": ""Me too! The Guardians series has been particularly well-received for its unique blend of action and humor.""}, {""role"": ""user"", ""text"": ""Okay, now tell me about Star Wars – how's that franchise doing?""}, {""role"": ""assistant"", ""text"": ""The Star Wars franchise, while not directly related to Marvel, has also been thriving with new series on Disney+ like The Mandalorian.""}, {""role"": ""user"", ""text"": ""Wait, give me a minute to grab a snack.""}, {""role"": ""assistant"", ""text"": ""Take your time!""}, {""role"": ""user"", ""text"": ""Back, so what were we saying about Marvel?""}, {""role"": ""assistant"", ""text"": ""We were discussing their upcoming projects, including The Marvels, which is a sequel to Captain Marvel.""}, {""role"": ""user"", ""text"": ""That's right! I loved Brie Larson's performance – what's her character's role in the next film?""}, {""role"": ""assistant"", ""text"": ""In The Marvels, Captain Marvel will be teaming up with Kamala Khan, aka Ms. Marvel, and Monica Rambeau.""}, {""role"": ""user"", ""text"": ""That's so cool! Compare both Captain Marvel and Ms. Marvel – what's the difference?""}, {""role"": ""assistant"", ""text"": ""While both have superhuman abilities, Captain Marvel has Kree DNA granting her powers, whereas Ms. Marvel's abilities come from an Inhuman gene.""}, {""role"": ""user"", ""text"": ""Brb, I need to take a call.""}, {""role"": ""assistant"", ""text"": ""Go ahead!""}]","[""What's the latest on Marvel Studios?"", ""They're really pushing the Marvel Cinematic Universe, aren't they?"", ""What about their upcoming projects?"", ""That sounds exciting; I love their cosmic movies."", ""Okay, now tell me about Star Wars – how's that franchise doing?"", ""Wait, give me a minute to grab a snack."", ""Back, so what were we saying about Marvel?"", ""That's right! I loved Brie Larson's performance – what's her character's role in the next film?"", ""That's so cool! Compare both Captain Marvel and Ms. Marvel – what's the difference?"", ""Brb, I need to take a call.""]","[""What's the latest on Marvel Studios?"", ""They're really pushing the Marvel Cinematic Universe, aren't they?"", ""What about their upcoming projects?"", ""That sounds exciting; I love their cosmic movies."", ""Okay, now tell me about Star Wars – how's that franchise doing?"", ""Wait, give me a minute to grab a snack."", ""Back, so what were we saying about Marvel?"", ""That's right! I loved Brie Larson's performance as Captain Marvel – what's Captain Marvel's role in The Marvels?"", ""That's so cool! Compare both Captain Marvel and Ms. Marvel – what's the difference between Captain Marvel and Ms. Marvel?"", ""Brb, I need to take a call.""]","[[""Marvel Studios""], [], [], [], [""Star Wars""], [], [], [""Brie Larson"", ""Captain Marvel""], [""Captain Marvel"", ""Ms. Marvel""], []]","[false, false, false, false, false, false, false, true, true, false]",2026-04-10T20:46:04.881457
conv_0061_health_mental_health,Health,Mental Health,anxiety,"[{""role"": ""user"", ""text"": ""what's anxiety?""}, {""role"": ""assistant"", ""text"": ""Anxiety is a mental health condition characterized by feelings of worry, nervousness, and fear that are persistent and overwhelming.""}, {""role"": ""user"", ""text"": ""it affects people in different ways, right?""}, {""role"": ""assistant"", ""text"": ""Yes, it can manifest differently in individuals, from general anxiety disorder to panic attacks, social anxiety, and phobias.""}, {""role"": ""user"", ""text"": ""what are some common symptoms?""}, {""role"": ""assistant"", ""text"": ""Common symptoms include rapid heartbeat, sweating, trembling, and difficulty concentrating.""}, {""role"": ""user"", ""text"": ""and what about its impact on daily life?""}, {""role"": ""assistant"", ""text"": ""Anxiety can significantly impact daily life, making everyday tasks, relationships, and work challenging.""}, {""role"": ""user"", ""text"": ""give me a minute, I need to take a call""}, {""role"": ""assistant"", ""text"": ""Take your time.""}, {""role"": ""user"", ""text"": ""back, so what were we saying?""}, {""role"": ""assistant"", ""text"": ""We were discussing how anxiety affects daily life.""}, {""role"": ""user"", ""text"": ""right, and what about treatment options?""}, {""role"": ""assistant"", ""text"": ""Treatment options include therapy, such as CBT, and medication, like antidepressants or benzodiazepines.""}, {""role"": ""user"", ""text"": ""are there any self-help techniques?""}, {""role"": ""assistant"", ""text"": ""Yes, techniques like deep breathing, meditation, and exercise can help manage anxiety.""}, {""role"": ""user"", ""text"": ""what about support groups?""}, {""role"": ""assistant"", ""text"": ""Support groups, either online or in-person, can provide a sense of community and connection for those experiencing anxiety.""}, {""role"": ""user"", ""text"": ""okay, now tell me about depression""}, {""role"": ""assistant"", ""text"": ""Depression is a mood disorder characterized by persistent feelings of sadness, hopelessness, and loss of interest in activities.""}]","[""what's anxiety?"", ""it affects people in different ways, right?"", ""what are some common symptoms?"", ""and what about its impact on daily life?"", ""give me a minute, I need to take a call"", ""back, so what were we saying?"", ""right, and what about treatment options?"", ""are there any self-help techniques?"", ""what about support groups?"", ""okay, now tell me about depression""]","[""what is anxiety?"", ""it affects people in different ways, is that right?"", ""what are some common symptoms of anxiety?"", ""and what about the impact of anxiety on daily life?"", ""give me a minute, I need to take a call"", ""back, so what were we saying?"", ""right, and what about treatment options for anxiety?"", ""are there any self-help techniques for anxiety?"", ""what about support groups for anxiety?"", ""okay, now tell me about depression""]","[[], [], [], [], [], [], [], [], [], []]","[false, true, true, true, false, false, true, true, true, false]",2026-04-10T20:46:16.125735
conv_0062_health_fitness,Health,Fitness,yoga,"[{""role"": ""user"", ""text"": ""what's the best way to improve flexibility?""}, {""role"": ""assistant"", ""text"": ""Practicing yoga can significantly improve flexibility by stretching and lengthening the muscles.""}, {""role"": ""user"", ""text"": ""it seems like a low-impact exercise, right?""}, {""role"": ""assistant"", ""text"": ""Yes, yoga is a low-impact activity that can be modified to suit different fitness levels and ages.""}, {""role"": ""user"", ""text"": ""are there different types of yoga?""}, {""role"": ""assistant"", ""text"": ""There are several styles, including Hatha, Vinyasa, Ashtanga, and Restorative yoga, each with its own focus and pace.""}, {""role"": ""user"", ""text"": ""i've heard of vinyasa, what's its focus?""}, {""role"": ""assistant"", ""text"": ""Vinyasa yoga focuses on synchronizing breath with movement, flowing through poses in a continuous motion.""}, {""role"": ""user"", ""text"": ""okay, and what about restorative yoga?""}, {""role"": ""assistant"", ""text"": ""Restorative yoga involves using props to support the body in relaxing poses, promoting relaxation and rejuvenation.""}, {""role"": ""user"", ""text"": ""wait, give me a sec to grab a water bottle""}, {""role"": ""assistant"", ""text"": ""Take your time!""}, {""role"": ""user"", ""text"": ""back, so what were we saying?""}, {""role"": ""assistant"", ""text"": ""We were discussing different types of yoga, specifically Restorative yoga.""}, {""role"": ""user"", ""text"": ""right, and how often should one practice yoga?""}, {""role"": ""assistant"", ""text"": ""It's recommended to practice yoga at least 2-3 times a week, but ideally daily, even if only for a short session.""}, {""role"": ""user"", ""text"": ""that sounds doable, what about other benefits?""}, {""role"": ""assistant"", ""text"": ""Besides flexibility, yoga can improve balance, strength, and overall well-being, while also reducing stress and anxiety.""}, {""role"": ""user"", ""text"": ""that's great, can it help with weight loss?""}, {""role"": ""assistant"", ""text"": ""Yoga can aid in weight loss by increasing metabolism, building muscle, and improving digestion, but a balanced diet is also essential.""}]","[""what's the best way to improve flexibility?"", ""it seems like a low-impact exercise, right?"", ""are there different types of yoga?"", ""i've heard of vinyasa, what's its focus?"", ""okay, and what about restorative yoga?"", ""wait, give me a sec to grab a water bottle"", ""back, so what were we saying?"", ""right, and how often should one practice yoga?"", ""that sounds doable, what about other benefits?"", ""that's great, can it help with weight loss?""]","[""what's the best way to improve flexibility?"", ""it seems like a low-impact exercise, right?"", ""are there different types of yoga?"", ""i've heard of Vinyasa, what's its focus?"", ""okay, and what about Restorative yoga?"", ""wait, give me a sec to grab a water bottle"", ""back, so what were we saying?"", ""right, and how often should one practice yoga?"", ""that sounds doable, what about other benefits?"", ""that's great, can yoga help with weight loss?""]","[[], [], [], [""Vinyasa""], [""Restorative yoga""], [], [], [], [], []]","[false, false, false, true, true, false, false, false, false, true]",2026-04-10T20:46:22.724354
conv_0064_history_world_wars,History,World Wars,World War II,"[{""role"": ""user"", ""text"": ""What was World War II?""}, {""role"": ""assistant"", ""text"": ""World War II was a global conflict from 1939 to 1945, involving most of the world's nations, including all of the great powers.""}, {""role"": ""user"", ""text"": ""who were the main leaders then?""}, {""role"": ""assistant"", ""text"": ""The main leaders during World War II were Adolf Hitler of Germany, Benito Mussolini of Italy, Winston Churchill of the United Kingdom, and Franklin D. Roosevelt of the United States.""}, {""role"": ""user"", ""text"": ""what was Hitler's role?""}, {""role"": ""assistant"", ""text"": ""Adolf Hitler was the dictator of Germany, leader of the Nazi Party, and the primary instigator of the war.""}, {""role"": ""user"", ""text"": ""wait a sec, I need to check something""}, {""role"": ""assistant"", ""text"": ""Sure, take your time.""}, {""role"": ""user"", ""text"": ""back, so what were we saying?""}, {""role"": ""assistant"", ""text"": ""We were discussing Adolf Hitler's role in World War II.""}, {""role"": ""user"", ""text"": ""right, and what about the war in Europe?""}, {""role"": ""assistant"", ""text"": ""The war in Europe began in 1939 when Germany, under Hitler, invaded Poland, leading to declarations of war by France and the United Kingdom.""}, {""role"": ""user"", ""text"": ""they were allies, weren't they?""}, {""role"": ""assistant"", ""text"": ""Yes, France and the UK were allies, along with the Soviet Union, which initially collaborated with Germany before turning against them.""}, {""role"": ""user"", ""text"": ""what about the Pacific?""}, {""role"": ""assistant"", ""text"": ""The Pacific Theater involved Japan, which allied with Germany and Italy, and fought against the United States, China, and other Allied nations.""}, {""role"": ""user"", ""text"": ""how did it end?""}, {""role"": ""assistant"", ""text"": ""World War II ended in 1945 with the defeat of the Axis powers, Germany surrendered in May, and Japan in September, following the atomic bombings of Hiroshima and Nagasaki.""}, {""role"": ""user"", ""text"": ""compare European and Pacific Theaters""}, {""role"": ""assistant"", ""text"": ""The European Theater was marked by extensive land battles, involving massive armies, while the Pacific Theater was characterized by naval battles, island-hopping campaigns, and significant aerial warfare.""}]","[""What was World War II?"", ""who were the main leaders then?"", ""what was Hitler's role?"", ""wait a sec, I need to check something"", ""back, so what were we saying?"", ""right, and what about the war in Europe?"", ""they were allies, weren't they?"", ""what about the Pacific?"", ""how did it end?"", ""compare European and Pacific Theaters""]","[""What was World War II?"", ""who were the main leaders during World War II?"", ""what was Adolf Hitler's role?"", ""wait a sec, I need to check something"", ""back, so what were we saying?"", ""right, and what about the war in Europe during World War II?"", ""they were allies, weren't they?"", ""what about the Pacific Theater during World War II?"", ""how did World War II end?"", ""compare the European and Pacific Theaters during World War II""]","[[""World War II""], [""World War II""], [""Adolf Hitler""], [], [], [""World War II""], [], [""World War II""], [""World War II""], [""World War II""]]","[false, true, true, false, false, true, false, true, true, true]",2026-04-10T20:46:36.012941
conv_0066_geography_cities,Geography,Cities,Paris,"[{""role"": ""user"", ""text"": ""what is the capital of france?""}, {""role"": ""assistant"", ""text"": ""The capital of France is Paris, known for its iconic landmarks like the Eiffel Tower.""}, {""role"": ""user"", ""text"": ""it's famous for what else?""}, {""role"": ""assistant"", ""text"": ""Paris is also renowned for its art museums, fashion industry, and historic architecture.""}, {""role"": ""user"", ""text"": ""what about the louvre?""}, {""role"": ""assistant"", ""text"": ""The Louvre is one of the world's largest and most visited museums, housing the Mona Lisa.""}, {""role"": ""user"", ""text"": ""that's where she is""}, {""role"": ""assistant"", ""text"": ""Yes, the Mona Lisa is indeed one of the Louvre's most prized possessions in Paris.""}, {""role"": ""user"", ""text"": ""brb, gotta grab a snack""}, {""role"": ""assistant"", ""text"": ""Take your time!""}, {""role"": ""user"", ""text"": ""back, so what were we saying?""}, {""role"": ""assistant"", ""text"": ""We were discussing Paris and its attractions, specifically the Louvre museum.""}, {""role"": ""user"", ""text"": ""right, and what's another famous landmark in paris?""}, {""role"": ""assistant"", ""text"": ""The Arc de Triomphe is another iconic landmark, honoring French military history.""}, {""role"": ""user"", ""text"": ""how does it compare to london's landmarks?""}, {""role"": ""assistant"", ""text"": ""While both cities have impressive landmarks, London's Buckingham Palace and Big Ben are distinct from Paris's Eiffel Tower and Arc de Triomphe.""}, {""role"": ""user"", ""text"": ""what about berlin?""}, {""role"": ""assistant"", ""text"": ""Berlin has its own set of historical landmarks like the Berlin Wall and Brandenburg Gate, showcasing its rich history.""}, {""role"": ""user"", ""text"": ""compare both of them, paris and berlin""}, {""role"": ""assistant"", ""text"": ""Paris and Berlin differ significantly in architecture and historical context, with Paris being more ornate and Baroque, while Berlin is more modern and somber.""}]","[""what is the capital of france?"", ""it's famous for what else?"", ""what about the louvre?"", ""that's where she is"", ""brb, gotta grab a snack"", ""back, so what were we saying?"", ""right, and what's another famous landmark in paris?"", ""how does it compare to london's landmarks?"", ""what about berlin?"", ""compare both of them, paris and berlin""]","[""what is the capital of France?"", ""what else is Paris famous for?"", ""what about the Louvre?"", ""that is where the Mona Lisa is"", ""brb, gotta grab a snack"", ""back, so what were we saying?"", ""right, and what is another famous landmark in Paris?"", ""how does the Arc de Triomphe compare to London's landmarks?"", ""what about Berlin?"", ""compare Paris and Berlin""]","[[""France""], [""Paris""], [""Louvre""], [""Mona Lisa"", ""Louvre""], [], [], [""Paris""], [""London"", ""Arc de Triomphe""], [""Berlin""], [""Paris"", ""Berlin""]]","[false, true, false, true, false, false, true, true, false, false]",2026-04-10T20:46:48.049898
conv_0067_general_general,General,General,,"[{""role"": ""user"", ""text"": ""how's your day going so far?""}, {""role"": ""assistant"", ""text"": ""It's going well, thanks. Just got back from a morning walk. How about you?""}, {""role"": ""user"", ""text"": ""same here, I love starting the day with a walk. they always clear my head""}, {""role"": ""assistant"", ""text"": ""Exactly! There's something about fresh air that just sets a positive tone. What did you do yesterday?""}, {""role"": ""user"", ""text"": ""oh, I was busy with work stuff... give me a minute, I need to grab a glass of water""}, {""role"": ""assistant"", ""text"": ""Take your time.""}, {""role"": ""user"", ""text"": ""back, so what were we saying?""}, {""role"": ""assistant"", ""text"": ""We were just chatting about our days. You were about to tell me about your day, I think.""}, {""role"": ""user"", ""text"": ""right! I was saying I was busy with work. then I met a friend for dinner. we talked about traveling""}, {""role"": ""assistant"", ""text"": ""That sounds fun. Where did you consider going?""}, {""role"": ""user"", ""text"": ""hmm, we were thinking about europe... what about you, have you traveled much?""}, {""role"": ""assistant"", ""text"": ""A bit, yeah. I've been to a few countries in asia. europe's on my list, though. They're you thinking of going in europe?""}, {""role"": ""user"", ""text"": ""we were looking at france and italy... they both have so much history""}, {""role"": ""assistant"", ""text"": ""That's great! Both are amazing countries. You should definitely visit paris and rome.""}, {""role"": ""user"", ""text"": ""definitely. okay now tell me about your favorite hobby""}, {""role"": ""assistant"", ""text"": ""I'm a big fan of reading. I find it really relaxing. What about you, do you have a favorite book?""}, {""role"": ""user"", ""text"": ""actually, I'm in the middle of one right now... wait a sec, my phone's ringing""}, {""role"": ""assistant"", ""text"": ""Go ahead and take it.""}, {""role"": ""user"", ""text"": ""sorry about that. where was I? ah yes, the book. it's really good so far""}, {""role"": ""assistant"", ""text"": ""What's it about? I'm curious now.""}]","[""how's your day going so far?"", ""same here, I love starting the day with a walk. they always clear my head"", ""oh, I was busy with work stuff... give me a minute, I need to grab a glass of water"", ""back, so what were we saying?"", ""right! I was saying I was busy with work. then I met a friend for dinner. we talked about traveling"", ""hmm, we were thinking about europe... what about you, have you traveled much?"", ""we were looking at france and italy... they both have so much history"", ""definitely. okay now tell me about your favorite hobby"", ""actually, I'm in the middle of one right now... wait a sec, my phone's ringing"", ""sorry about that. where was I? ah yes, the book. it's really good so far""]","[""how's your day going so far?"", ""same here, I love starting the day with a walk. walks always clear my head"", ""oh, I was busy with work stuff... give me a minute, I need to grab a glass of water"", ""back, so what were we saying?"", ""right! I was saying I was busy with work. then I met a friend for dinner. we talked about traveling"", ""hmm, we were thinking about Europe... what about you, have you traveled much?"", ""we were looking at France and Italy... they both have so much history"", ""definitely. okay now tell me about your favorite hobby"", ""actually, I'm in the middle of one right now... wait a sec, my phone's ringing"", ""sorry about that. where was I? ah yes, the book. it's really good so far""]","[[], [], [], [], [], [""Europe""], [""France"", ""Italy""], [], [], []]","[false, true, false, false, false, true, true, false, false, false]",2026-04-10T20:46:54.122247
conv_0069_politics_india,Politics,India,Rahul Gandhi,"[{""role"": ""user"", ""text"": ""Who is Rahul Gandhi?""}, {""role"": ""assistant"", ""text"": ""Rahul Gandhi is an Indian politician and a member of the Nehru-Gandhi family.""}, {""role"": ""user"", ""text"": ""What party does he belong to?""}, {""role"": ""assistant"", ""text"": ""He is a member of the Indian National Congress and has been its president from 2017 to 2019.""}, {""role"": ""user"", ""text"": ""What's his role currently?""}, {""role"": ""assistant"", ""text"": ""Currently, he is a Member of Parliament, representing Amethi and Wayanad constituencies.""}, {""role"": ""user"", ""text"": ""Give me a minute, I need to check something.""}, {""role"": ""assistant"", ""text"": ""Sure, take your time.""}, {""role"": ""user"", ""text"": ""Back, so what were we saying about Rahul Gandhi?""}, {""role"": ""assistant"", ""text"": ""We were discussing his current role as a Member of Parliament.""}, {""role"": ""user"", ""text"": ""Right, and what about his family background?""}, {""role"": ""assistant"", ""text"": ""He is the son of Rajiv Gandhi and Sonia Gandhi, and great-grandson of Jawaharlal Nehru.""}, {""role"": ""user"", ""text"": ""That's interesting, and how does he compare to his mother Sonia Gandhi?""}, {""role"": ""assistant"", ""text"": ""Sonia Gandhi is a former president of the Indian National Congress and has been a significant influence on Indian politics, while Rahul has followed in her footsteps in politics.""}, {""role"": ""user"", ""text"": ""What are his views on economic policies?""}, {""role"": ""assistant"", ""text"": ""Rahul Gandhi has been critical of the government's economic policies, particularly on demonetization and GST implementation.""}, {""role"": ""user"", ""text"": ""That's tough, what about education policies?""}, {""role"": ""assistant"", ""text"": ""He has also been vocal about the need for educational reforms and has proposed policies to improve the education system in India.""}, {""role"": ""user"", ""text"": ""Can you compare both of them, I mean Rahul and his mother, on their political styles?""}, {""role"": ""assistant"", ""text"": ""While Sonia Gandhi is known for her behind-the-scenes influence, Rahul Gandhi has taken a more public stance on various issues, often criticizing the government's policies.""}]","[""Who is Rahul Gandhi?"", ""What party does he belong to?"", ""What's his role currently?"", ""Give me a minute, I need to check something."", ""Back, so what were we saying about Rahul Gandhi?"", ""Right, and what about his family background?"", ""That's interesting, and how does he compare to his mother Sonia Gandhi?"", ""What are his views on economic policies?"", ""That's tough, what about education policies?"", ""Can you compare both of them, I mean Rahul and his mother, on their political styles?""]","[""Who is Rahul Gandhi?"", ""What party does Rahul Gandhi belong to?"", ""What is Rahul Gandhi's role currently?"", ""Give me a minute, I need to check something."", ""Back, so what were we saying about Rahul Gandhi?"", ""Right, and what about Rahul Gandhi's family background?"", ""That's interesting, and how does Rahul Gandhi compare to his mother Sonia Gandhi?"", ""What are Rahul Gandhi's views on economic policies?"", ""That's tough, what about Rahul Gandhi's education policies?"", ""Can you compare Rahul Gandhi and his mother Sonia Gandhi on their political styles?""]","[[""Rahul Gandhi""], [""Rahul Gandhi""], [""Rahul Gandhi""], [], [""Rahul Gandhi""], [""Rahul Gandhi""], [""Rahul Gandhi"", ""Sonia Gandhi""], [""Rahul Gandhi""], [""Rahul Gandhi""], [""Rahul Gandhi"", ""Sonia Gandhi""]]","[false, true, true, false, false, true, true, true, true, true]",2026-04-10T20:47:05.821411
conv_0071_politics_uk,Politics,UK,Rishi Sunak,"[{""role"": ""user"", ""text"": ""Who is the current Prime Minister of the UK?""}, {""role"": ""assistant"", ""text"": ""The current Prime Minister of the UK is Rishi Sunak.""}, {""role"": ""user"", ""text"": ""What are his main priorities as PM?""}, {""role"": ""assistant"", ""text"": ""Rishi Sunak's priorities include boosting economic growth, improving public services, and addressing the cost of living crisis.""}, {""role"": ""user"", ""text"": ""That's a lot on his plate... what about his background?""}, {""role"": ""assistant"", ""text"": ""Before becoming PM, Rishi Sunak had a successful career in finance, co-founding a hedge fund and serving as Chancellor of the Exchequer under Boris Johnson.""}, {""role"": ""user"", ""text"": ""He was Chancellor, right? What did he do in that role?""}, {""role"": ""assistant"", ""text"": ""As Chancellor, Rishi Sunak implemented several key policies, including the furlough scheme during the COVID-19 pandemic and introducing new tax policies.""}, {""role"": ""user"", ""text"": ""Give me a minute, I need to check something... (pauses) Back, so what were we saying?""}, {""role"": ""assistant"", ""text"": ""We were discussing Rishi Sunak's tenure as Chancellor of the Exchequer.""}, {""role"": ""user"", ""text"": ""Ah yes, and now he's PM... how does he compare to his predecessors, say Boris Johnson?""}, {""role"": ""assistant"", ""text"": ""Rishi Sunak's approach is considered more fiscally conservative compared to Boris Johnson's, who focused on Brexit and a more expansive economic policy.""}, {""role"": ""user"", ""text"": ""That's interesting... what about his stance on Brexit?""}, {""role"": ""assistant"", ""text"": ""Rishi Sunak has stated his support for completing the Brexit process and moving forward with a closer relationship with the EU, while maintaining the UK's sovereignty.""}, {""role"": ""user"", ""text"": ""That's a delicate balance... what's the public's view on him so far?""}, {""role"": ""assistant"", ""text"": ""Public opinion on Rishi Sunak is mixed; some view him as a competent economic manager, while others criticize his handling of certain issues.""}, {""role"": ""user"", ""text"": ""Okay, now tell me about Keir Starmer, the opposition leader.""}, {""role"": ""assistant"", ""text"": ""Keir Starmer, leader of the Labour Party, has focused on challenging Rishi Sunak's policies, particularly on issues like the cost of living, healthcare, and education.""}, {""role"": ""user"", ""text"": ""Compare both of them, Sunak and Starmer... their leadership styles?""}, {""role"": ""assistant"", ""text"": ""Rishi Sunak is often seen as more measured and cautious in his approach, while Keir Starmer has taken a more assertive stance in criticizing the government.""}]","[""Who is the current Prime Minister of the UK?"", ""What are his main priorities as PM?"", ""That's a lot on his plate... what about his background?"", ""He was Chancellor, right? What did he do in that role?"", ""Give me a minute, I need to check something... (pauses) Back, so what were we saying?"", ""Ah yes, and now he's PM... how does he compare to his predecessors, say Boris Johnson?"", ""That's interesting... what about his stance on Brexit?"", ""That's a delicate balance... what's the public's view on him so far?"", ""Okay, now tell me about Keir Starmer, the opposition leader."", ""Compare both of them, Sunak and Starmer... their leadership styles?""]","[""Who is the current Prime Minister of the UK?"", ""What are Rishi Sunak's main priorities as Prime Minister of the UK?"", ""That's a lot on his plate... what about Rishi Sunak's background?"", ""Rishi Sunak was Chancellor, right? What did he do in that role?"", ""Give me a minute, I need to check something... (pauses) Back, so what were we saying?"", ""Ah yes, and now Rishi Sunak is PM... how does he compare to his predecessors, say Boris Johnson?"", ""That's interesting... what about Rishi Sunak's stance on Brexit?"", ""That's a delicate balance... what's the public's view on Rishi Sunak so far?"", ""Okay, now tell me about Keir Starmer, the opposition leader."", ""Compare Rishi Sunak and Keir Starmer... their leadership styles?""]","[[""UK""], [""Rishi Sunak"", ""UK""], [""Rishi Sunak""], [""Rishi Sunak""], [], [""Rishi Sunak"", ""Boris Johnson""], [""Rishi Sunak""], [""Rishi Sunak""], [""Keir Starmer""], [""Rishi Sunak"", ""Keir Starmer""]]","[false, true, true, true, false, true, true, true, false, true]",2026-04-10T20:47:19.537537
conv_0074_politics_usa,Politics,USA,Donald Trump,"[{""role"": ""user"", ""text"": ""Who is Donald Trump?""}, {""role"": ""assistant"", ""text"": ""Donald Trump is the 45th President of the United States, serving from 2017 to 2021.""}, {""role"": ""user"", ""text"": ""What were his main goals during presidency?""}, {""role"": ""assistant"", ""text"": ""His main goals included reforming healthcare, reducing taxes, and tightening border security.""}, {""role"": ""user"", ""text"": ""He was quite famous for his wall...""}, {""role"": ""assistant"", ""text"": ""Yes, one of his key campaign promises was building a wall along the US-Mexico border to curb immigration.""}, {""role"": ""user"", ""text"": ""How did people react to that?""}, {""role"": ""assistant"", ""text"": ""Many Americans supported it as a way to control immigration, while others criticized it as ineffective and expensive.""}, {""role"": ""user"", ""text"": ""what about his economic policies?""}, {""role"": ""assistant"", ""text"": ""He implemented several tax cuts through the Tax Cuts and Jobs Act, aiming to boost economic growth.""}, {""role"": ""user"", ""text"": ""brb, gotta take a call""}, {""role"": ""assistant"", ""text"": ""No worries, take your time.""}, {""role"": ""user"", ""text"": ""back, so what were we saying?""}, {""role"": ""assistant"", ""text"": ""We were discussing Donald Trump's economic policies, specifically the Tax Cuts and Jobs Act.""}, {""role"": ""user"", ""text"": ""right, and how did that affect the country?""}, {""role"": ""assistant"", ""text"": ""The act led to short-term economic growth, but also increased the national debt and had mixed effects on different income groups.""}, {""role"": ""user"", ""text"": ""interesting... what about his VP, Mike Pence?""}, {""role"": ""assistant"", ""text"": ""Mike Pence served as Trump's Vice President from 2017 to 2021, and was known for his conservative stance on social issues.""}, {""role"": ""user"", ""text"": ""Compare Trump and Obama's approaches to healthcare.""}, {""role"": ""assistant"", ""text"": ""Donald Trump aimed to repeal the Affordable Care Act (ACA), introduced by Barack Obama, but was unsuccessful. Trump did manage to roll back some ACA provisions, however.""}]","[""Who is Donald Trump?"", ""What were his main goals during presidency?"", ""He was quite famous for his wall..."", ""How did people react to that?"", ""what about his economic policies?"", ""brb, gotta take a call"", ""back, so what were we saying?"", ""right, and how did that affect the country?"", ""interesting... what about his VP, Mike Pence?"", ""Compare Trump and Obama's approaches to healthcare.""]","[""Who is Donald Trump?"", ""What were Donald Trump's main goals during his presidency?"", ""He was quite famous for his wall"", ""How did people react to Donald Trump's wall?"", ""what about Donald Trump's economic policies?"", ""brb, gotta take a call"", ""back, so what were we saying?"", ""right, and how did Donald Trump's economic policies affect the country?"", ""interesting... what about Mike Pence, Donald Trump's Vice President?"", ""Compare Donald Trump's and Barack Obama's approaches to healthcare.""]","[[""Donald Trump""], [""Donald Trump""], [], [""Donald Trump""], [""Donald Trump""], [], [], [""Donald Trump""], [""Mike Pence"", ""Donald Trump""], [""Donald Trump"", ""Barack Obama""]]","[false, true, false, true, true, false, false, true, true, true]",2026-04-10T20:47:40.009229
conv_0075_politics_usa,Politics,USA,Barack Obama,"[{""role"": ""user"", ""text"": ""Who is Barack Obama?""}, {""role"": ""assistant"", ""text"": ""Barack Obama is the 44th President of the United States, serving two terms from 2009 to 2017.""}, {""role"": ""user"", ""text"": ""What were his major achievements?""}, {""role"": ""assistant"", ""text"": ""He implemented the Affordable Care Act, also known as Obamacare, and ended the war in Iraq.""}, {""role"": ""user"", ""text"": ""That's impressive... and his successor?""}, {""role"": ""assistant"", ""text"": ""His successor was Donald Trump, who took office in 2017.""}, {""role"": ""user"", ""text"": ""Give me a minute, I need to check something.""}, {""role"": ""assistant"", ""text"": ""Sure, take your time.""}, {""role"": ""user"", ""text"": ""Back, so what were we saying about Obama?""}, {""role"": ""assistant"", ""text"": ""We were discussing his presidency and achievements.""}, {""role"": ""user"", ""text"": ""Right, and what about his role in climate change?""}, {""role"": ""assistant"", ""text"": ""He played a significant role in international climate agreements, particularly the Paris Agreement.""}, {""role"": ""user"", ""text"": ""Compare him with Trump on this issue.""}, {""role"": ""assistant"", ""text"": ""While Obama focused on reducing emissions and investing in renewable energy, Trump withdrew the US from the Paris Agreement.""}, {""role"": ""user"", ""text"": ""Okay, now tell me about Joe Biden's stance on climate.""}, {""role"": ""assistant"", ""text"": ""Joe Biden has emphasized climate action, setting goals to rejoin the Paris Agreement and achieve net-zero emissions by 2050.""}, {""role"": ""user"", ""text"": ""That's interesting... what did Obama do for education?""}, {""role"": ""assistant"", ""text"": ""He increased funding for schools, implemented the Every Student Succeeds Act, and expanded access to higher education.""}, {""role"": ""user"", ""text"": ""Wait a sec, I need to ask about healthcare... how did he improve it?""}, {""role"": ""assistant"", ""text"": ""He expanded healthcare coverage through Obamacare, allowing more Americans to access medical insurance.""}]","[""Who is Barack Obama?"", ""What were his major achievements?"", ""That's impressive... and his successor?"", ""Give me a minute, I need to check something."", ""Back, so what were we saying about Obama?"", ""Right, and what about his role in climate change?"", ""Compare him with Trump on this issue."", ""Okay, now tell me about Joe Biden's stance on climate."", ""That's interesting... what did Obama do for education?"", ""Wait a sec, I need to ask about healthcare... how did he improve it?""]","[""Who is Barack Obama?"", ""What were the major achievements of Barack Obama?"", ""That's impressive... and who was his successor?"", ""Give me a minute, I need to check something."", ""Back, so what were we saying about Barack Obama?"", ""Right, and what about the role of Barack Obama in climate change?"", ""Compare Barack Obama with Donald Trump on the issue of climate change."", ""Okay, now tell me about Joe Biden's stance on climate change."", ""That's interesting... what did Barack Obama do for education?"", ""Wait a second, I need to ask about healthcare... how did Barack Obama improve it?""]","[[""Barack Obama""], [""Barack Obama""], [""Barack Obama""], [], [""Barack Obama""], [""Barack Obama""], [""Barack Obama"", ""Donald Trump""], [""Joe Biden""], [""Barack Obama""], [""Barack Obama""]]","[false, true, true, false, true, true, true, true, true, true]",2026-04-10T20:47:45.833371
conv_0077_sports_cricket,Sports,Cricket,MS Dhoni,"[{""role"": ""user"", ""text"": ""Who is MS Dhoni?""}, {""role"": ""assistant"", ""text"": ""Mahendra Singh Dhoni, commonly known as MS Dhoni, is a former Indian cricketer and captain of the Indian national team.""}, {""role"": ""user"", ""text"": ""What made him famous?""}, {""role"": ""assistant"", ""text"": ""He led India to several victories, including the 2011 Cricket World Cup win, and was known for his exceptional wicket-keeping and batting skills.""}, {""role"": ""user"", ""text"": ""His batting style?""}, {""role"": ""assistant"", ""text"": ""Dhoni was renowned for his calm and composed batting approach, often finishing matches with his team.""}, {""role"": ""user"", ""text"": ""And fielding?""}, {""role"": ""assistant"", ""text"": ""He was an outstanding wicket-keeper and one of the best fielders in the world during his playing days.""}, {""role"": ""user"", ""text"": ""wait a sec, got a call""}, {""role"": ""assistant"", ""text"": ""Sure, take your time.""}, {""role"": ""user"", ""text"": ""back, so what were we saying?""}, {""role"": ""assistant"", ""text"": ""We were discussing MS Dhoni's fielding skills.""}, {""role"": ""user"", ""text"": ""right, compare him with another great wicket-keeper, like Adam Gilchrist.""}, {""role"": ""assistant"", ""text"": ""Both Dhoni and Gilchrist were exceptional wicket-keepers, but Gilchrist was more aggressive with his batting, while Dhoni was known for his finishing abilities.""}, {""role"": ""user"", ""text"": ""That makes sense. What about his IPL team?""}, {""role"": ""assistant"", ""text"": ""MS Dhoni played for the Chennai Super Kings in the Indian Premier League and led them to several championships.""}, {""role"": ""user"", ""text"": ""Did he retire from IPL?""}, {""role"": ""assistant"", ""text"": ""Yes, MS Dhoni announced his retirement from international cricket in 2020, but he still plays in the IPL for CSK.""}, {""role"": ""user"", ""text"": ""Okay, now tell me about another cricket legend, Sachin Tendulkar.""}, {""role"": ""assistant"", ""text"": ""Sachin Tendulkar is widely regarded as one of the greatest batsmen in cricket history, holding numerous records, including most international runs.""}]","[""Who is MS Dhoni?"", ""What made him famous?"", ""His batting style?"", ""And fielding?"", ""wait a sec, got a call"", ""back, so what were we saying?"", ""right, compare him with another great wicket-keeper, like Adam Gilchrist."", ""That makes sense. What about his IPL team?"", ""Did he retire from IPL?"", ""Okay, now tell me about another cricket legend, Sachin Tendulkar.""]","[""Who is Mahendra Singh Dhoni?"", ""What made Mahendra Singh Dhoni famous?"", ""What is Mahendra Singh Dhoni's batting style?"", ""What about Mahendra Singh Dhoni's fielding?"", ""wait a sec, got a call"", ""back, so what were we saying?"", ""compare Mahendra Singh Dhoni with another great wicket-keeper, like Adam Gilchrist."", ""That makes sense. What about Mahendra Singh Dhoni's IPL team?"", ""Did Mahendra Singh Dhoni retire from IPL?"", ""Okay, now tell me about Sachin Tendulkar.""]","[[""MS Dhoni""], [""Mahendra Singh Dhoni""], [""Mahendra Singh Dhoni""], [""Mahendra Singh Dhoni""], [], [], [""Mahendra Singh Dhoni"", ""Adam Gilchrist""], [""Mahendra Singh Dhoni""], [""Mahendra Singh Dhoni""], [""Sachin Tendulkar""]]","[false, true, true, true, false, false, true, true, true, false]",2026-04-10T20:47:58.159555
conv_0078_sports_cricket,Sports,Cricket,Rohit Sharma,"[{""role"": ""user"", ""text"": ""Who is the current captain of the Indian cricket team in ODIs?""}, {""role"": ""assistant"", ""text"": ""The current captain of the Indian cricket team in ODIs is Rohit Sharma.""}, {""role"": ""user"", ""text"": ""He's been doing great, what are his strengths as a batsman?""}, {""role"": ""assistant"", ""text"": ""Rohit Sharma is known for his exceptional batting skills, particularly his ability to hit sixes and score centuries.""}, {""role"": ""user"", ""text"": ""That reminds me, what's his record in international cricket?""}, {""role"": ""assistant"", ""text"": ""Rohit Sharma has scored over 15,000 runs in international cricket, with 43 centuries and 101 half-centuries.""}, {""role"": ""user"", ""text"": ""Give me a minute, I need to check something.""}, {""role"": ""assistant"", ""text"": ""Sure, take your time.""}, {""role"": ""user"", ""text"": ""Back, so what were we saying about Rohit Sharma?""}, {""role"": ""assistant"", ""text"": ""We were discussing his impressive record in international cricket.""}, {""role"": ""user"", ""text"": ""Right, and how does he compare to Virat Kohli?""}, {""role"": ""assistant"", ""text"": ""Both Rohit Sharma and Virat Kohli are top-notch batsmen, but they have different playing styles; Rohit is known for his aggressive batting, while Virat is renowned for his consistency.""}, {""role"": ""user"", ""text"": ""Okay, now tell me about the T20 World Cup.""}, {""role"": ""assistant"", ""text"": ""The T20 World Cup is a major international cricket tournament, with the last edition held in 2022; India, led by Rohit Sharma, reached the semifinals.""}, {""role"": ""user"", ""text"": ""What about his IPL team, the Mumbai Indians?""}, {""role"": ""assistant"", ""text"": ""Rohit Sharma has been the captain of the Mumbai Indians since 2013 and has led them to several IPL titles.""}, {""role"": ""user"", ""text"": ""That's impressive; has he won any awards for his performances?""}, {""role"": ""assistant"", ""text"": ""Rohit Sharma has received several awards, including the Arjuna Award and the Padma Shri, for his outstanding contributions to Indian cricket.""}, {""role"": ""user"", ""text"": ""Compare both of them, I mean Rohit and Virat.""}, {""role"": ""assistant"", ""text"": ""While both Rohit Sharma and Virat Kohli are exceptional batsmen, Rohit has a more aggressive batting style, with a higher strike rate, whereas Virat is known for his incredible consistency and ability to score runs in all conditions.""}]","[""Who is the current captain of the Indian cricket team in ODIs?"", ""He's been doing great, what are his strengths as a batsman?"", ""That reminds me, what's his record in international cricket?"", ""Give me a minute, I need to check something."", ""Back, so what were we saying about Rohit Sharma?"", ""Right, and how does he compare to Virat Kohli?"", ""Okay, now tell me about the T20 World Cup."", ""What about his IPL team, the Mumbai Indians?"", ""That's impressive; has he won any awards for his performances?"", ""Compare both of them, I mean Rohit and Virat.""]","[""Who is the current captain of the Indian cricket team in One Day Internationals?"", ""Rohit Sharma has been doing great, what are his strengths as a batsman?"", ""That reminds me, what is Rohit Sharma's record in international cricket?"", ""Give me a minute, I need to check something."", ""Back, so what were we saying about Rohit Sharma?"", ""Right, and how does Rohit Sharma compare to Virat Kohli?"", ""Okay, now tell me about the T20 World Cup."", ""What about Rohit Sharma's IPL team, the Mumbai Indians?"", ""That's impressive; has Rohit Sharma won any awards for his performances?"", ""Compare Rohit Sharma and Virat Kohli.""]","[[""Indian cricket team""], [""Rohit Sharma""], [""Rohit Sharma""], [], [""Rohit Sharma""], [""Rohit Sharma"", ""Virat Kohli""], [], [""Rohit Sharma"", ""Mumbai Indians""], [""Rohit Sharma""], [""Rohit Sharma"", ""Virat Kohli""]]","[false, true, true, false, false, true, false, true, true, true]",2026-04-10T20:48:04.777279
conv_0079_sports_football,Sports,Football,Lionel Messi,"[{""role"": ""user"", ""text"": ""who's the greatest footballer of all time?""}, {""role"": ""assistant"", ""text"": ""Many consider Lionel Messi to be the greatest footballer of all time, given his impressive skills and numerous accolades.""}, {""role"": ""user"", ""text"": ""what makes him so special?""}, {""role"": ""assistant"", ""text"": ""He has exceptional dribbling skills, vision, and goal-scoring ability, which have earned him numerous titles and individual awards.""}, {""role"": ""user"", ""text"": ""he's won how many Ballon d'Ors?""}, {""role"": ""assistant"", ""text"": ""Lionel Messi has won seven Ballon d'Or awards, a record for the most wins by an individual.""}, {""role"": ""user"", ""text"": ""that's insane... and Cristiano Ronaldo?""}, {""role"": ""assistant"", ""text"": ""Cristiano Ronaldo is also considered one of the greatest, with five Ballon d'Or awards, and a strong rivalry with Messi over the years.""}, {""role"": ""user"", ""text"": ""compare both of them""}, {""role"": ""assistant"", ""text"": ""While both are exceptional, Messi is known for his creative playmaking and dribbling, whereas Ronaldo is renowned for his speed, power, and precision shooting.""}, {""role"": ""user"", ""text"": ""wait a sec, need to take a call""}, {""role"": ""assistant"", ""text"": ""Sure, take your time.""}, {""role"": ""user"", ""text"": ""back, so what were we saying?""}, {""role"": ""assistant"", ""text"": ""We were comparing Messi and Ronaldo; I was saying that Ronaldo's skills are more focused on speed and goal-scoring.""}, {""role"": ""user"", ""text"": ""right, and Messi's records?""}, {""role"": ""assistant"", ""text"": ""Messi holds numerous records, including most goals in a calendar year, and most hat-tricks in the Champions League.""}, {""role"": ""user"", ""text"": ""okay now tell me about Kylian Mbappé""}, {""role"": ""assistant"", ""text"": ""Kylian Mbappé is a talented young French forward, known for his exceptional speed and goal-scoring ability, often compared to Messi and Ronaldo as a potential successor.""}, {""role"": ""user"", ""text"": ""how does he compare to them?""}, {""role"": ""assistant"", ""text"": ""While Mbappé has shown incredible potential, he still trails Messi and Ronaldo in terms of overall achievements and experience.""}]","[""who's the greatest footballer of all time?"", ""what makes him so special?"", ""he's won how many Ballon d'Ors?"", ""that's insane... and Cristiano Ronaldo?"", ""compare both of them"", ""wait a sec, need to take a call"", ""back, so what were we saying?"", ""right, and Messi's records?"", ""okay now tell me about Kylian Mbappé"", ""how does he compare to them?""]","[""who is the greatest footballer of all time?"", ""what makes Lionel Messi so special?"", ""Lionel Messi has won how many Ballon d'Ors?"", ""that is insane and what about Cristiano Ronaldo?"", ""compare Lionel Messi and Cristiano Ronaldo"", ""wait a sec, need to take a call"", ""back, so what were we saying?"", ""right, and what are Lionel Messi's records?"", ""okay now tell me about Kylian Mbappé"", ""how does Kylian Mbappé compare to Lionel Messi and Cristiano Ronaldo?""]","[[], [""Lionel Messi""], [""Lionel Messi"", ""Ballon d'Or""], [""Cristiano Ronaldo""], [""Lionel Messi"", ""Cristiano Ronaldo""], [], [], [""Lionel Messi""], [""Kylian Mbappé""], [""Kylian Mbappé"", ""Lionel Messi"", ""Cristiano Ronaldo""]]","[false, true, true, true, true, false, false, true, false, true]",2026-04-10T20:48:10.977690
conv_0080_sports_football,Sports,Football,Cristiano Ronaldo,"[{""role"": ""user"", ""text"": ""who's the best soccer player of all time?""}, {""role"": ""assistant"", ""text"": ""Many consider Cristiano Ronaldo to be one of the greatest, with numerous accolades and records.""}, {""role"": ""user"", ""text"": ""what makes him so great?""}, {""role"": ""assistant"", ""text"": ""He's known for his exceptional skill, speed, and goal-scoring ability, having won five Ballon d'Or awards.""}, {""role"": ""user"", ""text"": ""that's impressive... and his career?""}, {""role"": ""assistant"", ""text"": ""Ronaldo has played for top clubs like Manchester United, Real Madrid, and Juventus, winning numerous titles.""}, {""role"": ""user"", ""text"": ""compare him to Messi""}, {""role"": ""assistant"", ""text"": ""Both are phenomenal players; Messi excels in dribbling and vision, while Ronaldo dominates with power and precision.""}, {""role"": ""user"", ""text"": ""give me a minute, brb""}, {""role"": ""assistant"", ""text"": ""Take your time!""}, {""role"": ""user"", ""text"": ""back, so what were we saying?""}, {""role"": ""assistant"", ""text"": ""We were comparing Ronaldo and Messi; both are exceptional in their own ways.""}, {""role"": ""user"", ""text"": ""right, and what about his recent team?""}, {""role"": ""assistant"", ""text"": ""Ronaldo currently plays for Al Nassr in Saudi Arabia, having joined in 2023.""}, {""role"": ""user"", ""text"": ""how's he performing there?""}, {""role"": ""assistant"", ""text"": ""He's been outstanding, scoring crucial goals and leading the team to victories.""}, {""role"": ""user"", ""text"": ""that's great, now tell me about football in general""}, {""role"": ""assistant"", ""text"": ""Football is one of the most popular sports globally, with massive followings in Europe, South America, and Africa.""}, {""role"": ""user"", ""text"": ""what about the next World Cup?""}, {""role"": ""assistant"", ""text"": ""The 2026 FIFA World Cup is scheduled to take place in the United States, Canada, and Mexico.""}]","[""who's the best soccer player of all time?"", ""what makes him so great?"", ""that's impressive... and his career?"", ""compare him to Messi"", ""give me a minute, brb"", ""back, so what were we saying?"", ""right, and what about his recent team?"", ""how's he performing there?"", ""that's great, now tell me about football in general"", ""what about the next World Cup?""]","[""who is the best soccer player of all time?"", ""what makes Cristiano Ronaldo so great?"", ""that is impressive... and his career?"", ""compare Cristiano Ronaldo to Lionel Messi"", ""give me a minute, brb"", ""back, so what were we saying?"", ""right, and what about Cristiano Ronaldo's recent team?"", ""how is Cristiano Ronaldo performing there?"", ""that is great, now tell me about football in general"", ""what about the next FIFA World Cup?""]","[[], [""Cristiano Ronaldo""], [], [""Cristiano Ronaldo"", ""Lionel Messi""], [], [], [""Cristiano Ronaldo""], [""Cristiano Ronaldo""], [], []]","[false, true, false, true, false, false, true, true, false, false]",2026-04-10T20:48:17.029710
conv_0082_sports_tennis,Sports,Tennis,Rafael Nadal,"[{""role"": ""user"", ""text"": ""who's the king of clay in tennis?""}, {""role"": ""assistant"", ""text"": ""That's Rafael Nadal, with a record 14 French Open titles.""}, {""role"": ""user"", ""text"": ""what makes him so dominant on clay?""}, {""role"": ""assistant"", ""text"": ""His exceptional athleticism, aggressive playing style, and mastery of the forehand.""}, {""role"": ""user"", ""text"": ""he's got a tough serve, right?""}, {""role"": ""assistant"", ""text"": ""Yes, his serve is powerful, but also inconsistent at times.""}, {""role"": ""user"", ""text"": ""compare him to Djokovic, who's better?""}, {""role"": ""assistant"", ""text"": ""Both are exceptional players; Nadal leads in clay titles, while Djokovic has more overall Grand Slam titles.""}, {""role"": ""user"", ""text"": ""Djokovic has more grand slams, yeah...""}, {""role"": ""assistant"", ""text"": ""With 22, just ahead of Nadal's 22 as well, I think I need to check that.""}, {""role"": ""user"", ""text"": ""wait a sec, got a call""}, {""role"": ""assistant"", ""text"": ""Take your time!""}, {""role"": ""user"", ""text"": ""back, so what were we saying?""}, {""role"": ""assistant"", ""text"": ""We were comparing Nadal and Djokovic's Grand Slam records.""}, {""role"": ""user"", ""text"": ""right, and what about their head to head?""}, {""role"": ""assistant"", ""text"": ""Nadal leads 29-28, with their rivalry one of the greatest in tennis history.""}, {""role"": ""user"", ""text"": ""that's so close... what about Federer?""}, {""role"": ""assistant"", ""text"": ""Federer has 20 Grand Slams, often considered part of the 'Big Three' with Nadal and Djokovic.""}, {""role"": ""user"", ""text"": ""okay now tell me about tennis in australia""}, {""role"": ""assistant"", ""text"": ""The Australian Open, one of the four Grand Slams, is held annually in Melbourne, known for its hot conditions.""}]","[""who's the king of clay in tennis?"", ""what makes him so dominant on clay?"", ""he's got a tough serve, right?"", ""compare him to Djokovic, who's better?"", ""Djokovic has more grand slams, yeah..."", ""wait a sec, got a call"", ""back, so what were we saying?"", ""right, and what about their head to head?"", ""that's so close... what about Federer?"", ""okay now tell me about tennis in australia""]","[""who's the king of clay in tennis?"", ""what makes Rafael Nadal so dominant on clay?"", ""Rafael Nadal has got a tough serve, right?"", ""compare Rafael Nadal to Novak Djokovic, who's better?"", ""Novak Djokovic has more Grand Slams than Rafael Nadal, yeah..."", ""wait a sec, got a call"", ""back, so what were we saying?"", ""right, and what about Rafael Nadal and Novak Djokovic's head to head record?"", ""that's so close... what about Roger Federer?"", ""okay now tell me about tennis in Australia""]","[[], [""Rafael Nadal""], [""Rafael Nadal""], [""Rafael Nadal"", ""Novak Djokovic""], [""Novak Djokovic"", ""Rafael Nadal""], [], [], [""Rafael Nadal"", ""Novak Djokovic""], [""Roger Federer""], [""Australia""]]","[false, true, true, true, true, false, false, true, true, false]",2026-04-10T20:48:30.718350
conv_0089_technology_gadgets,Technology,Gadgets,Apple iPhone,"[{""role"": ""user"", ""text"": ""what's the latest iPhone model?""}, {""role"": ""assistant"", ""text"": ""The latest iPhone model is the iPhone 14 Pro, released in 2022.""}, {""role"": ""user"", ""text"": ""what are its key features?""}, {""role"": ""assistant"", ""text"": ""The iPhone 14 Pro has a 6.1-inch display, A16 Bionic chip, and a quad-camera setup.""}, {""role"": ""user"", ""text"": ""and what about the battery life?""}, {""role"": ""assistant"", ""text"": ""It has an improved battery life, with up to 12 hours of internet use.""}, {""role"": ""user"", ""text"": ""that's great... what about the storage options?""}, {""role"": ""assistant"", ""text"": ""The iPhone 14 Pro comes in 128GB, 256GB, 512GB, and 1TB storage options.""}, {""role"": ""user"", ""text"": ""wait, give me a minute to think about it""}, {""role"": ""assistant"", ""text"": ""Sure, take your time!""}, {""role"": ""user"", ""text"": ""back, so what were we saying about iPhone storage?""}, {""role"": ""assistant"", ""text"": ""We were discussing the storage options for the iPhone 14 Pro.""}, {""role"": ""user"", ""text"": ""right, compare that to Samsung's latest flagship""}, {""role"": ""assistant"", ""text"": ""Samsung's latest flagship, the Galaxy S23, offers up to 1TB of storage as well, but its display is slightly larger at 6.2 inches.""}, {""role"": ""user"", ""text"": ""okay, how does iPhone's camera compare to Samsung's?""}, {""role"": ""assistant"", ""text"": ""The iPhone 14 Pro has a quad-camera setup with a 48MP main camera, while the Galaxy S23 has a triple-camera setup with a 50MP main camera.""}, {""role"": ""user"", ""text"": ""and what about the price of the new iPhone?""}, {""role"": ""assistant"", ""text"": ""The iPhone 14 Pro starts at around $999 for the base model.""}, {""role"": ""user"", ""text"": ""that's steep... what about last year's iPhone 13?""}, {""role"": ""assistant"", ""text"": ""The iPhone 13 is still available and starts at around $699, with many of the same features as the iPhone 14 Pro.""}]","[""what's the latest iPhone model?"", ""what are its key features?"", ""and what about the battery life?"", ""that's great... what about the storage options?"", ""wait, give me a minute to think about it"", ""back, so what were we saying about iPhone storage?"", ""right, compare that to Samsung's latest flagship"", ""okay, how does iPhone's camera compare to Samsung's?"", ""and what about the price of the new iPhone?"", ""that's steep... what about last year's iPhone 13?""]","[""what's the latest iPhone model?"", ""what are the key features of the iPhone 14 Pro?"", ""and what about the battery life of the iPhone 14 Pro?"", ""that's great... what about the storage options of the iPhone 14 Pro?"", ""wait, give me a minute to think about it"", ""back, so what were we saying about iPhone storage?"", ""right, compare the iPhone 14 Pro to Samsung's latest flagship"", ""okay, how does the iPhone 14 Pro's camera compare to Samsung's?"", ""and what about the price of the new iPhone 14 Pro?"", ""that's steep... what about last year's iPhone 13?""]","[[""iPhone""], [""iPhone 14 Pro""], [""iPhone 14 Pro""], [""iPhone 14 Pro""], [], [""iPhone""], [""Samsung"", ""iPhone 14 Pro""], [""iPhone 14 Pro"", ""Samsung""], [""iPhone 14 Pro""], [""iPhone 13""]]","[false, true, true, true, false, false, true, true, true, false]",2026-04-10T20:49:12.336827
conv_0092_entertainment_hollywood,Entertainment,Hollywood,Christopher Nolan,"[{""role"": ""user"", ""text"": ""Who is Christopher Nolan?""}, {""role"": ""assistant"", ""text"": ""Christopher Nolan is a renowned film director, writer, and producer known for his complex and intellectually stimulating movies.""}, {""role"": ""user"", ""text"": ""What are some of his notable works?""}, {""role"": ""assistant"", ""text"": ""Some of his notable works include 'Inception', 'The Dark Knight' trilogy, 'Interstellar', and 'Dunkirk'.""}, {""role"": ""user"", ""text"": ""I loved 'Inception'... what inspired him to make it?""}, {""role"": ""assistant"", ""text"": ""'Inception' was inspired by his fascination with the concept of shared dreaming and the idea of exploring the subconscious.""}, {""role"": ""user"", ""text"": ""That's really cool... and his lead actors, who are they?""}, {""role"": ""assistant"", ""text"": ""The lead actors in 'Inception' include Leonardo DiCaprio, Joseph Gordon-Levitt, and Marion Cotillard.""}, {""role"": ""user"", ""text"": ""wait a sec, I need to take a call""}, {""role"": ""assistant"", ""text"": ""Take your time.""}, {""role"": ""user"", ""text"": ""back, so what were we saying?""}, {""role"": ""assistant"", ""text"": ""We were discussing 'Inception' and its lead actors.""}, {""role"": ""user"", ""text"": ""right, and what about his collaboration with Hans Zimmer?""}, {""role"": ""assistant"", ""text"": ""Hans Zimmer has scored music for many of Nolan's films, including 'Inception', 'The Dark Knight', and 'Interstellar', creating iconic soundtracks.""}, {""role"": ""user"", ""text"": ""Their combo is amazing... how does Nolan approach his storytelling?""}, {""role"": ""assistant"", ""text"": ""Nolan is known for his meticulous approach to storytelling, often using non-linear narrative structures and exploring complex themes.""}, {""role"": ""user"", ""text"": ""That's really impressive... what about 'Oppenheimer'?""}, {""role"": ""assistant"", ""text"": ""'Oppenheimer' is Nolan's upcoming film, a biographical drama about J. Robert Oppenheimer, directed by Nolan and starring Cillian Murphy.""}, {""role"": ""user"", ""text"": ""Okay, now tell me about Quentin Tarantino""}, {""role"": ""assistant"", ""text"": ""Quentin Tarantino is another acclaimed film director, known for his stylized violence and non-linear storytelling in films like 'Pulp Fiction', 'Reservoir Dogs', and 'Kill Bill'.""}]","[""Who is Christopher Nolan?"", ""What are some of his notable works?"", ""I loved 'Inception'... what inspired him to make it?"", ""That's really cool... and his lead actors, who are they?"", ""wait a sec, I need to take a call"", ""back, so what were we saying?"", ""right, and what about his collaboration with Hans Zimmer?"", ""Their combo is amazing... how does Nolan approach his storytelling?"", ""That's really impressive... what about 'Oppenheimer'?"", ""Okay, now tell me about Quentin Tarantino""]","[""Who is Christopher Nolan?"", ""What are some notable works of Christopher Nolan?"", ""I loved 'Inception'... what inspired Christopher Nolan to make 'Inception'?"", ""That's really cool... and the lead actors in 'Inception', who are they?"", ""wait a sec, I need to take a call"", ""back, so what were we saying?"", ""right, and what about Christopher Nolan's collaboration with Hans Zimmer?"", ""Their combo is amazing... how does Christopher Nolan approach his storytelling?"", ""That's really impressive... what about the film 'Oppenheimer' by Christopher Nolan?"", ""Okay, now tell me about Quentin Tarantino""]","[[""Christopher Nolan""], [""Christopher Nolan""], [""Christopher Nolan"", ""Inception""], [""Inception""], [], [], [""Christopher Nolan"", ""Hans Zimmer""], [""Christopher Nolan""], [""Christopher Nolan"", ""Oppenheimer""], [""Quentin Tarantino""]]","[false, true, true, true, false, false, true, true, true, false]",2026-04-10T20:49:29.760545
conv_0093_entertainment_hollywood,Entertainment,Hollywood,Marvel Studios,"[{""role"": ""user"", ""text"": ""what's the latest news from Marvel Studios?""}, {""role"": ""assistant"", ""text"": ""Marvel Studios recently announced their upcoming phase, featuring new superheroes and plotlines.""}, {""role"": ""user"", ""text"": ""they're really expanding their universe, aren't they?""}, {""role"": ""assistant"", ""text"": ""Yes, they are, with new TV shows and movies in development, including more Disney+ series.""}, {""role"": ""user"", ""text"": ""what about the next Avengers film?""}, {""role"": ""assistant"", ""text"": ""The next Avengers film, titled 'Avengers: Secret Wars', is expected to release in 2025, with a star-studded cast.""}, {""role"": ""user"", ""text"": ""give me a minute, I need to check something""}, {""role"": ""assistant"", ""text"": ""Take your time!""}, {""role"": ""user"", ""text"": ""back, so what were we saying about Avengers?""}, {""role"": ""assistant"", ""text"": ""We were discussing the upcoming 'Avengers: Secret Wars' film and its 2025 release date.""}, {""role"": ""user"", ""text"": ""compare it to the DC Extended Universe, how's Marvel doing?""}, {""role"": ""assistant"", ""text"": ""Marvel Studios has had more consistent success, with several record-breaking films, whereas DCEU has faced more fluctuations.""}, {""role"": ""user"", ""text"": ""yeah, their recent movies have been pretty good""}, {""role"": ""assistant"", ""text"": ""Marvel's recent releases, such as 'Spider-Man: No Way Home' and 'Doctor Strange in the Multiverse of Madness', received critical acclaim.""}, {""role"": ""user"", ""text"": ""what about other Disney-owned franchises?""}, {""role"": ""assistant"", ""text"": ""Disney also owns Star Wars, which has been expanding with new films and series, as well as Pixar, which continues to produce beloved animated movies.""}, {""role"": ""user"", ""text"": ""okay now tell me about Star Wars""}, {""role"": ""assistant"", ""text"": ""The Star Wars franchise has been growing, with new films, TV shows, and even animated series like 'The Mandalorian' and 'Andor'.""}, {""role"": ""user"", ""text"": ""they've got some great shows, I love The Mandalorian""}, {""role"": ""assistant"", ""text"": ""'The Mandalorian' has been well-received, with its blend of action, adventure, and adorable 'Baby Yoda', also known as Grogu.""}]","[""what's the latest news from Marvel Studios?"", ""they're really expanding their universe, aren't they?"", ""what about the next Avengers film?"", ""give me a minute, I need to check something"", ""back, so what were we saying about Avengers?"", ""compare it to the DC Extended Universe, how's Marvel doing?"", ""yeah, their recent movies have been pretty good"", ""what about other Disney-owned franchises?"", ""okay now tell me about Star Wars"", ""they've got some great shows, I love The Mandalorian""]","[""what's the latest news from Marvel Studios?"", ""Marvel Studios is really expanding their universe, isn't it?"", ""what about the next Avengers film?"", ""give me a minute, I need to check something"", ""I'm back, so what were we saying about Avengers?"", ""compare Marvel Studios to the DC Extended Universe, how is Marvel Studios doing?"", ""yes, Marvel Studios' recent movies have been pretty good"", ""what about other Disney-owned franchises?"", ""okay now tell me about Star Wars"", ""Star Wars has got some great shows, I love The Mandalorian""]","[[""Marvel Studios""], [""Marvel Studios""], [""Avengers""], [], [""Avengers""], [""Marvel Studios"", ""DC Extended Universe""], [""Marvel Studios""], [""Disney""], [""Star Wars""], [""The Mandalorian"", ""Star Wars""]]","[false, true, false, false, true, true, true, false, false, true]",2026-04-10T20:49:35.523180
conv_0096_health_fitness,Health,Fitness,yoga,"[{""role"": ""user"", ""text"": ""what's the best way to improve flexibility?""}, {""role"": ""assistant"", ""text"": ""One of the best ways to improve flexibility is through yoga, which combines stretching, breathing, and meditation techniques.""}, {""role"": ""user"", ""text"": ""I've heard it's really good for stress relief too, how does it help with that?""}, {""role"": ""assistant"", ""text"": ""Yoga helps reduce stress by promoting relaxation, reducing cortisol levels, and improving mood through the release of endorphins.""}, {""role"": ""user"", ""text"": ""that sounds great, what about the different types of yoga, are they all similar?""}, {""role"": ""assistant"", ""text"": ""No, there are several types of yoga, such as Hatha, Vinyasa, and Restorative yoga, each with its own unique focus and level of intensity.""}, {""role"": ""user"", ""text"": ""okay, I've tried Hatha before, what's the difference with Vinyasa?""}, {""role"": ""assistant"", ""text"": ""Vinyasa yoga is a more dynamic and flowing style, where you move through poses quickly, whereas Hatha yoga is more static and focuses on individual poses.""}, {""role"": ""user"", ""text"": ""wait, give me a minute to grab a water bottle""}, {""role"": ""assistant"", ""text"": ""Sure, take your time.""}, {""role"": ""user"", ""text"": ""back, so what were we saying? oh yeah, Vinyasa yoga""}, {""role"": ""assistant"", ""text"": ""We were discussing how Vinyasa yoga is a flowing style, it's great for building cardiovascular endurance and burning calories.""}, {""role"": ""user"", ""text"": ""that sounds intense, is yoga suitable for beginners?""}, {""role"": ""assistant"", ""text"": ""Absolutely, yoga is accessible to everyone, regardless of fitness level, and many studios offer beginner classes and workshops.""}, {""role"": ""user"", ""text"": ""I've been meaning to try it for ages, what about equipment, do I need anything?""}, {""role"": ""assistant"", ""text"": ""You don't need much, just a good yoga mat, and possibly some blocks or straps if you're a beginner, to help with alignment and flexibility.""}, {""role"": ""user"", ""text"": ""okay, got it, and what about other forms of exercise, can yoga be combined with them?""}, {""role"": ""assistant"", ""text"": ""Yoga can be combined with other forms of exercise, such as cardio or strength training, to provide a well-rounded fitness routine and improve overall health.""}, {""role"": ""user"", ""text"": ""that makes sense, what about Pilates, how does it compare to yoga?""}, {""role"": ""assistant"", ""text"": ""Pilates is a form of exercise that focuses on core strength, flexibility, and body control, while yoga focuses more on spiritual and meditative aspects, but both share some similarities.""}]","[""what's the best way to improve flexibility?"", ""I've heard it's really good for stress relief too, how does it help with that?"", ""that sounds great, what about the different types of yoga, are they all similar?"", ""okay, I've tried Hatha before, what's the difference with Vinyasa?"", ""wait, give me a minute to grab a water bottle"", ""back, so what were we saying? oh yeah, Vinyasa yoga"", ""that sounds intense, is yoga suitable for beginners?"", ""I've been meaning to try it for ages, what about equipment, do I need anything?"", ""okay, got it, and what about other forms of exercise, can yoga be combined with them?"", ""that makes sense, what about Pilates, how does it compare to yoga?""]","[""what's the best way to improve flexibility?"", ""I've heard yoga is really good for stress relief too, how does yoga help with that?"", ""that sounds great, what about the different types of yoga, are they all similar?"", ""okay, I've tried Hatha yoga before, what's the difference with Vinyasa yoga?"", ""wait, give me a minute to grab a water bottle"", ""I'm back, so what were we saying? oh yeah, Vinyasa yoga"", ""that sounds intense, is yoga suitable for beginners?"", ""I've been meaning to try yoga for ages, what about equipment, do I need anything?"", ""okay, got it, and what about other forms of exercise, can yoga be combined with them?"", ""that makes sense, what about Pilates, how does Pilates compare to yoga?""]","[[], [], [], [""Hatha yoga"", ""Vinyasa yoga""], [], [], [], [], [], [""Pilates"", ""yoga""]]","[false, true, false, true, false, true, false, true, false, true]",2026-04-10T20:49:54.304508
conv_0100_geography_cities,Geography,Cities,Paris,"[{""role"": ""user"", ""text"": ""what's the capital of france?""}, {""role"": ""assistant"", ""text"": ""The capital of France is Paris, known as the City of Light.""}, {""role"": ""user"", ""text"": ""it's famous for what?""}, {""role"": ""assistant"", ""text"": ""Paris is famous for the Eiffel Tower, art museums like the Louvre, and romantic river Seine.""}, {""role"": ""user"", ""text"": ""who built the eiffel tower?""}, {""role"": ""assistant"", ""text"": ""The Eiffel Tower was built by Gustave Eiffel for the 1889 World's Fair.""}, {""role"": ""user"", ""text"": ""that's really old, what about modern attractions?""}, {""role"": ""assistant"", ""text"": ""Modern Paris has attractions like the Pompidou Center and Notre-Dame Cathedral, currently under renovation.""}, {""role"": ""user"", ""text"": ""give me a minute, brb""}, {""role"": ""assistant"", ""text"": ""(waiting...)""}, {""role"": ""user"", ""text"": ""back, so what were we saying about paris?""}, {""role"": ""assistant"", ""text"": ""We were discussing its modern attractions, like the Pompidou Center.""}, {""role"": ""user"", ""text"": ""compare paris to rome""}, {""role"": ""assistant"", ""text"": ""Both are historic capitals; Paris is known for modern art and fashion, while Rome boasts ancient ruins like the Colosseum.""}, {""role"": ""user"", ""text"": ""rome has the colosseum, what about paris's iconic buildings?""}, {""role"": ""assistant"", ""text"": ""Paris has iconic buildings like the Arc de Triomphe and Sainte-Chapelle, showcasing Gothic architecture.""}, {""role"": ""user"", ""text"": ""and paris's river?""}, {""role"": ""assistant"", ""text"": ""The river Seine runs through Paris, offering scenic views and river cruises.""}, {""role"": ""user"", ""text"": ""are there any other famous european cities like paris?""}, {""role"": ""assistant"", ""text"": ""Cities like Amsterdam, known for canals, and Barcelona, famous for Gaudí's Sagrada Família, share Paris's charm.""}]","[""what's the capital of france?"", ""it's famous for what?"", ""who built the eiffel tower?"", ""that's really old, what about modern attractions?"", ""give me a minute, brb"", ""back, so what were we saying about paris?"", ""compare paris to rome"", ""rome has the colosseum, what about paris's iconic buildings?"", ""and paris's river?"", ""are there any other famous european cities like paris?""]","[""what's the capital of France?"", ""Paris is famous for what?"", ""who built the Eiffel Tower?"", ""that's really old, what about modern attractions?"", ""give me a minute, brb"", ""back, so what were we saying about Paris?"", ""compare Paris to Rome"", ""Rome has the Colosseum, what about Paris's iconic buildings?"", ""and Paris's river?"", ""are there any other famous European cities like Paris?""]","[[""France""], [""Paris""], [""Eiffel Tower""], [], [], [""Paris""], [""Paris"", ""Rome""], [""Rome"", ""Colosseum"", ""Paris""], [""Paris""], [""Paris""]]","[false, true, false, false, false, false, false, false, false, false]",2026-04-10T20:50:21.118993
conv_0104_politics_india,Politics,India,Manmohan Singh,"[{""role"": ""user"", ""text"": ""Who is Manmohan Singh?""}, {""role"": ""assistant"", ""text"": ""Manmohan Singh is the 13th Prime Minister of India, serving from 2004 to 2014.""}, {""role"": ""user"", ""text"": ""What were his major economic reforms?""}, {""role"": ""assistant"", ""text"": ""He implemented significant economic policies, including liberalization, privatization, and fiscal reforms.""}, {""role"": ""user"", ""text"": ""That helped India grow, right?""}, {""role"": ""assistant"", ""text"": ""Yes, his policies contributed to India's rapid economic growth during his tenure.""}, {""role"": ""user"", ""text"": ""What about his role in education?""}, {""role"": ""assistant"", ""text"": ""Manmohan Singh emphasized education, increasing funding and launching initiatives like the Right to Education Act.""}, {""role"": ""user"", ""text"": ""That sounds great... and healthcare?""}, {""role"": ""assistant"", ""text"": ""He also focused on healthcare, improving infrastructure and launching programs like the National Rural Health Mission.""}, {""role"": ""user"", ""text"": ""wait a sec, need to check something""}, {""role"": ""assistant"", ""text"": ""Sure, take your time.""}, {""role"": ""user"", ""text"": ""back, so what were we saying?""}, {""role"": ""assistant"", ""text"": ""We were discussing Manmohan Singh's healthcare initiatives.""}, {""role"": ""user"", ""text"": ""Right, compare his healthcare policies with Narendra Modi's...""}, {""role"": ""assistant"", ""text"": ""While Manmohan Singh focused on rural healthcare, Narendra Modi launched initiatives like Ayushman Bharat for universal health coverage.""}, {""role"": ""user"", ""text"": ""How did Manmohan Singh's economic policies impact poverty?""}, {""role"": ""assistant"", ""text"": ""His policies helped reduce poverty rates, with estimates suggesting a decline from 26% in 2000 to 22% in 2011.""}, {""role"": ""user"", ""text"": ""That's impressive... now tell me about indian foreign policy""}, {""role"": ""assistant"", ""text"": ""Indian foreign policy has evolved over time, with Manmohan Singh's tenure marked by strengthened ties with the US and efforts to improve relations with neighboring countries.""}]","[""Who is Manmohan Singh?"", ""What were his major economic reforms?"", ""That helped India grow, right?"", ""What about his role in education?"", ""That sounds great... and healthcare?"", ""wait a sec, need to check something"", ""back, so what were we saying?"", ""Right, compare his healthcare policies with Narendra Modi's..."", ""How did Manmohan Singh's economic policies impact poverty?"", ""That's impressive... now tell me about indian foreign policy""]","[""Who is Manmohan Singh?"", ""What were Manmohan Singh's major economic reforms?"", ""That helped India grow, right?"", ""What about Manmohan Singh's role in education?"", ""That sounds great... and healthcare?"", ""wait a sec, need to check something"", ""back, so what were we saying?"", ""Right, compare Manmohan Singh's healthcare policies with Narendra Modi's"", ""How did Manmohan Singh's economic policies impact poverty?"", ""That's impressive... now tell me about Indian foreign policy""]","[[""Manmohan Singh""], [""Manmohan Singh""], [], [""Manmohan Singh""], [], [], [], [""Manmohan Singh"", ""Narendra Modi""], [""Manmohan Singh""], [""India""]]","[false, true, false, true, false, false, false, true, false, false]",2026-04-10T20:50:44.413188
conv_0109_politics_usa,Politics,USA,Barack Obama,"[{""role"": ""user"", ""text"": ""Who is Barack Obama?""}, {""role"": ""assistant"", ""text"": ""Barack Obama is the 44th President of the United States, serving two terms from 2009 to 2017.""}, {""role"": ""user"", ""text"": ""What were his major achievements?""}, {""role"": ""assistant"", ""text"": ""He implemented the Affordable Care Act, also known as Obamacare, and ended the war in Iraq.""}, {""role"": ""user"", ""text"": ""That's impressive... and his successor?""}, {""role"": ""assistant"", ""text"": ""His successor was Donald Trump, who took office in 2017.""}, {""role"": ""user"", ""text"": ""Okay, what about his vice president?""}, {""role"": ""assistant"", ""text"": ""His vice president was Joe Biden, who later became the 46th President of the United States.""}, {""role"": ""user"", ""text"": ""Wait, give me a minute to think...""}, {""role"": ""assistant"", ""text"": ""Sure, take your time.""}, {""role"": ""user"", ""text"": ""Back, so what were we saying? Oh yeah, Joe Biden...""}, {""role"": ""assistant"", ""text"": ""We were discussing Joe Biden, who served as vice president under Barack Obama for both terms.""}, {""role"": ""user"", ""text"": ""Compare Barack Obama's and Donald Trump's policies on healthcare.""}, {""role"": ""assistant"", ""text"": ""Barack Obama focused on expanding healthcare through Obamacare, while Donald Trump attempted to repeal it, but was unsuccessful.""}, {""role"": ""user"", ""text"": ""That's interesting... what about Barack Obama's role in international relations during his presidency?""}, {""role"": ""assistant"", ""text"": ""He played a significant role in international relations, including the Iran nuclear deal and the Paris Climate Agreement.""}, {""role"": ""user"", ""text"": ""Did he receive any notable awards?""}, {""role"": ""assistant"", ""text"": ""Yes, he received the Nobel Peace Prize in 2009 for his efforts to strengthen international diplomacy.""}, {""role"": ""user"", ""text"": ""That's great... now tell me about US politics today.""}, {""role"": ""assistant"", ""text"": ""Currently, the US political landscape is focused on the ongoing issues of healthcare, economy, and social justice, with many politicians, including those in the Biden administration, working to address these challenges.""}]","[""Who is Barack Obama?"", ""What were his major achievements?"", ""That's impressive... and his successor?"", ""Okay, what about his vice president?"", ""Wait, give me a minute to think..."", ""Back, so what were we saying? Oh yeah, Joe Biden..."", ""Compare Barack Obama's and Donald Trump's policies on healthcare."", ""That's interesting... what about Barack Obama's role in international relations during his presidency?"", ""Did he receive any notable awards?"", ""That's great... now tell me about US politics today.""]","[""Who is Barack Obama?"", ""What were the major achievements of Barack Obama?"", ""That's impressive... and who was his successor?"", ""Okay, what about the vice president of Barack Obama?"", ""Wait, give me a minute to think..."", ""Back, so what were we saying? Oh yeah, Joe Biden..."", ""Compare Barack Obama's and Donald Trump's policies on healthcare."", ""That's interesting... what about the role of Barack Obama in international relations during his presidency?"", ""Did Barack Obama receive any notable awards?"", ""That's great... now tell me about US politics today.""]","[[""Barack Obama""], [""Barack Obama""], [""Barack Obama""], [""Barack Obama""], [], [], [""Barack Obama"", ""Donald Trump""], [""Barack Obama""], [""Barack Obama""], []]","[false, true, true, true, false, false, false, true, true, false]",2026-04-10T20:51:16.732922
conv_0115_sports_tennis,Sports,Tennis,Novak Djokovic,"[{""role"": ""user"", ""text"": ""Who is the number one tennis player in the world right now?""}, {""role"": ""assistant"", ""text"": ""Currently, Novak Djokovic holds the number one spot in men's tennis.""}, {""role"": ""user"", ""text"": ""What are his strengths on the court?""}, {""role"": ""assistant"", ""text"": ""Djokovic is known for his exceptional defensive skills, athleticism, and ability to perform under pressure.""}, {""role"": ""user"", ""text"": ""He's definitely a great player. What about his rivals, like Federer and Nadal?""}, {""role"": ""assistant"", ""text"": ""They are also top players, but Djokovic has had a remarkable record against them, with a high number of wins.""}, {""role"": ""user"", ""text"": ""That's impressive. What's his training regimen like?""}, {""role"": ""assistant"", ""text"": ""He follows a strict diet and fitness plan, which includes a lot of cardio and strength training.""}, {""role"": ""user"", ""text"": ""Give me a minute to think about this...""}, {""role"": ""assistant"", ""text"": ""Take your time!""}, {""role"": ""user"", ""text"": ""Back, so what were we saying?""}, {""role"": ""assistant"", ""text"": ""We were discussing Novak Djokovic's training regimen.""}, {""role"": ""user"", ""text"": ""Right, so does he have any unique techniques?""}, {""role"": ""assistant"", ""text"": ""One notable aspect is his ability to quickly adjust to different surfaces and playing conditions.""}, {""role"": ""user"", ""text"": ""That's really interesting. What about his recent performances?""}, {""role"": ""assistant"", ""text"": ""Recently, Djokovic has been performing well, winning several major tournaments.""}, {""role"": ""user"", ""text"": ""That's great. Can you compare him to other top players like Stefanos Tsitsipas?""}, {""role"": ""assistant"", ""text"": ""While Tsitsipas is an excellent player, Djokovic's experience and consistency give him an edge.""}, {""role"": ""user"", ""text"": ""Okay, now tell me about the upcoming tennis tournaments.""}, {""role"": ""assistant"", ""text"": ""There are several big tournaments coming up, including the Australian Open and Wimbledon.""}]","[""Who is the number one tennis player in the world right now?"", ""What are his strengths on the court?"", ""He's definitely a great player. What about his rivals, like Federer and Nadal?"", ""That's impressive. What's his training regimen like?"", ""Give me a minute to think about this..."", ""Back, so what were we saying?"", ""Right, so does he have any unique techniques?"", ""That's really interesting. What about his recent performances?"", ""That's great. Can you compare him to other top players like Stefanos Tsitsipas?"", ""Okay, now tell me about the upcoming tennis tournaments.""]","[""Who is the number one tennis player in the world right now?"", ""What are Novak Djokovic's strengths on the court?"", ""He's definitely a great player. What about Novak Djokovic's rivals, like Federer and Nadal?"", ""That's impressive. What is Novak Djokovic's training regimen like?"", ""Give me a minute to think about this..."", ""Back, so what were we saying?"", ""Right, so does Novak Djokovic have any unique techniques?"", ""That's really interesting. What about Novak Djokovic's recent performances?"", ""That's great. Can you compare Novak Djokovic to other top players like Stefanos Tsitsipas?"", ""Okay, now tell me about the upcoming tennis tournaments.""]","[[], [""Novak Djokovic""], [""Novak Djokovic"", ""Federer"", ""Nadal""], [""Novak Djokovic""], [], [], [""Novak Djokovic""], [""Novak Djokovic""], [""Novak Djokovic"", ""Stefanos Tsitsipas""], []]","[false, true, true, true, false, false, true, true, true, false]",2026-04-10T20:51:58.130634
conv_0118_technology_ai,Technology,AI,OpenAI,"[{""role"": ""user"", ""text"": ""what is openai?""}, {""role"": ""assistant"", ""text"": ""OpenAI is a research organization that focuses on developing and promoting friendly artificial intelligence.""}, {""role"": ""user"", ""text"": ""they're known for their chatbots, right?""}, {""role"": ""assistant"", ""text"": ""Yes, OpenAI is famous for creating advanced language models like ChatGPT, which can understand and respond to human input.""}, {""role"": ""user"", ""text"": ""how does it work?""}, {""role"": ""assistant"", ""text"": ""ChatGPT uses a type of machine learning called deep learning to analyze and generate human-like text based on the input it receives.""}, {""role"": ""user"", ""text"": ""that's impressive... what about their other projects?""}, {""role"": ""assistant"", ""text"": ""OpenAI has also developed other AI models, such as DALL-E, which generates images from text prompts, and Whisper, a speech recognition system.""}, {""role"": ""user"", ""text"": ""wait, give me a minute to think about this...""}, {""role"": ""assistant"", ""text"": ""Take your time!""}, {""role"": ""user"", ""text"": ""back, so what were we saying?""}, {""role"": ""assistant"", ""text"": ""We were discussing OpenAI's various projects, including ChatGPT, DALL-E, and Whisper.""}, {""role"": ""user"", ""text"": ""compare chatgpt and dall-e, what's the difference?""}, {""role"": ""assistant"", ""text"": ""While ChatGPT focuses on generating text, DALL-E creates images from text descriptions, showcasing the versatility of OpenAI's AI technologies.""}, {""role"": ""user"", ""text"": ""okay, now tell me about google's ai efforts""}, {""role"": ""assistant"", ""text"": ""Google has its own AI research division, Google AI, which explores various AI applications, including natural language processing, computer vision, and reinforcement learning.""}, {""role"": ""user"", ""text"": ""do they have something similar to chatgpt?""}, {""role"": ""assistant"", ""text"": ""Google has developed its own conversational AI model, called LaMDA, which can understand and respond to human input, similar to ChatGPT.""}, {""role"": ""user"", ""text"": ""that's interesting... what about openai's future plans?""}, {""role"": ""assistant"", ""text"": ""OpenAI has announced plans to continue advancing its AI models, with a focus on safety, transparency, and real-world applications.""}]","[""what is openai?"", ""they're known for their chatbots, right?"", ""how does it work?"", ""that's impressive... what about their other projects?"", ""wait, give me a minute to think about this..."", ""back, so what were we saying?"", ""compare chatgpt and dall-e, what's the difference?"", ""okay, now tell me about google's ai efforts"", ""do they have something similar to chatgpt?"", ""that's interesting... what about openai's future plans?""]","[""what is OpenAI?"", ""OpenAI is known for their chatbots, right?"", ""how does ChatGPT work?"", ""that's impressive... what about OpenAI's other projects?"", ""wait, give me a minute to think about this..."", ""back, so what were we saying?"", ""compare ChatGPT and DALL-E, what's the difference?"", ""okay, now tell me about Google's AI efforts"", ""does Google have something similar to ChatGPT?"", ""that's interesting... what about OpenAI's future plans?""]","[[""OpenAI""], [""OpenAI""], [""ChatGPT""], [""OpenAI""], [], [], [""ChatGPT"", ""DALL-E""], [""Google""], [""Google"", ""ChatGPT""], [""OpenAI""]]","[false, true, true, true, false, false, false, false, true, false]",2026-04-10T20:52:16.312691
conv_0121_technology_space,Technology,Space,ISRO,"[{""role"": ""user"", ""text"": ""what's the latest on ISRO's Mars mission?""}, {""role"": ""assistant"", ""text"": ""ISRO's Mars Orbiter Mission, also known as Mangalyaan, has been orbiting Mars since 2014, and it's still operational.""}, {""role"": ""user"", ""text"": ""that's impressive. What are its objectives?""}, {""role"": ""assistant"", ""text"": ""The mission aimed to study the Martian surface, atmosphere, and search for signs of life. It's provided valuable data on the planet's geology and climate.""}, {""role"": ""user"", ""text"": ""and what about the recent lunar mission?""}, {""role"": ""assistant"", ""text"": ""You must be referring to Chandrayaan-3. It was launched in 2023, with the goal of exploring the lunar south pole. ISRO successfully landed the Vikram rover on the Moon's surface.""}, {""role"": ""user"", ""text"": ""wait, how does ISRO's budget compare to NASA's?""}, {""role"": ""assistant"", ""text"": ""ISRO's annual budget is around $2 billion, while NASA's budget is over $20 billion. Despite the difference, ISRO has achieved remarkable success with its limited resources.""}, {""role"": ""user"", ""text"": ""give me a minute, I need to check something...""}, {""role"": ""assistant"", ""text"": ""Take your time!""}, {""role"": ""user"", ""text"": ""back, so what were we saying?""}, {""role"": ""assistant"", ""text"": ""We were discussing ISRO's budget and achievements. You asked about the comparison with NASA.""}, {""role"": ""user"", ""text"": ""right! and what about private players in space tech?""}, {""role"": ""assistant"", ""text"": ""Companies like SpaceX and Blue Origin are leading the charge in private space exploration. However, ISRO has also collaborated with startups like Agnikul and Skyroot to develop new technologies.""}, {""role"": ""user"", ""text"": ""that's interesting. Are they working on reusable rockets?""}, {""role"": ""assistant"", ""text"": ""Yes, ISRO has been developing reusable launch vehicles, including the RLV-TD, which successfully demonstrated a reusable rocket in 2016.""}, {""role"": ""user"", ""text"": ""what about applications in everyday life?""}, {""role"": ""assistant"", ""text"": ""ISRO's technologies have numerous applications, such as satellite-based communication, navigation, and weather forecasting. These have improved disaster management, agriculture, and transportation in India.""}, {""role"": ""user"", ""text"": ""okay, now tell me about the future of space travel.""}, {""role"": ""assistant"", ""text"": ""With advancements in propulsion systems, life support systems, and spacecraft design, space travel is becoming more accessible and affordable. ISRO is working on a human spaceflight program, Gaganyaan, to send astronauts to space by 2025.""}]","[""what's the latest on ISRO's Mars mission?"", ""that's impressive. What are its objectives?"", ""and what about the recent lunar mission?"", ""wait, how does ISRO's budget compare to NASA's?"", ""give me a minute, I need to check something..."", ""back, so what were we saying?"", ""right! and what about private players in space tech?"", ""that's interesting. Are they working on reusable rockets?"", ""what about applications in everyday life?"", ""okay, now tell me about the future of space travel.""]","[""what's the latest on ISRO's Mars mission?"", ""that's impressive. What are the objectives of ISRO's Mars mission?"", ""and what about ISRO's recent lunar mission?"", ""wait, how does ISRO's budget compare to NASA's?"", ""give me a minute, I need to check something..."", ""back, so what were we saying?"", ""right! and what about private players in space technology?"", ""that's interesting. Are private players working on reusable rockets?"", ""what about applications of ISRO's technology in everyday life?"", ""okay, now tell me about the future of space travel.""]","[[""ISRO""], [""ISRO""], [""ISRO""], [""ISRO"", ""NASA""], [], [], [], [], [""ISRO""], []]","[false, true, true, false, false, false, true, true, true, false]",2026-04-10T20:52:33.710386
conv_0123_technology_gadgets,Technology,Gadgets,Apple iPhone,"[{""role"": ""user"", ""text"": ""What's the latest model of Apple iPhone?""}, {""role"": ""assistant"", ""text"": ""The latest model is the iPhone 14 Pro, released in September 2022.""}, {""role"": ""user"", ""text"": ""What are its main features?""}, {""role"": ""assistant"", ""text"": ""The iPhone 14 Pro has a 6.1-inch display, A16 Bionic chip, up to 16GB RAM, and a quad-camera setup.""}, {""role"": ""user"", ""text"": ""How does it compare to the previous model?""}, {""role"": ""assistant"", ""text"": ""The iPhone 14 Pro has a better camera, faster processor, and longer battery life compared to the iPhone 13 Pro.""}, {""role"": ""user"", ""text"": ""That's great, what about the price?""}, {""role"": ""assistant"", ""text"": ""The starting price for the iPhone 14 Pro is around $999 for the base model.""}, {""role"": ""user"", ""text"": ""Wait a sec, I need to take a call, brb.""}, {""role"": ""assistant"", ""text"": ""Sure, take your time.""}, {""role"": ""user"", ""text"": ""Back, so what were we saying?""}, {""role"": ""assistant"", ""text"": ""We were discussing the iPhone 14 Pro's price.""}, {""role"": ""user"", ""text"": ""Right, and what about storage options?""}, {""role"": ""assistant"", ""text"": ""The iPhone 14 Pro comes in 128GB, 256GB, 512GB, and 1TB storage variants.""}, {""role"": ""user"", ""text"": ""That's a lot, do other brands offer similar storage?""}, {""role"": ""assistant"", ""text"": ""Yes, Samsung and Google offer similar storage options in their high-end models.""}, {""role"": ""user"", ""text"": ""Okay, now tell me about smartwatches, I've been thinking of getting one.""}, {""role"": ""assistant"", ""text"": ""Smartwatches are a great choice, Apple's Watch Series 8 is a popular option, it integrates well with the iPhone.""}, {""role"": ""user"", ""text"": ""That makes sense, I've heard their integration is seamless.""}, {""role"": ""assistant"", ""text"": ""Yes, Apple devices work well together, making it a great ecosystem for users.""}]","[""What's the latest model of Apple iPhone?"", ""What are its main features?"", ""How does it compare to the previous model?"", ""That's great, what about the price?"", ""Wait a sec, I need to take a call, brb."", ""Back, so what were we saying?"", ""Right, and what about storage options?"", ""That's a lot, do other brands offer similar storage?"", ""Okay, now tell me about smartwatches, I've been thinking of getting one."", ""That makes sense, I've heard their integration is seamless.""]","[""What's the latest model of Apple iPhone?"", ""What are the main features of iPhone 14 Pro?"", ""How does iPhone 14 Pro compare to iPhone 13 Pro?"", ""That's great, what about the price of iPhone 14 Pro?"", ""Wait a sec, I need to take a call, brb."", ""Back, so what were we saying?"", ""Right, and what about storage options of iPhone 14 Pro?"", ""That's a lot, do other brands offer similar storage options?"", ""Okay, now tell me about smartwatches, I've been thinking of getting one."", ""That makes sense, I've heard that Apple devices' integration is seamless.""]","[[""Apple""], [""iPhone 14 Pro""], [""iPhone 14 Pro"", ""iPhone 13 Pro""], [""iPhone 14 Pro""], [], [], [""iPhone 14 Pro""], [], [], [""Apple""]]","[false, true, true, true, false, false, true, false, false, true]",2026-04-10T20:52:46.823645
conv_0126_entertainment_hollywood,Entertainment,Hollywood,Christopher Nolan,"[{""role"": ""user"", ""text"": ""Who is Christopher Nolan?""}, {""role"": ""assistant"", ""text"": ""Christopher Nolan is a renowned film director, writer, and producer known for his complex and intellectually stimulating movies.""}, {""role"": ""user"", ""text"": ""What are some of his notable works?""}, {""role"": ""assistant"", ""text"": ""Some of his notable works include \""Inception\"", \""The Dark Knight\"" trilogy, \""Interstellar\"", and \""Dunkirk\"".""}, {""role"": ""user"", ""text"": ""I loved \""Inception\"" - what's the idea behind it?""}, {""role"": ""assistant"", ""text"": ""\""Inception\"" explores the concept of shared dreaming, where a team of thieves enter people's dreams to steal secrets.""}, {""role"": ""user"", ""text"": ""That was mind-blowing... and his Batman films?""}, {""role"": ""assistant"", ""text"": ""His \""The Dark Knight\"" trilogy is highly acclaimed, with Heath Ledger's posthumous Oscar win for his portrayal of the Joker.""}, {""role"": ""user"", ""text"": ""Wait, what about his other projects? Give me a minute to think...""}, {""role"": ""assistant"", ""text"": ""Take your time!""}, {""role"": ""user"", ""text"": ""Back, so what were we saying? Ah yes, Christopher Nolan's film style...""}, {""role"": ""assistant"", ""text"": ""He's known for his non-linear storytelling, practical effects, and use of IMAX cameras to create visually stunning experiences.""}, {""role"": ""user"", ""text"": ""Compare him to Quentin Tarantino - who's better?""}, {""role"": ""assistant"", ""text"": ""Both directors are highly influential, but their styles differ; Tarantino's films often focus on dialogue and homages, while Nolan's explore complex narratives and themes.""}, {""role"": ""user"", ""text"": ""That's a tough one... okay, now tell me about the latest Christopher Nolan film.""}, {""role"": ""assistant"", ""text"": ""His latest film is \""Oppenheimer\"", a biographical drama about J. Robert Oppenheimer, the director of the Manhattan Project.""}, {""role"": ""user"", ""text"": ""That sounds intriguing - how does it relate to his previous work?""}, {""role"": ""assistant"", ""text"": ""Like many of Nolan's films, \""Oppenheimer\"" explores themes of complexity, power, and the human condition, all presented through his signature narrative style.""}, {""role"": ""user"", ""text"": ""Brb, I need to check something...""}, {""role"": ""assistant"", ""text"": ""I'll wait!""}]","[""Who is Christopher Nolan?"", ""What are some of his notable works?"", ""I loved \""Inception\"" - what's the idea behind it?"", ""That was mind-blowing... and his Batman films?"", ""Wait, what about his other projects? Give me a minute to think..."", ""Back, so what were we saying? Ah yes, Christopher Nolan's film style..."", ""Compare him to Quentin Tarantino - who's better?"", ""That's a tough one... okay, now tell me about the latest Christopher Nolan film."", ""That sounds intriguing - how does it relate to his previous work?"", ""Brb, I need to check something...""]","[""Who is Christopher Nolan?"", ""What are some notable works of Christopher Nolan?"", ""I loved \""Inception\"" - what is the idea behind it?"", ""That was mind-blowing... and what about his Batman films?"", ""Wait, what about his other projects? Give me a minute to think..."", ""Back, so what were we saying? Ah yes, Christopher Nolan's film style..."", ""Compare Christopher Nolan to Quentin Tarantino - who is better?"", ""That is a tough one... okay, now tell me about the latest film by Christopher Nolan."", ""That sounds intriguing - how does the latest Christopher Nolan film relate to his previous work?"", ""Brb, I need to check something...""]","[[""Christopher Nolan""], [""Christopher Nolan""], [""Inception""], [], [], [], [""Christopher Nolan"", ""Quentin Tarantino""], [""Christopher Nolan""], [""Christopher Nolan""], []]","[false, false, false, false, false, false, false, false, false, false]",2026-04-10T20:53:07.927849
conv_0127_entertainment_hollywood,Entertainment,Hollywood,Marvel Studios,"[{""role"": ""user"", ""text"": ""who owns Marvel Studios?""}, {""role"": ""assistant"", ""text"": ""Marvel Studios is owned by The Walt Disney Company.""}, {""role"": ""user"", ""text"": ""they've produced some amazing movies, what are some of their most popular ones?""}, {""role"": ""assistant"", ""text"": ""Some of their most popular movies include the Avengers series, Iron Man, Captain America, and Spider-Man.""}, {""role"": ""user"", ""text"": ""I love Iron Man, what's the latest one they released?""}, {""role"": ""assistant"", ""text"": ""The latest Iron Man movie was Iron Man 3, released in 2013, but they've also released other films in the Marvel Cinematic Universe (MCU) since then.""}, {""role"": ""user"", ""text"": ""what about the Avengers, are they making another one?""}, {""role"": ""assistant"", ""text"": ""Yes, they've released several Avengers movies, including Avengers: Endgame in 2019, which concluded the Infinity Saga.""}, {""role"": ""user"", ""text"": ""wait a sec, I need to take a call""}, {""role"": ""assistant"", ""text"": ""Take your time.""}, {""role"": ""user"", ""text"": ""back, so what were we saying?""}, {""role"": ""assistant"", ""text"": ""We were discussing the Avengers movies, specifically the conclusion of the Infinity Saga in Avengers: Endgame.""}, {""role"": ""user"", ""text"": ""right, and what about other Marvel characters, like Black Widow?""}, {""role"": ""assistant"", ""text"": ""Black Widow is a popular Marvel character, and a solo movie was released in 2021, starring Scarlett Johansson.""}, {""role"": ""user"", ""text"": ""that's cool, I heard they're also making a new Fantastic Four movie?""}, {""role"": ""assistant"", ""text"": ""Yes, a new Fantastic Four movie is in development, but no release date has been announced yet.""}, {""role"": ""user"", ""text"": ""compare Marvel and DC movies, which one do you think is better?""}, {""role"": ""assistant"", ""text"": ""Both Marvel and DC have their strengths and weaknesses, but Marvel's interconnected storytelling and character development have set a new standard for the industry.""}, {""role"": ""user"", ""text"": ""okay now tell me about Pixar, are they related to Marvel?""}, {""role"": ""assistant"", ""text"": ""Pixar Animation Studios is a separate entity, but it is also owned by The Walt Disney Company, just like Marvel Studios.""}]","[""who owns Marvel Studios?"", ""they've produced some amazing movies, what are some of their most popular ones?"", ""I love Iron Man, what's the latest one they released?"", ""what about the Avengers, are they making another one?"", ""wait a sec, I need to take a call"", ""back, so what were we saying?"", ""right, and what about other Marvel characters, like Black Widow?"", ""that's cool, I heard they're also making a new Fantastic Four movie?"", ""compare Marvel and DC movies, which one do you think is better?"", ""okay now tell me about Pixar, are they related to Marvel?""]","[""who owns Marvel Studios?"", ""Marvel Studios has produced some amazing movies, what are some of their most popular ones?"", ""I love Iron Man, what's the latest Iron Man movie they released?"", ""what about the Avengers, are Marvel Studios making another Avengers movie?"", ""wait a sec, I need to take a call"", ""back, so what were we saying?"", ""right, and what about other Marvel characters, like Black Widow?"", ""that's cool, I heard Marvel Studios is also making a new Fantastic Four movie?"", ""compare Marvel and DC movies, which one do you think is better?"", ""okay now tell me about Pixar, are Pixar and Marvel related?""]","[[""Marvel Studios""], [""Marvel Studios""], [""Iron Man""], [""Avengers""], [], [], [""Black Widow""], [""Fantastic Four""], [""Marvel"", ""DC""], [""Pixar"", ""Marvel""]]","[false, true, true, true, false, false, false, true, false, true]",2026-04-10T20:53:14.154923
conv_0128_health_nutrition,Health,Nutrition,intermittent fasting,"[{""role"": ""user"", ""text"": ""I've been hearing a lot about intermittent fasting, what is it exactly?""}, {""role"": ""assistant"", ""text"": ""Intermittent fasting is an eating pattern where you alternate between periods of eating and fasting to promote weight loss and improve overall health.""}, {""role"": ""user"", ""text"": ""How does it work?""}, {""role"": ""assistant"", ""text"": ""It works by allowing your body to enter a fasting state, which can help with insulin sensitivity, autophagy, and reducing inflammation. There are various methods, such as 16:8 or 5:2.""}, {""role"": ""user"", ""text"": ""what about 16:8?""}, {""role"": ""assistant"", ""text"": ""The 16:8 method involves fasting for 16 hours and eating within an 8-hour window. For example, you could skip breakfast and only eat between noon and 8 pm.""}, {""role"": ""user"", ""text"": ""that sounds doable... and what are its benefits?""}, {""role"": ""assistant"", ""text"": ""Benefits include weight loss, improved blood sugar control, increased human growth hormone production, and enhanced mental clarity.""}, {""role"": ""user"", ""text"": ""wait a sec, I need to take a call""}, {""role"": ""assistant"", ""text"": ""Take your time, I'll be here when you're ready.""}, {""role"": ""user"", ""text"": ""back, so what were we saying?""}, {""role"": ""assistant"", ""text"": ""We were discussing the benefits of intermittent fasting, specifically the 16:8 method.""}, {""role"": ""user"", ""text"": ""right, and how does it compare to traditional diets?""}, {""role"": ""assistant"", ""text"": ""Unlike traditional diets, intermittent fasting focuses on when you eat rather than what you eat. It can be more sustainable and flexible for some people.""}, {""role"": ""user"", ""text"": ""I've tried traditional diets before, and they never seemed to stick... does it help with cravings?""}, {""role"": ""assistant"", ""text"": ""Many people find that intermittent fasting helps reduce cravings and improve their relationship with food. However, it's essential to listen to your body and adjust your approach as needed.""}, {""role"": ""user"", ""text"": ""that's great to know... what about hydration? do I need to drink more water?""}, {""role"": ""assistant"", ""text"": ""Yes, it's crucial to stay hydrated during intermittent fasting. Drinking plenty of water can help reduce side effects like headaches and fatigue.""}, {""role"": ""user"", ""text"": ""okay, got it. so can I still exercise while doing it?""}, {""role"": ""assistant"", ""text"": ""Yes, you can still exercise while doing intermittent fasting. In fact, many people find that it helps improve their workout performance and recovery. Just be sure to listen to your body and adjust your routine accordingly.""}]","[""I've been hearing a lot about intermittent fasting, what is it exactly?"", ""How does it work?"", ""what about 16:8?"", ""that sounds doable... and what are its benefits?"", ""wait a sec, I need to take a call"", ""back, so what were we saying?"", ""right, and how does it compare to traditional diets?"", ""I've tried traditional diets before, and they never seemed to stick... does it help with cravings?"", ""that's great to know... what about hydration? do I need to drink more water?"", ""okay, got it. so can I still exercise while doing it?""]","[""I've been hearing a lot about intermittent fasting, what is intermittent fasting exactly?"", ""How does intermittent fasting work?"", ""what about the 16:8 method of intermittent fasting?"", ""that sounds doable... and what are the benefits of the 16:8 method of intermittent fasting?"", ""wait a sec, I need to take a call"", ""back, so what were we saying?"", ""right, and how does intermittent fasting compare to traditional diets?"", ""I've tried traditional diets before, and they never seemed to stick... does intermittent fasting help with cravings?"", ""that's great to know... what about hydration during intermittent fasting? do I need to drink more water?"", ""okay, got it. so can I still exercise while doing intermittent fasting?""]","[[], [], [], [], [], [], [], [], [], []]","[false, false, false, false, false, false, false, false, false, false]",2026-04-10T20:53:20.555441
conv_0129_health_mental_health,Health,Mental Health,anxiety,"[{""role"": ""user"", ""text"": ""what's anxiety?""}, {""role"": ""assistant"", ""text"": ""Anxiety is a common mental health condition characterized by feelings of worry, nervousness, and fear that are persistent and overwhelming.""}, {""role"": ""user"", ""text"": ""it affects people so differently, right?""}, {""role"": ""assistant"", ""text"": ""Yes, it can manifest in various ways, from mild to severe, and impact daily life, relationships, and overall well-being.""}, {""role"": ""user"", ""text"": ""what are some symptoms?""}, {""role"": ""assistant"", ""text"": ""Symptoms include rapid heartbeat, sweating, trembling, and difficulty concentrating, as well as feelings of panic, restlessness, and irritability.""}, {""role"": ""user"", ""text"": ""give me an example of a situation that might trigger it""}, {""role"": ""assistant"", ""text"": ""A person with anxiety might feel overwhelmed in a crowded space, like a shopping mall, or during a job interview, leading to feelings of panic and self-doubt.""}, {""role"": ""user"", ""text"": ""wait a sec, brb""}, {""role"": ""assistant"", ""text"": ""Take your time.""}, {""role"": ""user"", ""text"": ""back, so what were we saying?""}, {""role"": ""assistant"", ""text"": ""We were discussing anxiety triggers. You asked for an example, and I mentioned crowded spaces or high-pressure situations.""}, {""role"": ""user"", ""text"": ""right, and how does it affect relationships?""}, {""role"": ""assistant"", ""text"": ""Anxiety can strain relationships with family and friends, as individuals may become withdrawn, irritable, or overly dependent on others for reassurance.""}, {""role"": ""user"", ""text"": ""that's interesting... and what about treatment options?""}, {""role"": ""assistant"", ""text"": ""Treatment options include therapy, such as cognitive-behavioral therapy (CBT), and medication, like antidepressants or benzodiazepines, which can help manage symptoms.""}, {""role"": ""user"", ""text"": ""is it similar to depression?""}, {""role"": ""assistant"", ""text"": ""While anxiety and depression can co-occur, they are distinct conditions. Depression is often characterized by persistent feelings of sadness, hopelessness, and loss of interest, whereas anxiety is marked by excessive fear and worry.""}, {""role"": ""user"", ""text"": ""okay, got it... what about coping mechanisms?""}, {""role"": ""assistant"", ""text"": ""Healthy coping mechanisms include exercise, mindfulness, and relaxation techniques, such as deep breathing, meditation, or yoga, which can help reduce anxiety symptoms.""}]","[""what's anxiety?"", ""it affects people so differently, right?"", ""what are some symptoms?"", ""give me an example of a situation that might trigger it"", ""wait a sec, brb"", ""back, so what were we saying?"", ""right, and how does it affect relationships?"", ""that's interesting... and what about treatment options?"", ""is it similar to depression?"", ""okay, got it... what about coping mechanisms?""]","[""what is anxiety?"", ""it affects people so differently, right?"", ""what are some symptoms of anxiety?"", ""give me an example of a situation that might trigger anxiety"", ""wait a sec, brb"", ""back, so what were we saying?"", ""right, and how does anxiety affect relationships?"", ""that's interesting... and what about treatment options for anxiety?"", ""is anxiety similar to depression?"", ""okay, got it... what about coping mechanisms for anxiety?""]","[[], [], [], [], [], [], [], [], [], []]","[false, false, true, true, false, false, true, true, false, true]",2026-04-10T20:53:26.970835
conv_0130_health_fitness,Health,Fitness,yoga,"[{""role"": ""user"", ""text"": ""what's the deal with yoga? is it really good for fitness?""}, {""role"": ""assistant"", ""text"": ""Yes, yoga is excellent for fitness. It combines physical postures, breathing techniques, and meditation to improve flexibility, balance, and strength.""}, {""role"": ""user"", ""text"": ""I've heard it's great for stress relief too. how does that work?""}, {""role"": ""assistant"", ""text"": ""Yoga helps reduce stress by promoting relaxation, reducing cortisol levels, and improving mood through the release of endorphins.""}, {""role"": ""user"", ""text"": ""that sounds amazing. what about the different types of yoga? I've heard of hatha, vinyasa...""}, {""role"": ""assistant"", ""text"": ""There are several styles, including Hatha, Vinyasa, Ashtanga, and Yin yoga. Each style has its own unique focus and pace.""}, {""role"": ""user"", ""text"": ""I think I'll try vinyasa. do they all involve meditation?""}, {""role"": ""assistant"", ""text"": ""While meditation is a component of yoga, not all styles emphasize it equally. Vinyasa and Ashtanga tend to focus more on physical movement, while Hatha and Yin yoga often include more meditation and relaxation.""}, {""role"": ""user"", ""text"": ""wait, can I ask you something else real quick? brb""}, {""role"": ""assistant"", ""text"": ""Sure, take your time.""}, {""role"": ""user"", ""text"": ""back, so what were we saying? oh yeah, vinyasa. how often should I practice it?""}, {""role"": ""assistant"", ""text"": ""It's recommended to practice yoga 2-3 times a week, ideally with a day of rest in between. For Vinyasa, you can start with 1-2 times a week and gradually increase frequency.""}, {""role"": ""user"", ""text"": ""that makes sense. what about the benefits for athletes? I've heard it can improve performance.""}, {""role"": ""assistant"", ""text"": ""Yoga can indeed enhance athletic performance by improving flexibility, balance, and focus. Many athletes incorporate yoga into their training regimens to gain a competitive edge.""}, {""role"": ""user"", ""text"": ""compare yoga with pilates. which one is better for core strength?""}, {""role"": ""assistant"", ""text"": ""Both yoga and Pilates are excellent for core strength, but they differ in approach. Pilates tends to focus more on core engagement and isolated movements, while yoga often engages the core through flowing movements and holds.""}, {""role"": ""user"", ""text"": ""okay, I think I'll try both. what's a good resource for learning yoga at home?""}, {""role"": ""assistant"", ""text"": ""There are many online resources, including YouTube channels like Yoga With Adriene and Dylan Werner Yoga. You can also explore apps like Down Dog and Yoga Studio.""}, {""role"": ""user"", ""text"": ""those sound great. one more thing - can yoga help with weight loss?""}, {""role"": ""assistant"", ""text"": ""Yoga can support weight loss by increasing metabolism, improving digestion, and reducing stress. However, it's essential to combine yoga with a balanced diet and regular cardio exercise for sustainable weight loss.""}]","[""what's the deal with yoga? is it really good for fitness?"", ""I've heard it's great for stress relief too. how does that work?"", ""that sounds amazing. what about the different types of yoga? I've heard of hatha, vinyasa..."", ""I think I'll try vinyasa. do they all involve meditation?"", ""wait, can I ask you something else real quick? brb"", ""back, so what were we saying? oh yeah, vinyasa. how often should I practice it?"", ""that makes sense. what about the benefits for athletes? I've heard it can improve performance."", ""compare yoga with pilates. which one is better for core strength?"", ""okay, I think I'll try both. what's a good resource for learning yoga at home?"", ""those sound great. one more thing - can yoga help with weight loss?""]","[""what's the deal with yoga? is it really good for fitness?"", ""I've heard yoga is great for stress relief too. how does that work?"", ""that sounds amazing. what about the different types of yoga? I've heard of Hatha, Vinyasa..."", ""I think I'll try Vinyasa. do they all involve meditation?"", ""wait, can I ask you something else real quick? brb"", ""back, so what were we saying? oh yeah, Vinyasa. how often should I practice it?"", ""that makes sense. what about the benefits of yoga for athletes? I've heard it can improve performance."", ""compare yoga with Pilates. which one is better for core strength?"", ""okay, I think I'll try both. what's a good resource for learning yoga at home?"", ""those sound great. one more thing - can yoga help with weight loss?""]","[[], [], [""Hatha"", ""Vinyasa""], [""Vinyasa""], [], [""Vinyasa""], [], [""Pilates""], [], []]","[false, false, false, false, false, false, false, false, false, false]",2026-04-10T20:53:33.252611
conv_0132_history_world_wars,History,World Wars,World War II,"[{""role"": ""user"", ""text"": ""what was world war ii?""}, {""role"": ""assistant"", ""text"": ""World War II was a global conflict from 1939 to 1945, involving most nations, including all great powers.""}, {""role"": ""user"", ""text"": ""who were the main leaders then?""}, {""role"": ""assistant"", ""text"": ""Key leaders included Adolf Hitler of Germany, Winston Churchill of the UK, and Joseph Stalin of the USSR.""}, {""role"": ""user"", ""text"": ""what was hitler's role in it?""}, {""role"": ""assistant"", ""text"": ""Adolf Hitler was the dictator of Germany, initiating aggressive expansions that led to the war.""}, {""role"": ""user"", ""text"": ""and what about churchill?""}, {""role"": ""assistant"", ""text"": ""Winston Churchill served as Prime Minister of the UK, rallying British resistance and delivering iconic speeches.""}, {""role"": ""user"", ""text"": ""wait a sec, brb""}, {""role"": ""assistant"", ""text"": ""No rush, take your time.""}, {""role"": ""user"", ""text"": ""back, so what were we saying?""}, {""role"": ""assistant"", ""text"": ""We were discussing Winston Churchill; he was a pivotal figure in leading Britain through the war.""}, {""role"": ""user"", ""text"": ""right, his speeches were famous""}, {""role"": ""assistant"", ""text"": ""Yes, his speeches, like \""We shall fight on the beaches,\"" are still remembered for their oratory power.""}, {""role"": ""user"", ""text"": ""how long did it last?""}, {""role"": ""assistant"", ""text"": ""World War II lasted six years, from 1939 to 1945.""}, {""role"": ""user"", ""text"": ""that's a long time; what were the main causes?""}, {""role"": ""assistant"", ""text"": ""The causes included the rise of fascist and nationalist ideologies, appeasement policies, and territorial disputes.""}, {""role"": ""user"", ""text"": ""what about the war in the pacific?""}, {""role"": ""assistant"", ""text"": ""The Pacific Theater involved battles between the Allies, primarily the US, and Japan, marked by events like Pearl Harbor.""}]","[""what was world war ii?"", ""who were the main leaders then?"", ""what was hitler's role in it?"", ""and what about churchill?"", ""wait a sec, brb"", ""back, so what were we saying?"", ""right, his speeches were famous"", ""how long did it last?"", ""that's a long time; what were the main causes?"", ""what about the war in the pacific?""]","[""what was World War II?"", ""who were the main leaders during World War II?"", ""what was Adolf Hitler's role in World War II?"", ""and what about Winston Churchill?"", ""wait a sec, brb"", ""back, so what were we saying?"", ""right, Winston Churchill's speeches were famous"", ""how long did World War II last?"", ""that is a long time; what were the main causes of World War II?"", ""what about the war in the Pacific during World War II?""]","[[""World War II""], [], [""Adolf Hitler""], [""Winston Churchill""], [], [], [""Winston Churchill""], [""World War II""], [""World War II""], [""Pacific Theater"", ""World War II""]]","[false, false, false, false, false, false, true, false, true, true]",2026-04-10T20:53:44.947055
conv_0133_geography_countries,Geography,Countries,India,"[{""role"": ""user"", ""text"": ""where is india located?""}, {""role"": ""assistant"", ""text"": ""India is located in South Asia, bordered by Pakistan, China, Nepal, Bhutan, Bangladesh, and Myanmar.""}, {""role"": ""user"", ""text"": ""it's huge, what's its population?""}, {""role"": ""assistant"", ""text"": ""India has a population of over 1.38 billion people, making it the second-most populous country in the world.""}, {""role"": ""user"", ""text"": ""that many, wow... and what about its capital?""}, {""role"": ""assistant"", ""text"": ""The capital of India is New Delhi, which is a major cultural and economic hub.""}, {""role"": ""user"", ""text"": ""I've heard great things about new delhi... what's the climate like there?""}, {""role"": ""assistant"", ""text"": ""New Delhi has a humid subtropical climate, with extremely hot summers and mild winters.""}, {""role"": ""user"", ""text"": ""sounds intense... give me a minute to process""}, {""role"": ""assistant"", ""text"": ""Sure, take your time.""}, {""role"": ""user"", ""text"": ""back, so what were we saying? oh yeah, india's climate""}, {""role"": ""assistant"", ""text"": ""As I was saying, India's climate varies greatly across regions, from tropical in the south to temperate in the north.""}, {""role"": ""user"", ""text"": ""what about its famous landmarks?""}, {""role"": ""assistant"", ""text"": ""India is home to many iconic landmarks like the Taj Mahal, the Red Fort, and the Golden Temple.""}, {""role"": ""user"", ""text"": ""the taj mahal is so beautiful... is it in india?""}, {""role"": ""assistant"", ""text"": ""Yes, the Taj Mahal is located in Agra, India, and it's one of the Seven Wonders of the World.""}, {""role"": ""user"", ""text"": ""that's a great example... how does india compare to china in terms of geography?""}, {""role"": ""assistant"", ""text"": ""Both India and China are large countries in Asia, but they have distinct geographical features; India has a more diverse climate and a longer coastline.""}, {""role"": ""user"", ""text"": ""okay, now tell me about australia""}, {""role"": ""assistant"", ""text"": ""Australia is a country in Oceania, known for its unique wildlife, beaches, and the Outback; it's also a major player in the Asia-Pacific region.""}]","[""where is india located?"", ""it's huge, what's its population?"", ""that many, wow... and what about its capital?"", ""I've heard great things about new delhi... what's the climate like there?"", ""sounds intense... give me a minute to process"", ""back, so what were we saying? oh yeah, india's climate"", ""what about its famous landmarks?"", ""the taj mahal is so beautiful... is it in india?"", ""that's a great example... how does india compare to china in terms of geography?"", ""okay, now tell me about australia""]","[""where is India located?"", ""it's huge, what is India's population?"", ""that many, wow... and what about India's capital?"", ""I've heard great things about New Delhi... what's the climate like in New Delhi?"", ""sounds intense... give me a minute to process"", ""back, so what were we saying? oh yeah, India's climate"", ""what about India's famous landmarks?"", ""the Taj Mahal is so beautiful... is it in India?"", ""that's a great example... how does India compare to China in terms of geography?"", ""okay, now tell me about Australia""]","[[""India""], [""India""], [""India""], [""New Delhi"", ""India""], [], [""India""], [""India""], [""Taj Mahal"", ""India""], [""India"", ""China""], [""Australia""]]","[false, true, true, true, false, true, true, false, false, false]",2026-04-10T20:53:51.363376
conv_0134_geography_cities,Geography,Cities,Paris,"[{""role"": ""user"", ""text"": ""what's the capital of france?""}, {""role"": ""assistant"", ""text"": ""The capital of France is Paris, known as the City of Light.""}, {""role"": ""user"", ""text"": ""it's famous for what?""}, {""role"": ""assistant"", ""text"": ""Paris is famous for the Eiffel Tower, Louvre Museum, and romantic Seine River cruises.""}, {""role"": ""user"", ""text"": ""who built the eiffel tower?""}, {""role"": ""assistant"", ""text"": ""The Eiffel Tower was built by Gustave Eiffel for the 1889 World's Fair.""}, {""role"": ""user"", ""text"": ""that's impressive, what's its height?""}, {""role"": ""assistant"", ""text"": ""The Eiffel Tower stands at 324 meters (1,063 feet) tall.""}, {""role"": ""user"", ""text"": ""wait a sec, need to take a call""}, {""role"": ""assistant"", ""text"": ""Take your time!""}, {""role"": ""user"", ""text"": ""back, so what were we saying?""}, {""role"": ""assistant"", ""text"": ""We were discussing the Eiffel Tower's height.""}, {""role"": ""user"", ""text"": ""right, and what about other landmarks in Paris?""}, {""role"": ""assistant"", ""text"": ""Paris has many iconic landmarks like Notre-Dame Cathedral, Arc de Triomphe, and Champs-Élysées.""}, {""role"": ""user"", ""text"": ""how does it compare to rome?""}, {""role"": ""assistant"", ""text"": ""Both cities are rich in history and architecture, but Paris is more known for its modern and artistic vibe, while Rome has ancient ruins like the Colosseum.""}, {""role"": ""user"", ""text"": ""that's a good point, what's the population of Paris?""}, {""role"": ""assistant"", ""text"": ""The population of Paris is around 2.1 million people within the city limits.""}, {""role"": ""user"", ""text"": ""okay, and what about the suburbs?""}, {""role"": ""assistant"", ""text"": ""The Paris metropolitan area has a population of over 12 million people, making it one of Europe's largest urban agglomerations.""}]","[""what's the capital of france?"", ""it's famous for what?"", ""who built the eiffel tower?"", ""that's impressive, what's its height?"", ""wait a sec, need to take a call"", ""back, so what were we saying?"", ""right, and what about other landmarks in Paris?"", ""how does it compare to rome?"", ""that's a good point, what's the population of Paris?"", ""okay, and what about the suburbs?""]","[""what's the capital of France?"", ""What is Paris famous for?"", ""Who built the Eiffel Tower?"", ""That's impressive, what's the height of the Eiffel Tower?"", ""wait a sec, need to take a call"", ""back, so what were we saying?"", ""Right, and what about other landmarks in Paris?"", ""How does Paris compare to Rome?"", ""That's a good point, what's the population of Paris?"", ""Okay, and what about the suburbs of Paris?""]","[[""France""], [""Paris""], [""Eiffel Tower""], [""Eiffel Tower""], [], [], [""Paris""], [""Paris"", ""Rome""], [""Paris""], [""Paris""]]","[false, true, false, true, false, false, false, true, false, true]",2026-04-10T20:53:56.843523
conv_0136_politics_india,Politics,India,Narendra Modi,"[{""role"": ""user"", ""text"": ""Who is the current Prime Minister of India?""}, {""role"": ""assistant"", ""text"": ""The current Prime Minister of India is Narendra Modi.""}, {""role"": ""user"", ""text"": ""He has been in office for a while, right?""}, {""role"": ""assistant"", ""text"": ""Yes, Narendra Modi has been serving as Prime Minister since 2014.""}, {""role"": ""user"", ""text"": ""What are his key responsibilities as Prime Minister?""}, {""role"": ""assistant"", ""text"": ""As Prime Minister, he leads the Union Cabinet, sets national policy, and represents India globally.""}, {""role"": ""user"", ""text"": ""That sounds like a lot of work. Does he have any deputy?""}, {""role"": ""assistant"", ""text"": ""Yes, the Deputy Prime Minister of India is not a constitutional post, but currently, there isn't a formal deputy. However, Narendra Modi often delegates tasks to other senior ministers.""}, {""role"": ""user"", ""text"": ""Give me a minute, I need to check something.""}, {""role"": ""assistant"", ""text"": ""Sure, take your time.""}, {""role"": ""user"", ""text"": ""Back, so what were we saying about Narendra Modi's cabinet?""}, {""role"": ""assistant"", ""text"": ""We were discussing how he delegates tasks to other senior ministers in his cabinet.""}, {""role"": ""user"", ""text"": ""How does he handle opposition in parliament?""}, {""role"": ""assistant"", ""text"": ""Narendra Modi engages with opposition leaders through discussions and debates in parliament.""}, {""role"": ""user"", ""text"": ""What about his economic policies? Have they been successful?""}, {""role"": ""assistant"", ""text"": ""Narendra Modi's economic policies, such as demonetization and the Goods and Services Tax (GST), have had mixed results.""}, {""role"": ""user"", ""text"": ""That's interesting. Has he faced any criticism for those policies?""}, {""role"": ""assistant"", ""text"": ""Yes, Narendra Modi has faced criticism from various quarters for the impact of those policies on the economy and common people.""}, {""role"": ""user"", ""text"": ""Okay, now tell me about the President of India. How does that role compare?""}, {""role"": ""assistant"", ""text"": ""The President of India serves as the ceremonial head of state, with duties including appointing the Prime Minister and promulgating ordinances. While the President has significant constitutional powers, Narendra Modi, as Prime Minister, holds the executive power.""}]","[""Who is the current Prime Minister of India?"", ""He has been in office for a while, right?"", ""What are his key responsibilities as Prime Minister?"", ""That sounds like a lot of work. Does he have any deputy?"", ""Give me a minute, I need to check something."", ""Back, so what were we saying about Narendra Modi's cabinet?"", ""How does he handle opposition in parliament?"", ""What about his economic policies? Have they been successful?"", ""That's interesting. Has he faced any criticism for those policies?"", ""Okay, now tell me about the President of India. How does that role compare?""]","[""Who is the current Prime Minister of India?"", ""Narendra Modi has been in office for a while, right?"", ""What are Narendra Modi's key responsibilities as Prime Minister of India?"", ""That sounds like a lot of work. Does Narendra Modi have any deputy?"", ""Give me a minute, I need to check something."", ""Back, so what were we saying about Narendra Modi's cabinet?"", ""How does Narendra Modi handle opposition in parliament?"", ""What about Narendra Modi's economic policies? Have they been successful?"", ""That's interesting. Has Narendra Modi faced any criticism for those policies?"", ""Okay, now tell me about the President of India. How does that role compare to the Prime Minister?""]","[[""India""], [""Narendra Modi""], [""Narendra Modi"", ""India""], [""Narendra Modi""], [], [""Narendra Modi""], [""Narendra Modi""], [""Narendra Modi""], [""Narendra Modi""], [""India""]]","[false, true, true, true, false, false, true, true, true, true]",2026-04-10T20:54:10.693825
conv_0142_politics_usa,Politics,USA,Donald Trump,"[{""role"": ""user"", ""text"": ""Who is Donald Trump?""}, {""role"": ""assistant"", ""text"": ""Donald Trump is the 45th President of the United States, serving from 2017 to 2021.""}, {""role"": ""user"", ""text"": ""What did he do before becoming president?""}, {""role"": ""assistant"", ""text"": ""Before his presidency, he was a businessman and reality TV star, building his brand with various ventures.""}, {""role"": ""user"", ""text"": ""His policies were quite controversial, weren't they?""}, {""role"": ""assistant"", ""text"": ""Yes, his presidency was marked by polarizing policies, particularly on immigration and trade.""}, {""role"": ""user"", ""text"": ""Give me a minute, I need to check something.""}, {""role"": ""assistant"", ""text"": ""Sure, take your time.""}, {""role"": ""user"", ""text"": ""Back, so what were we saying about Trump?""}, {""role"": ""assistant"", ""text"": ""We were discussing his controversial policies, such as the travel ban and tariffs on imported goods.""}, {""role"": ""user"", ""text"": ""What about his relationship with Congress?""}, {""role"": ""assistant"", ""text"": ""His relations with Congress were strained, especially with Democrats, leading to several government shutdowns.""}, {""role"": ""user"", ""text"": ""Compare him with his successor, Joe Biden.""}, {""role"": ""assistant"", ""text"": ""While Trump focused on America First, Biden has emphasized unity and international cooperation, taking a more diplomatic approach.""}, {""role"": ""user"", ""text"": ""That approach seems to be paying off, hasn't it?""}, {""role"": ""assistant"", ""text"": ""His approval ratings have been relatively stable, and he's made efforts to address climate change and healthcare.""}, {""role"": ""user"", ""text"": ""Okay, now tell me about the current state of US politics.""}, {""role"": ""assistant"", ""text"": ""Currently, the US political landscape is quite divided, with ongoing debates on issues like voting rights and economic recovery.""}, {""role"": ""user"", ""text"": ""Wait, what about Trump's impact on the Republican Party?""}, {""role"": ""assistant"", ""text"": ""Trump still holds significant influence within the party, with many Republicans continuing to support his agenda.""}]","[""Who is Donald Trump?"", ""What did he do before becoming president?"", ""His policies were quite controversial, weren't they?"", ""Give me a minute, I need to check something."", ""Back, so what were we saying about Trump?"", ""What about his relationship with Congress?"", ""Compare him with his successor, Joe Biden."", ""That approach seems to be paying off, hasn't it?"", ""Okay, now tell me about the current state of US politics."", ""Wait, what about Trump's impact on the Republican Party?""]","[""Who is Donald Trump?"", ""What did Donald Trump do before becoming president?"", ""Were Donald Trump's policies quite controversial?"", ""Give me a minute, I need to check something."", ""Back, so what were we saying about Donald Trump?"", ""What about Donald Trump's relationship with Congress?"", ""Compare Donald Trump with his successor, Joe Biden."", ""That approach of Joe Biden seems to be paying off, hasn't it?"", ""Okay, now tell me about the current state of US politics."", ""Wait, what about Donald Trump's impact on the Republican Party?""]","[[""Donald Trump""], [""Donald Trump""], [""Donald Trump""], [], [""Donald Trump""], [""Donald Trump"", ""Congress""], [""Donald Trump"", ""Joe Biden""], [""Joe Biden""], [], [""Donald Trump"", ""Republican Party""]]","[false, false, false, false, false, false, false, false, false, false]",2026-04-10T20:54:50.819228
conv_0146_sports_cricket,Sports,Cricket,Rohit Sharma,"[{""role"": ""user"", ""text"": ""Who is the current captain of the Indian cricket team in ODI and T20?""}, {""role"": ""assistant"", ""text"": ""Rohit Sharma is the current captain of the Indian cricket team in both ODI and T20 formats.""}, {""role"": ""user"", ""text"": ""What are his major achievements as a batsman?""}, {""role"": ""assistant"", ""text"": ""Rohit Sharma is known for his exceptional batting skills, with multiple centuries and records in international cricket, including the highest individual score in ODIs.""}, {""role"": ""user"", ""text"": ""That's impressive. How does he perform under pressure?""}, {""role"": ""assistant"", ""text"": ""He has a reputation for handling pressure well, often scoring crucial runs for India in high-stakes matches.""}, {""role"": ""user"", ""text"": ""Can you compare his style with Virat Kohli's?""}, {""role"": ""assistant"", ""text"": ""While both are outstanding batsmen, Rohit Sharma is known for his aggressive yet elegant batting style, whereas Virat Kohli is recognized for his consistency and technical proficiency.""}, {""role"": ""user"", ""text"": ""Give me a minute, I need to check something.""}, {""role"": ""assistant"", ""text"": ""Sure, take your time.""}, {""role"": ""user"", ""text"": ""Back, so what were we saying about Rohit Sharma?""}, {""role"": ""assistant"", ""text"": ""We were discussing his batting style and achievements. You had asked about his performance under pressure and comparison with Virat Kohli.""}, {""role"": ""user"", ""text"": ""Right, and what about his fielding skills?""}, {""role"": ""assistant"", ""text"": ""Rohit Sharma is not particularly known for his fielding, but he does contribute with his occasional catches and sharp throws.""}, {""role"": ""user"", ""text"": ""Okay, now tell me about the Indian cricket team's chances in the upcoming World Cup.""}, {""role"": ""assistant"", ""text"": ""With Rohit Sharma leading the team and a strong squad, India is considered one of the favorites to win the tournament.""}, {""role"": ""user"", ""text"": ""That's great. What role do you think Rohit Sharma will play in the team's success?""}, {""role"": ""assistant"", ""text"": ""As captain and a senior batsman, Rohit Sharma's form and leadership will be crucial to India's chances of winning the World Cup.""}, {""role"": ""user"", ""text"": ""Can you tell me more about his early life and cricket beginnings?""}, {""role"": ""assistant"", ""text"": ""Rohit Sharma grew up in Mumbai, started playing cricket at a young age, and worked his way up through the Mumbai and India Under-19 teams.""}]","[""Who is the current captain of the Indian cricket team in ODI and T20?"", ""What are his major achievements as a batsman?"", ""That's impressive. How does he perform under pressure?"", ""Can you compare his style with Virat Kohli's?"", ""Give me a minute, I need to check something."", ""Back, so what were we saying about Rohit Sharma?"", ""Right, and what about his fielding skills?"", ""Okay, now tell me about the Indian cricket team's chances in the upcoming World Cup."", ""That's great. What role do you think Rohit Sharma will play in the team's success?"", ""Can you tell me more about his early life and cricket beginnings?""]","[""Who is the current captain of the Indian cricket team in ODI and T20?"", ""What are Rohit Sharma's major achievements as a batsman?"", ""That's impressive. How does Rohit Sharma perform under pressure?"", ""Can you compare Rohit Sharma's style with Virat Kohli's?"", ""Give me a minute, I need to check something."", ""Back, so what were we saying about Rohit Sharma?"", ""Right, and what about Rohit Sharma's fielding skills?"", ""Okay, now tell me about the Indian cricket team's chances in the upcoming World Cup."", ""That's great. What role do you think Rohit Sharma will play in the Indian cricket team's success?"", ""Can you tell me more about Rohit Sharma's early life and cricket beginnings?""]","[[""Indian cricket team""], [""Rohit Sharma""], [""Rohit Sharma""], [""Rohit Sharma"", ""Virat Kohli""], [], [""Rohit Sharma""], [""Rohit Sharma""], [""Indian cricket team""], [""Rohit Sharma"", ""Indian cricket team""], [""Rohit Sharma""]]","[false, true, true, true, false, false, true, false, true, true]",2026-04-10T20:55:17.621188
conv_0148_sports_football,Sports,Football,Cristiano Ronaldo,"[{""role"": ""user"", ""text"": ""who's the best soccer player in the world?""}, {""role"": ""assistant"", ""text"": ""Many consider Cristiano Ronaldo to be one of the best, with numerous awards and accolades.""}, {""role"": ""user"", ""text"": ""what makes him so great?""}, {""role"": ""assistant"", ""text"": ""He's known for his exceptional skill, speed, and goal-scoring ability, with over 750 goals in his career.""}, {""role"": ""user"", ""text"": ""that's insane, how many champions league titles does he have?""}, {""role"": ""assistant"", ""text"": ""Cristiano Ronaldo has won five Champions League titles, four with Real Madrid and one with Manchester United.""}, {""role"": ""user"", ""text"": ""wait a sec, I need to take a call""}, {""role"": ""assistant"", ""text"": ""Take your time.""}, {""role"": ""user"", ""text"": ""back, so what were we saying about Ronaldo?""}, {""role"": ""assistant"", ""text"": ""We were discussing his Champions League titles. He also holds the record for most goals scored in the competition.""}, {""role"": ""user"", ""text"": ""yeah, and what about Lionel Messi? Compare both of them.""}, {""role"": ""assistant"", ""text"": ""Both Ronaldo and Messi are exceptional players, with similar stats and numerous awards; however, their playing styles differ, with Messi known for his dribbling and Ronaldo for his power and precision.""}, {""role"": ""user"", ""text"": ""okay, now tell me about football in England""}, {""role"": ""assistant"", ""text"": ""The Premier League is one of the most popular and competitive leagues globally, with top teams like Manchester City, Liverpool, and Chelsea.""}, {""role"": ""user"", ""text"": ""that sounds great, do you think Cristiano Ronaldo would fit in well there?""}, {""role"": ""assistant"", ""text"": ""He already has experience playing in England with Manchester United, and I think he'd still be a top player in the Premier League.""}, {""role"": ""user"", ""text"": ""what about his recent move to Saudi Arabia?""}, {""role"": ""assistant"", ""text"": ""Cristiano Ronaldo recently joined Al Nassr FC in the Saudi Pro League, a move that's generated significant interest and attention globally.""}, {""role"": ""user"", ""text"": ""give me a minute, I need to check something""}, {""role"": ""assistant"", ""text"": ""Take your time.""}]","[""who's the best soccer player in the world?"", ""what makes him so great?"", ""that's insane, how many champions league titles does he have?"", ""wait a sec, I need to take a call"", ""back, so what were we saying about Ronaldo?"", ""yeah, and what about Lionel Messi? Compare both of them."", ""okay, now tell me about football in England"", ""that sounds great, do you think Cristiano Ronaldo would fit in well there?"", ""what about his recent move to Saudi Arabia?"", ""give me a minute, I need to check something""]","[""who's the best soccer player in the world?"", ""what makes Cristiano Ronaldo so great?"", ""that's insane, how many Champions League titles does Cristiano Ronaldo have?"", ""wait a sec, I need to take a call"", ""back, so what were we saying about Cristiano Ronaldo?"", ""yeah, and what about Lionel Messi? Compare Cristiano Ronaldo and Lionel Messi."", ""okay, now tell me about football in England"", ""that sounds great, do you think Cristiano Ronaldo would fit in well in the Premier League?"", ""what about Cristiano Ronaldo's recent move to Saudi Arabia?"", ""give me a minute, I need to check something""]","[[], [""Cristiano Ronaldo""], [""Cristiano Ronaldo""], [], [""Cristiano Ronaldo""], [""Cristiano Ronaldo"", ""Lionel Messi""], [""England""], [""Cristiano Ronaldo""], [""Cristiano Ronaldo"", ""Saudi Arabia""], []]","[false, true, true, false, true, true, false, true, true, false]",2026-04-10T20:55:31.337721
conv_0149_sports_tennis,Sports,Tennis,Novak Djokovic,"[{""role"": ""user"", ""text"": ""Who is the current world number one in tennis?""}, {""role"": ""assistant"", ""text"": ""Novak Djokovic is currently the world number one in tennis.""}, {""role"": ""user"", ""text"": ""He's had an incredible career, what are his major achievements?""}, {""role"": ""assistant"", ""text"": ""Novak Djokovic has won a record 22 Grand Slam singles titles, including multiple Australian Open, French Open, Wimbledon, and US Open titles.""}, {""role"": ""user"", ""text"": ""That's impressive. How does he compare to other top players like Rafael Nadal?""}, {""role"": ""assistant"", ""text"": ""While Rafael Nadal is also a highly successful player, Novak Djokovic has a slight edge in their head-to-head matches, and has held the number one ranking for a record amount of time.""}, {""role"": ""user"", ""text"": ""What about his playing style? Is it similar to Nadal's?""}, {""role"": ""assistant"", ""text"": ""Novak Djokovic is known for his exceptional defensive skills and ability to adapt to different surfaces, whereas Rafael Nadal is famous for his aggressive, dominant playing style.""}, {""role"": ""user"", ""text"": ""Give me a minute, I need to check something... (pause) Back, so what were we saying?""}, {""role"": ""assistant"", ""text"": ""We were discussing Novak Djokovic's playing style and how it compares to Rafael Nadal's.""}, {""role"": ""user"", ""text"": ""Right, and what about his recent performances? Has he been struggling with injuries?""}, {""role"": ""assistant"", ""text"": ""Novak Djokovic has had some injury issues in the past, but he's been relatively healthy in recent years, and has continued to perform at a high level.""}, {""role"": ""user"", ""text"": ""That's good to know. What's his next tournament?""}, {""role"": ""assistant"", ""text"": ""His next tournament is the Monte-Carlo Masters, a prestigious clay-court event in Monaco.""}, {""role"": ""user"", ""text"": ""Okay, and how do you think he'll do there? Will he win it?""}, {""role"": ""assistant"", ""text"": ""Novak Djokovic has a strong record in Monte-Carlo, but it's a tough draw and he'll face stiff competition from other top players.""}, {""role"": ""user"", ""text"": ""Compare both of him and Nadal in terms of their clay court skills.""}, {""role"": ""assistant"", ""text"": ""Both players have exceptional clay-court skills, but Novak Djokovic has a slight edge on clay, with a better win-loss record at the French Open.""}, {""role"": ""user"", ""text"": ""That's interesting. What about other surfaces? How does he perform on grass and hard courts?""}, {""role"": ""assistant"", ""text"": ""Novak Djokovic has had success on all surfaces, with multiple titles on grass at Wimbledon and on hard courts at the Australian Open and US Open.""}]","[""Who is the current world number one in tennis?"", ""He's had an incredible career, what are his major achievements?"", ""That's impressive. How does he compare to other top players like Rafael Nadal?"", ""What about his playing style? Is it similar to Nadal's?"", ""Give me a minute, I need to check something... (pause) Back, so what were we saying?"", ""Right, and what about his recent performances? Has he been struggling with injuries?"", ""That's good to know. What's his next tournament?"", ""Okay, and how do you think he'll do there? Will he win it?"", ""Compare both of him and Nadal in terms of their clay court skills."", ""That's interesting. What about other surfaces? How does he perform on grass and hard courts?""]","[""Who is the current world number one in tennis?"", ""What are the major achievements of Novak Djokovic?"", ""How does Novak Djokovic compare to Rafael Nadal?"", ""Is the playing style of Novak Djokovic similar to Rafael Nadal's?"", ""Give me a minute, I need to check something... (pause) Back, so what were we saying?"", ""What about the recent performances of Novak Djokovic? Has he been struggling with injuries?"", ""What is the next tournament of Novak Djokovic?"", ""How will Novak Djokovic do at his next tournament? Will he win it?"", ""Compare Novak Djokovic and Rafael Nadal in terms of their clay court skills."", ""What about the performance of Novak Djokovic on other surfaces? How does he perform on grass and hard courts?""]","[[], [""Novak Djokovic""], [""Novak Djokovic"", ""Rafael Nadal""], [""Novak Djokovic"", ""Rafael Nadal""], [], [""Novak Djokovic""], [""Novak Djokovic""], [""Novak Djokovic""], [""Novak Djokovic"", ""Rafael Nadal""], [""Novak Djokovic""]]","[false, true, true, true, false, true, true, true, true, true]",2026-04-10T20:55:38.271504
conv_0150_sports_tennis,Sports,Tennis,Rafael Nadal,"[{""role"": ""user"", ""text"": ""Who is the king of clay in tennis?""}, {""role"": ""assistant"", ""text"": ""Rafael Nadal is often referred to as the king of clay due to his dominance on clay courts.""}, {""role"": ""user"", ""text"": ""What's his record on clay?""}, {""role"": ""assistant"", ""text"": ""He has an impressive record of 92-10 on clay courts, with a record 13 French Open titles.""}, {""role"": ""user"", ""text"": ""That's insane. How does he compare to Federer on clay?""}, {""role"": ""assistant"", ""text"": ""While Federer is a great player overall, Nadal has a clear edge on clay, with 19-11 head-to-head wins.""}, {""role"": ""user"", ""text"": ""Yeah, I know. Give me a minute, I need to take a call.""}, {""role"": ""assistant"", ""text"": ""Take your time!""}, {""role"": ""user"", ""text"": ""Back, so what were we saying? Oh yeah, Nadal. What's his serve like?""}, {""role"": ""assistant"", ""text"": ""Nadal's serve is not as strong as some other top players, but he makes up for it with his exceptional athleticism and return game.""}, {""role"": ""user"", ""text"": ""That's true. What about his recent form?""}, {""role"": ""assistant"", ""text"": ""Recently, he's been struggling with injuries, but still manages to perform well, like his 2022 French Open win.""}, {""role"": ""user"", ""text"": ""That was impressive. Can he still dominate on other surfaces?""}, {""role"": ""assistant"", ""text"": ""While he's best known for clay, Nadal has had success on other surfaces, including 2 US Open titles and 2 Wimbledon titles.""}, {""role"": ""user"", ""text"": ""That's right. Has he ever mentioned his favorite tournament?""}, {""role"": ""assistant"", ""text"": ""He often mentions that the French Open is his favorite tournament, given his history and success there.""}, {""role"": ""user"", ""text"": ""Makes sense. Compare both him and Djokovic in terms of Grand Slams.""}, {""role"": ""assistant"", ""text"": ""Both Nadal and Djokovic have a similar number of Grand Slam titles, with Nadal having 22 and Djokovic having 22 as well; their careers have been incredibly parallel.""}, {""role"": ""user"", ""text"": ""What's the next big tournament for him?""}, {""role"": ""assistant"", ""text"": ""The upcoming Monte-Carlo Masters will be an important event for him, given his strong history there.""}]","[""Who is the king of clay in tennis?"", ""What's his record on clay?"", ""That's insane. How does he compare to Federer on clay?"", ""Yeah, I know. Give me a minute, I need to take a call."", ""Back, so what were we saying? Oh yeah, Nadal. What's his serve like?"", ""That's true. What about his recent form?"", ""That was impressive. Can he still dominate on other surfaces?"", ""That's right. Has he ever mentioned his favorite tournament?"", ""Compare both him and Djokovic in terms of Grand Slams."", ""What's the next big tournament for him?""]","[""Who is the king of clay in tennis?"", ""What is Rafael Nadal's record on clay?"", ""That's insane. How does Rafael Nadal compare to Roger Federer on clay?"", ""Yeah, I know. Give me a minute, I need to take a call."", ""Back, so what were we saying? Oh yeah, Rafael Nadal. What is his serve like?"", ""That's true. What about Rafael Nadal's recent form?"", ""That was impressive. Can Rafael Nadal still dominate on other surfaces?"", ""That's right. Has Rafael Nadal ever mentioned his favorite tournament?"", ""Compare Rafael Nadal and Novak Djokovic in terms of Grand Slams."", ""What is the next big tournament for Rafael Nadal?""]","[[], [""Rafael Nadal""], [""Rafael Nadal"", ""Roger Federer""], [], [""Rafael Nadal""], [""Rafael Nadal""], [""Rafael Nadal""], [""Rafael Nadal""], [""Rafael Nadal"", ""Novak Djokovic""], [""Rafael Nadal""]]","[false, true, true, false, true, true, true, true, true, true]",2026-04-10T20:55:44.759317
conv_0151_sports_olympics,Sports,Olympics,Neeraj Chopra,"[{""role"": ""user"", ""text"": ""Who is Neeraj Chopra?""}, {""role"": ""assistant"", ""text"": ""Neeraj Chopra is an Indian track and field athlete who specializes in javelin throw.""}, {""role"": ""user"", ""text"": ""What's his achievement in Olympics?""}, {""role"": ""assistant"", ""text"": ""He won the gold medal in the javelin throw event at the 2020 Tokyo Olympics.""}, {""role"": ""user"", ""text"": ""That was historic! What was his throw distance?""}, {""role"": ""assistant"", ""text"": ""His winning throw was 87.58 meters.""}, {""role"": ""user"", ""text"": ""That's impressive! How did he start his athletic career?""}, {""role"": ""assistant"", ""text"": ""Neeraj Chopra started training in javelin throw at a young age and was supported by his coach, Dave Jacobs.""}, {""role"": ""user"", ""text"": ""Jacobs is American, right?""}, {""role"": ""assistant"", ""text"": ""Yes, Dave Jacobs is an American coach who has played a significant role in Neeraj's success.""}, {""role"": ""user"", ""text"": ""brb, gotta take a call""}, {""role"": ""assistant"", ""text"": ""Take your time!""}, {""role"": ""user"", ""text"": ""back, so what were we saying?""}, {""role"": ""assistant"", ""text"": ""We were discussing Neeraj Chopra's career and his coach, Dave Jacobs.""}, {""role"": ""user"", ""text"": ""Right! What about other Indian athletes in javelin throw?""}, {""role"": ""assistant"", ""text"": ""While Neeraj Chopra is a standout, India has had other athletes participate in javelin throw, but none have achieved the same level of international success as him.""}, {""role"": ""user"", ""text"": ""How does he train for competitions?""}, {""role"": ""assistant"", ""text"": ""Neeraj Chopra's training involves a combination of strength conditioning, technique practice, and mental preparation to maintain his performance at the top level.""}, {""role"": ""user"", ""text"": ""That makes sense. What about the next Olympics?""}, {""role"": ""assistant"", ""text"": ""Neeraj Chopra will likely be a strong contender again in the javelin throw event at the next Olympics, given his current form and experience.""}]","[""Who is Neeraj Chopra?"", ""What's his achievement in Olympics?"", ""That was historic! What was his throw distance?"", ""That's impressive! How did he start his athletic career?"", ""Jacobs is American, right?"", ""brb, gotta take a call"", ""back, so what were we saying?"", ""Right! What about other Indian athletes in javelin throw?"", ""How does he train for competitions?"", ""That makes sense. What about the next Olympics?""]","[""Who is Neeraj Chopra?"", ""What is Neeraj Chopra's achievement in Olympics?"", ""That was historic! What was Neeraj Chopra's throw distance?"", ""That's impressive! How did Neeraj Chopra start his athletic career?"", ""Jacobs is American, right?"", ""brb, gotta take a call"", ""back, so what were we saying?"", ""Right! What about other Indian athletes in javelin throw?"", ""How does Neeraj Chopra train for competitions?"", ""That makes sense. What about Neeraj Chopra in the next Olympics?""]","[[""Neeraj Chopra""], [""Neeraj Chopra"", ""Olympics""], [""Neeraj Chopra""], [""Neeraj Chopra""], [""Dave Jacobs""], [], [], [""India""], [""Neeraj Chopra""], [""Neeraj Chopra"", ""Olympics""]]","[false, true, true, true, false, false, false, false, true, true]",2026-04-10T20:55:51.110088
conv_0152_technology_ai,Technology,AI,OpenAI,"[{""role"": ""user"", ""text"": ""what's the latest on OpenAI?""}, {""role"": ""assistant"", ""text"": ""OpenAI recently released GPT-4, their most advanced language model.""}, {""role"": ""user"", ""text"": ""what makes it so special?""}, {""role"": ""assistant"", ""text"": ""GPT-4 has improved performance on complex tasks, like coding and reasoning.""}, {""role"": ""user"", ""text"": ""I've heard it's really good at coding, can it beat GitHub Copilot?""}, {""role"": ""assistant"", ""text"": ""GPT-4 can generate code snippets, but a direct comparison to Copilot is tricky; both have strengths.""}, {""role"": ""user"", ""text"": ""okay, what about its applications in education?""}, {""role"": ""assistant"", ""text"": ""OpenAI is exploring ways to use GPT-4 for personalized learning tools and adaptive assessments.""}, {""role"": ""user"", ""text"": ""brb, gotta take a call""}, {""role"": ""assistant"", ""text"": ""Take your time, I'll be here when you're ready.""}, {""role"": ""user"", ""text"": ""back, so what were we saying?""}, {""role"": ""assistant"", ""text"": ""We were discussing GPT-4's potential in education and its adaptive learning capabilities.""}, {""role"": ""user"", ""text"": ""that's really cool, can OpenAI's models be used for language translation?""}, {""role"": ""assistant"", ""text"": ""Yes, OpenAI's models, including GPT-4, can be fine-tuned for language translation tasks.""}, {""role"": ""user"", ""text"": ""how does it compare to Google Translate?""}, {""role"": ""assistant"", ""text"": ""While both are useful, GPT-4's approach focuses on contextual understanding, yielding more accurate translations.""}, {""role"": ""user"", ""text"": ""what about other AI companies, like Meta?""}, {""role"": ""assistant"", ""text"": ""Meta AI is also making significant strides, particularly with their LLaMA models; they're a strong competitor to OpenAI.""}, {""role"": ""user"", ""text"": ""compare both of them, OpenAI and Meta AI.""}, {""role"": ""assistant"", ""text"": ""OpenAI focuses on general-purpose AI, like GPT-4, while Meta AI emphasizes applications like LLaMA for conversational AI.""}]","[""what's the latest on OpenAI?"", ""what makes it so special?"", ""I've heard it's really good at coding, can it beat GitHub Copilot?"", ""okay, what about its applications in education?"", ""brb, gotta take a call"", ""back, so what were we saying?"", ""that's really cool, can OpenAI's models be used for language translation?"", ""how does it compare to Google Translate?"", ""what about other AI companies, like Meta?"", ""compare both of them, OpenAI and Meta AI.""]","[""what's the latest on OpenAI?"", ""what makes OpenAI's GPT-4 so special?"", ""I've heard OpenAI's GPT-4 is really good at coding, can it beat GitHub Copilot?"", ""okay, what about OpenAI's GPT-4 applications in education?"", ""brb, gotta take a call"", ""back, so what were we saying?"", ""that's really cool, can OpenAI's models be used for language translation?"", ""how does OpenAI's GPT-4 compare to Google Translate?"", ""what about other AI companies, like Meta AI?"", ""compare OpenAI and Meta AI.""]","[[""OpenAI""], [""OpenAI"", ""GPT-4""], [""OpenAI"", ""GPT-4"", ""GitHub Copilot""], [""OpenAI"", ""GPT-4""], [], [], [""OpenAI""], [""OpenAI"", ""GPT-4"", ""Google Translate""], [""Meta AI""], [""OpenAI"", ""Meta AI""]]","[false, true, true, true, false, false, false, true, true, false]",2026-04-10T20:55:57.216761
conv_0154_technology_ai,Technology,AI,Google DeepMind,"[{""role"": ""user"", ""text"": ""what is google deepmind?""}, {""role"": ""assistant"", ""text"": ""Google DeepMind is a British artificial intelligence research laboratory acquired by Alphabet Inc., known for developing AI technologies like AlphaGo and AlphaFold.""}, {""role"": ""user"", ""text"": ""they've made some impressive advancements, right?""}, {""role"": ""assistant"", ""text"": ""Yes, they have, particularly in areas like reinforcement learning, natural language processing, and computer vision.""}, {""role"": ""user"", ""text"": ""what about their AlphaGo program?""}, {""role"": ""assistant"", ""text"": ""AlphaGo, developed by DeepMind, was the first AI to defeat a human world champion in Go, beating Lee Sedol in 2016.""}, {""role"": ""user"", ""text"": ""that's amazing... and what about their recent projects?""}, {""role"": ""assistant"", ""text"": ""Recently, DeepMind has focused on applying AI in healthcare, such as predicting eye diseases and developing more efficient data centers.""}, {""role"": ""user"", ""text"": ""wait a sec, I need to check something""}, {""role"": ""assistant"", ""text"": ""Sure, take your time.""}, {""role"": ""user"", ""text"": ""back, so what were we saying about deepmind?""}, {""role"": ""assistant"", ""text"": ""We were discussing their recent projects, including applications in healthcare and energy efficiency.""}, {""role"": ""user"", ""text"": ""compare their approach to, say, facebook's ai research""}, {""role"": ""assistant"", ""text"": ""While both focus on AI, DeepMind's approach is more geared towards solving complex problems like disease prediction and energy efficiency, whereas Facebook's AI research, now under Meta, focuses more on social media applications and user experience.""}, {""role"": ""user"", ""text"": ""that makes sense... do they collaborate with other institutions?""}, {""role"": ""assistant"", ""text"": ""Yes, DeepMind collaborates with various universities and research institutions to advance AI research and its applications.""}, {""role"": ""user"", ""text"": ""I'd love to know more about their partnerships""}, {""role"": ""assistant"", ""text"": ""DeepMind has partnerships with institutions like the University of Cambridge and University College London, among others.""}, {""role"": ""user"", ""text"": ""okay now tell me about robotics""}, {""role"": ""assistant"", ""text"": ""While DeepMind's primary focus is on AI software, their robotics projects, like robotic arm control, show potential for integrating AI into physical systems.""}]","[""what is google deepmind?"", ""they've made some impressive advancements, right?"", ""what about their AlphaGo program?"", ""that's amazing... and what about their recent projects?"", ""wait a sec, I need to check something"", ""back, so what were we saying about deepmind?"", ""compare their approach to, say, facebook's ai research"", ""that makes sense... do they collaborate with other institutions?"", ""I'd love to know more about their partnerships"", ""okay now tell me about robotics""]","[""what is Google DeepMind?"", ""Google DeepMind has made some impressive advancements, right?"", ""what about the AlphaGo program of Google DeepMind?"", ""that is amazing and what are the recent projects of Google DeepMind?"", ""wait a sec, I need to check something"", ""I am back, so what were we saying about Google DeepMind?"", ""compare the approach of Google DeepMind to the approach of Meta's AI research"", ""that makes sense and do Google DeepMind collaborate with other institutions?"", ""I would love to know more about the partnerships of Google DeepMind"", ""okay now tell me about robotics""]","[[""Google DeepMind""], [""Google DeepMind""], [""AlphaGo"", ""Google DeepMind""], [""Google DeepMind""], [], [""Google DeepMind""], [""Google DeepMind"", ""Meta""], [""Google DeepMind""], [""Google DeepMind""], []]","[false, true, true, true, false, true, true, true, true, false]",2026-04-10T20:56:09.766735
conv_0161_entertainment_hollywood,Entertainment,Hollywood,Marvel Studios,"[{""role"": ""user"", ""text"": ""what's the latest on marvel studios?""}, {""role"": ""assistant"", ""text"": ""Marvel Studios has been quite busy, recently releasing several successful films, including Spider-Man: No Way Home and Doctor Strange in the Multiverse of Madness.""}, {""role"": ""user"", ""text"": ""they've really been killing it, what's their next project?""}, {""role"": ""assistant"", ""text"": ""Their next project is expected to be Guardians of the Galaxy Vol. 3, scheduled for release later this year.""}, {""role"": ""user"", ""text"": ""and what about the rumors on the new Fantastic Four movie?""}, {""role"": ""assistant"", ""text"": ""Marvel has confirmed a new Fantastic Four film, currently in development, but details are scarce.""}, {""role"": ""user"", ""text"": ""do they have a new director lined up?""}, {""role"": ""assistant"", ""text"": ""Yes, they have reportedly hired a new director, but an official announcement hasn't been made yet.""}, {""role"": ""user"", ""text"": ""wait a sec, need to take a call""}, {""role"": ""assistant"", ""text"": ""Take your time!""}, {""role"": ""user"", ""text"": ""back, so what were we saying?""}, {""role"": ""assistant"", ""text"": ""We were discussing Marvel's upcoming projects, specifically the new Fantastic Four film.""}, {""role"": ""user"", ""text"": ""right, and what about the X-Men movies?""}, {""role"": ""assistant"", ""text"": ""Marvel is also working on reintroducing the X-Men into the MCU, likely in the near future, but no official release dates have been announced.""}, {""role"": ""user"", ""text"": ""compare the X-Men and Fantastic Four, which one do you think will do better?""}, {""role"": ""assistant"", ""text"": ""Both franchises have their own strengths, but the X-Men have a more established fan base, which might give them an edge.""}, {""role"": ""user"", ""text"": ""that's interesting, what about other hollywood studios, are they keeping up?""}, {""role"": ""assistant"", ""text"": ""Other studios are trying to keep up, with DC Films and Star Wars productions also churning out content, but Marvel's Cinematic Universe has set a high bar.""}, {""role"": ""user"", ""text"": ""okay now tell me about Star Wars, what's new?""}, {""role"": ""assistant"", ""text"": ""Lucasfilm is working on several new Star Wars projects, including a new trilogy and several TV shows, such as The Mandalorian and Obi-Wan Kenobi.""}]","[""what's the latest on marvel studios?"", ""they've really been killing it, what's their next project?"", ""and what about the rumors on the new Fantastic Four movie?"", ""do they have a new director lined up?"", ""wait a sec, need to take a call"", ""back, so what were we saying?"", ""right, and what about the X-Men movies?"", ""compare the X-Men and Fantastic Four, which one do you think will do better?"", ""that's interesting, what about other hollywood studios, are they keeping up?"", ""okay now tell me about Star Wars, what's new?""]","[""what's the latest on Marvel Studios?"", ""Marvel Studios has really been killing it, what's their next project?"", ""and what about the rumors on the new Fantastic Four movie?"", ""does Marvel have a new director lined up for the Fantastic Four movie?"", ""wait a sec, need to take a call"", ""back, so what were we saying?"", ""right, and what about the X-Men movies?"", ""compare the X-Men and Fantastic Four, which one do you think will do better?"", ""that's interesting, what about other Hollywood studios, are they keeping up?"", ""okay now tell me about Star Wars, what's new?""]","[[""Marvel Studios""], [""Marvel Studios""], [""Fantastic Four""], [""Marvel"", ""Fantastic Four""], [], [], [""X-Men""], [""X-Men"", ""Fantastic Four""], [""Hollywood""], [""Star Wars""]]","[false, true, false, true, false, false, false, false, false, false]",2026-04-10T20:56:57.834800
conv_0163_health_mental_health,Health,Mental Health,anxiety,"[{""role"": ""user"", ""text"": ""what's anxiety?""}, {""role"": ""assistant"", ""text"": ""Anxiety is a common mental health disorder characterized by feelings of worry, nervousness, and fear that are persistent and overwhelming.""}, {""role"": ""user"", ""text"": ""it affects people so differently, right?""}, {""role"": ""assistant"", ""text"": ""Yes, it can manifest in various ways, from mild to severe, and impact daily life, relationships, and overall well-being.""}, {""role"": ""user"", ""text"": ""what are some symptoms?""}, {""role"": ""assistant"", ""text"": ""Symptoms include rapid heartbeat, sweating, trembling, and difficulty concentrating, among others.""}, {""role"": ""user"", ""text"": ""and what about treatment options?""}, {""role"": ""assistant"", ""text"": ""Treatment typically involves a combination of therapy, such as cognitive-behavioral therapy, and medication, like antidepressants or anti-anxiety medications.""}, {""role"": ""user"", ""text"": ""give me a minute, I need to take a call""}, {""role"": ""assistant"", ""text"": ""Take your time.""}, {""role"": ""user"", ""text"": ""back, so what were we saying?""}, {""role"": ""assistant"", ""text"": ""We were discussing treatment options for anxiety.""}, {""role"": ""user"", ""text"": ""right, therapy. how does that work?""}, {""role"": ""assistant"", ""text"": ""Therapy helps individuals identify and change negative thought patterns, develop coping skills, and learn relaxation techniques to manage anxiety.""}, {""role"": ""user"", ""text"": ""that makes sense. what about lifestyle changes?""}, {""role"": ""assistant"", ""text"": ""Lifestyle changes, such as regular exercise, healthy eating, and sufficient sleep, can also help alleviate anxiety symptoms.""}, {""role"": ""user"", ""text"": ""okay, and how does it compare to depression?""}, {""role"": ""assistant"", ""text"": ""While anxiety and depression are distinct mental health conditions, they often co-occur, and some symptoms can overlap, such as changes in mood and sleep patterns.""}, {""role"": ""user"", ""text"": ""that's interesting. what about anxiety in children?""}, {""role"": ""assistant"", ""text"": ""Anxiety in children can manifest differently, often through behavioral issues, such as tantrums or avoidance, and requires specialized treatment approaches.""}]","[""what's anxiety?"", ""it affects people so differently, right?"", ""what are some symptoms?"", ""and what about treatment options?"", ""give me a minute, I need to take a call"", ""back, so what were we saying?"", ""right, therapy. how does that work?"", ""that makes sense. what about lifestyle changes?"", ""okay, and how does it compare to depression?"", ""that's interesting. what about anxiety in children?""]","[""what is anxiety?"", ""it affects people so differently"", ""what are some symptoms of anxiety?"", ""and what are the treatment options for anxiety?"", ""give me a minute, I need to take a call"", ""back, so what were we saying"", ""right, therapy for anxiety, how does that work?"", ""that makes sense, what about lifestyle changes for anxiety?"", ""okay, and how does anxiety compare to depression?"", ""that's interesting, what about anxiety in children?""]","[[], [], [], [], [], [], [], [], [], []]","[false, false, true, true, false, false, true, true, false, false]",2026-04-10T20:57:10.658397
conv_0164_health_fitness,Health,Fitness,yoga,"[{""role"": ""user"", ""text"": ""what's the best way to improve flexibility?""}, {""role"": ""assistant"", ""text"": ""One of the best ways to improve flexibility is through yoga, which combines stretching and breathing exercises.""}, {""role"": ""user"", ""text"": ""I've heard it's really good for stress relief too, what about anxiety?""}, {""role"": ""assistant"", ""text"": ""Yes, yoga has been shown to reduce anxiety and stress levels by promoting relaxation and calming the mind.""}, {""role"": ""user"", ""text"": ""that sounds great, I've been feeling really anxious lately; do they offer classes for beginners?""}, {""role"": ""assistant"", ""text"": ""Absolutely, most yoga studios offer beginner classes, workshops, or online sessions specifically designed for those new to yoga.""}, {""role"": ""user"", ""text"": ""okay, I think I'll try that; are there different types of yoga I should know about?""}, {""role"": ""assistant"", ""text"": ""There are several styles, including Hatha, Vinyasa, and Restorative yoga, each with its own focus and pace.""}, {""role"": ""user"", ""text"": ""wait a sec, I need to take a call; brb""}, {""role"": ""assistant"", ""text"": ""Take your time, I'll be here when you're ready.""}, {""role"": ""user"", ""text"": ""back, so what were we saying about yoga styles?""}, {""role"": ""assistant"", ""text"": ""We were discussing the different types, such as Hatha, Vinyasa, and Restorative yoga; Hatha is often considered a good starting point.""}, {""role"": ""user"", ""text"": ""what's the main difference between Hatha and Vinyasa?""}, {""role"": ""assistant"", ""text"": ""Hatha yoga tends to focus on static poses and breathing techniques, while Vinyasa yoga involves flowing through poses in synchronization with breath.""}, {""role"": ""user"", ""text"": ""that makes sense; I've also heard of hot yoga, what's the deal with that?""}, {""role"": ""assistant"", ""text"": ""Hot yoga, or Bikram yoga, is practiced in a heated room to promote sweating and detoxification, but it can be intense for beginners.""}, {""role"": ""user"", ""text"": ""okay, I think I'll start with a regular studio then; how often should I practice yoga to see benefits?""}, {""role"": ""assistant"", ""text"": ""Even practicing yoga 2-3 times a week can be beneficial for flexibility, stress relief, and overall well-being.""}, {""role"": ""user"", ""text"": ""that's doable; what about meditation, is that something I should try too?""}, {""role"": ""assistant"", ""text"": ""Meditation can complement yoga nicely, and many yoga classes incorporate meditation or mindfulness exercises; it's worth exploring if you're interested in mental wellness.""}]","[""what's the best way to improve flexibility?"", ""I've heard it's really good for stress relief too, what about anxiety?"", ""that sounds great, I've been feeling really anxious lately; do they offer classes for beginners?"", ""okay, I think I'll try that; are there different types of yoga I should know about?"", ""wait a sec, I need to take a call; brb"", ""back, so what were we saying about yoga styles?"", ""what's the main difference between Hatha and Vinyasa?"", ""that makes sense; I've also heard of hot yoga, what's the deal with that?"", ""okay, I think I'll start with a regular studio then; how often should I practice yoga to see benefits?"", ""that's doable; what about meditation, is that something I should try too?""]","[""what's the best way to improve flexibility?"", ""I've heard yoga is really good for stress relief too, what about anxiety?"", ""that sounds great, I've been feeling really anxious lately; do yoga studios offer classes for beginners?"", ""okay, I think I'll try that; are there different types of yoga I should know about?"", ""wait a sec, I need to take a call; brb"", ""I'm back, so what were we saying about yoga styles?"", ""what's the main difference between Hatha and Vinyasa yoga?"", ""that makes sense; I've also heard of hot yoga, what's the deal with hot yoga?"", ""okay, I think I'll start with a regular studio then; how often should I practice yoga to see benefits?"", ""that's doable; what about meditation, is that something I should try too?""]","[[], [], [], [], [], [], [], [], [], []]","[false, true, true, false, false, true, true, false, false, false]",2026-04-10T20:57:17.156350
conv_0167_geography_countries,Geography,Countries,India,"[{""role"": ""user"", ""text"": ""where is india located?""}, {""role"": ""assistant"", ""text"": ""India is located in South Asia, bordered by Pakistan, China, Nepal, Bhutan, Bangladesh, and Myanmar.""}, {""role"": ""user"", ""text"": ""it's huge, what's its population?""}, {""role"": ""assistant"", ""text"": ""India has a population of over 1.38 billion people, making it the second-most populous country in the world.""}, {""role"": ""user"", ""text"": ""that's massive, what's the capital city?""}, {""role"": ""assistant"", ""text"": ""The capital city of India is New Delhi, which serves as the country's political and administrative center.""}, {""role"": ""user"", ""text"": ""I've heard it's very diverse, what are its major languages?""}, {""role"": ""assistant"", ""text"": ""India has 22 official languages, with Hindi being the most widely spoken, followed by Bengali, Telugu, and Marathi.""}, {""role"": ""user"", ""text"": ""wait a sec, need to take a call""}, {""role"": ""assistant"", ""text"": ""Take your time!""}, {""role"": ""user"", ""text"": ""back, so what were we saying?""}, {""role"": ""assistant"", ""text"": ""We were discussing the languages of India. If you'd like, I can continue with that.""}, {""role"": ""user"", ""text"": ""yeah please, what about other countries in south asia?""}, {""role"": ""assistant"", ""text"": ""Other countries in South Asia include Pakistan, Sri Lanka, Bangladesh, Nepal, Bhutan, and the Maldives. They all share cultural and geographical ties with India.""}, {""role"": ""user"", ""text"": ""compare india and china""}, {""role"": ""assistant"", ""text"": ""India and China are both Asian giants, with large populations and diverse cultures. However, they differ in government, economy, and geography. China has a larger land area, while India has a longer coastline.""}, {""role"": ""user"", ""text"": ""that's interesting, what about the coastline of india?""}, {""role"": ""assistant"", ""text"": ""India's coastline stretches over 7,500 kilometers, with the Arabian Sea to the west and the Bay of Bengal to the east.""}, {""role"": ""user"", ""text"": ""beautiful, are there any mountains in india?""}, {""role"": ""assistant"", ""text"": ""Yes, India has several mountain ranges, including the Himalayas, which are home to many of the world's highest peaks, including Mount Everest.""}]","[""where is india located?"", ""it's huge, what's its population?"", ""that's massive, what's the capital city?"", ""I've heard it's very diverse, what are its major languages?"", ""wait a sec, need to take a call"", ""back, so what were we saying?"", ""yeah please, what about other countries in south asia?"", ""compare india and china"", ""that's interesting, what about the coastline of india?"", ""beautiful, are there any mountains in india?""]","[""where is India located?"", ""it is huge, what is the population of India?"", ""that is massive, what is the capital city of India?"", ""I have heard that India is very diverse, what are its major languages?"", ""wait a sec, need to take a call"", ""back, so what were we saying?"", ""yes please, what about other countries in South Asia?"", ""compare India and China"", ""that is interesting, what about the coastline of India?"", ""that is beautiful, are there any mountains in India?""]","[[""India""], [""India""], [""India""], [""India""], [], [], [""South Asia""], [""India"", ""China""], [""India""], [""India""]]","[false, true, true, true, false, false, true, false, true, true]",2026-04-10T20:57:35.517600
conv_0169_general_general,General,General,,"[{""role"": ""user"", ""text"": ""how's your day going?""}, {""role"": ""assistant"", ""text"": ""It's going well, thanks. Just got back from a morning walk.""}, {""role"": ""user"", ""text"": ""that sounds great, I love walking. Do they have good walking spots where you are?""}, {""role"": ""assistant"", ""text"": ""Yeah, there are some nice parks nearby. The weather's been perfect for it too.""}, {""role"": ""user"", ""text"": ""that's awesome. What about you, do you have any fun plans for the weekend?""}, {""role"": ""assistant"", ""text"": ""I'm thinking of trying out a new restaurant that just opened up. Want to join?""}, {""role"": ""user"", ""text"": ""Ha, that sounds tempting. I'm actually thinking of going out of town, though.""}, {""role"": ""assistant"", ""text"": ""Oh, where are you headed?""}, {""role"": ""user"", ""text"": ""Just a quick trip to visit some family. Give me a minute, I need to check the time.""}, {""role"": ""assistant"", ""text"": ""Take your time.""}, {""role"": ""user"", ""text"": ""Back, so what were we saying?""}, {""role"": ""assistant"", ""text"": ""We were discussing my weekend plans. You were saying you're visiting family?""}, {""role"": ""user"", ""text"": ""Right. Yeah, it's just a short drive. What do you think about road trips?""}, {""role"": ""assistant"", ""text"": ""I love them! The scenic routes are always so beautiful. By the way, have you traveled much recently?""}, {""role"": ""user"", ""text"": ""Actually, not too much. I've been pretty busy with work. They've been keeping me pretty occupied.""}, {""role"": ""assistant"", ""text"": ""I can relate. Work's been keeping me busy too. It's nice to have some downtime, though.""}, {""role"": ""user"", ""text"": ""Definitely. Okay, now tell me about your favorite hobbies. You mentioned walking...""}, {""role"": ""assistant"", ""text"": ""Yeah, I enjoy walking and reading. I find it really relaxing. How about you, what do you like to do in your free time?""}, {""role"": ""user"", ""text"": ""I like reading too. What's your favorite book you've read recently?""}, {""role"": ""assistant"", ""text"": ""I just finished reading a biography. It was really interesting. I'd recommend it.""}]","[""how's your day going?"", ""that sounds great, I love walking. Do they have good walking spots where you are?"", ""that's awesome. What about you, do you have any fun plans for the weekend?"", ""Ha, that sounds tempting. I'm actually thinking of going out of town, though."", ""Just a quick trip to visit some family. Give me a minute, I need to check the time."", ""Back, so what were we saying?"", ""Right. Yeah, it's just a short drive. What do you think about road trips?"", ""Actually, not too much. I've been pretty busy with work. They've been keeping me pretty occupied."", ""Definitely. Okay, now tell me about your favorite hobbies. You mentioned walking..."", ""I like reading too. What's your favorite book you've read recently?""]","[""how's your day going?"", ""that sounds great, I love walking. Do they have good walking spots where you are?"", ""that's awesome. What about you, do you have any fun plans for the weekend?"", ""Ha, that sounds tempting. I'm actually thinking of going out of town, though."", ""Just a quick trip to visit some family. Give me a minute, I need to check the time."", ""Back, so what were we saying?"", ""Right. Yeah, it's just a short drive. What do you think about road trips?"", ""Actually, not too much. I've been pretty busy with my work. They've been keeping me pretty occupied."", ""Definitely. Okay, now tell me about your favorite hobbies. You mentioned walking..."", ""I like reading too. What's your favorite book you've read recently?""]","[[], [], [], [], [], [], [], [], [], []]","[false, false, false, false, false, false, false, true, false, false]",2026-04-10T20:57:48.238624
conv_0170_politics_india,Politics,India,Narendra Modi,"[{""role"": ""user"", ""text"": ""Who is the current Prime Minister of India?""}, {""role"": ""assistant"", ""text"": ""The current Prime Minister of India is Narendra Modi.""}, {""role"": ""user"", ""text"": ""He has been in office for a while, right?""}, {""role"": ""assistant"", ""text"": ""Yes, Narendra Modi has been serving as Prime Minister since 2014.""}, {""role"": ""user"", ""text"": ""What are his major accomplishments?""}, {""role"": ""assistant"", ""text"": ""He has implemented several key policies, including the Goods and Services Tax (GST) and demonetization.""}, {""role"": ""user"", ""text"": ""That sounds significant. What about his economic policies?""}, {""role"": ""assistant"", ""text"": ""His economic policies focus on Make in India, Digital India, and Swachh Bharat Abhiyan.""}, {""role"": ""user"", ""text"": ""Give me a minute, I need to check something.""}, {""role"": ""assistant"", ""text"": ""Sure, take your time.""}, {""role"": ""user"", ""text"": ""Back, so what were we saying about Modi's policies?""}, {""role"": ""assistant"", ""text"": ""We were discussing his economic policies, including Make in India and Digital India.""}, {""role"": ""user"", ""text"": ""How do these policies compare to those of his predecessor, Manmohan Singh?""}, {""role"": ""assistant"", ""text"": ""While Manmohan Singh's government focused on liberalization and economic growth, Modi's government has emphasized digitalization and self-reliance.""}, {""role"": ""user"", ""text"": ""That's interesting. What about his role in international relations?""}, {""role"": ""assistant"", ""text"": ""As Prime Minister, Narendra Modi has played a significant role in strengthening India's global presence, particularly with his visits to the US, Japan, and other countries.""}, {""role"": ""user"", ""text"": ""I see. How does he handle diplomacy with neighboring countries?""}, {""role"": ""assistant"", ""text"": ""He has taken a strong stance on national security, particularly with Pakistan, while also engaging in diplomatic efforts with countries like Bangladesh and Nepal.""}, {""role"": ""user"", ""text"": ""Okay, now tell me about the BJP.""}, {""role"": ""assistant"", ""text"": ""The BJP, or Bharatiya Janata Party, is the political party led by Narendra Modi, and it has been a dominant force in Indian politics in recent years.""}]","[""Who is the current Prime Minister of India?"", ""He has been in office for a while, right?"", ""What are his major accomplishments?"", ""That sounds significant. What about his economic policies?"", ""Give me a minute, I need to check something."", ""Back, so what were we saying about Modi's policies?"", ""How do these policies compare to those of his predecessor, Manmohan Singh?"", ""That's interesting. What about his role in international relations?"", ""I see. How does he handle diplomacy with neighboring countries?"", ""Okay, now tell me about the BJP.""]","[""Who is the current Prime Minister of India?"", ""Narendra Modi has been in office for a while, right?"", ""What are the major accomplishments of Narendra Modi?"", ""That sounds significant. What about Narendra Modi's economic policies?"", ""Give me a minute, I need to check something."", ""Back, so what were we saying about Narendra Modi's policies?"", ""How do Narendra Modi's policies compare to those of his predecessor, Manmohan Singh?"", ""That's interesting. What about Narendra Modi's role in international relations?"", ""I see. How does Narendra Modi handle diplomacy with neighboring countries?"", ""Okay, now tell me about the BJP.""]","[[""India""], [""Narendra Modi""], [""Narendra Modi""], [""Narendra Modi""], [], [""Narendra Modi""], [""Narendra Modi"", ""Manmohan Singh""], [""Narendra Modi""], [""Narendra Modi""], [""BJP""]]","[false, true, true, true, false, true, true, true, true, false]",2026-04-10T20:57:54.808761
conv_0173_politics_uk,Politics,UK,Rishi Sunak,"[{""role"": ""user"", ""text"": ""Who is the current Prime Minister of the UK?""}, {""role"": ""assistant"", ""text"": ""The current Prime Minister of the UK is Rishi Sunak.""}, {""role"": ""user"", ""text"": ""What's his background?""}, {""role"": ""assistant"", ""text"": ""Rishi Sunak was born in Southampton to Indian parents, studied at Oxford, and worked in finance before entering politics.""}, {""role"": ""user"", ""text"": ""He was a banker, right?""}, {""role"": ""assistant"", ""text"": ""Yes, he worked at Goldman Sachs before becoming an MP and then Chancellor of the Exchequer under Boris Johnson.""}, {""role"": ""user"", ""text"": ""What about his rise to PM?""}, {""role"": ""assistant"", ""text"": ""He became Prime Minister in October 2022 after Liz Truss's resignation, being the youngest PM in over 200 years.""}, {""role"": ""user"", ""text"": ""That's impressive. What are his key policies?""}, {""role"": ""assistant"", ""text"": ""His priorities include growing the economy, cutting taxes, and addressing the cost of living crisis.""}, {""role"": ""user"", ""text"": ""Give me a minute, I need to check something... (pauses) Back, so what were we saying?""}, {""role"": ""assistant"", ""text"": ""We were discussing Rishi Sunak's policies, specifically his economic plans.""}, {""role"": ""user"", ""text"": ""Right, the economy. Compare his approach to Boris Johnson's.""}, {""role"": ""assistant"", ""text"": ""While Boris Johnson focused on 'Global Britain' and Brexit, Rishi Sunak emphasizes fiscal responsibility and economic growth through technology and investment.""}, {""role"": ""user"", ""text"": ""What about Keir Starmer, the opposition leader?""}, {""role"": ""assistant"", ""text"": ""Keir Starmer, as the Labour leader, critiques Sunak's economic policies, advocating for more public spending and workers' rights.""}, {""role"": ""user"", ""text"": ""Okay, now tell me about the Conservative party under Sunak.""}, {""role"": ""assistant"", ""text"": ""Under Rishi Sunak, the Conservative party aims to rebuild trust, focusing on competent governance and pragmatic policy-making.""}, {""role"": ""user"", ""text"": ""That's a good point. Are there any challenges he faces?""}, {""role"": ""assistant"", ""text"": ""Yes, he faces challenges like navigating the UK's post-Brexit relationship with the EU and addressing internal party divisions.""}]","[""Who is the current Prime Minister of the UK?"", ""What's his background?"", ""He was a banker, right?"", ""What about his rise to PM?"", ""That's impressive. What are his key policies?"", ""Give me a minute, I need to check something... (pauses) Back, so what were we saying?"", ""Right, the economy. Compare his approach to Boris Johnson's."", ""What about Keir Starmer, the opposition leader?"", ""Okay, now tell me about the Conservative party under Sunak."", ""That's a good point. Are there any challenges he faces?""]","[""Who is the current Prime Minister of the UK?"", ""What is Rishi Sunak's background?"", ""He was a banker, right?"", ""What about Rishi Sunak's rise to Prime Minister?"", ""That's impressive. What are Rishi Sunak's key policies?"", ""Give me a minute, I need to check something... (pauses) Back, so what were we saying?"", ""Right, the economy. Compare Rishi Sunak's approach to Boris Johnson's."", ""What about Keir Starmer, the opposition leader?"", ""Okay, now tell me about the Conservative party under Rishi Sunak."", ""That's a good point. Are there any challenges Rishi Sunak faces?""]","[[""UK""], [""Rishi Sunak""], [], [""Rishi Sunak""], [""Rishi Sunak""], [], [""Rishi Sunak"", ""Boris Johnson""], [""Keir Starmer""], [""Rishi Sunak""], [""Rishi Sunak""]]","[false, true, false, true, true, false, true, false, true, true]",2026-04-10T20:58:14.455747
conv_0176_politics_usa,Politics,USA,Donald Trump,"[{""role"": ""user"", ""text"": ""Who is Donald Trump?""}, {""role"": ""assistant"", ""text"": ""Donald Trump is the 45th President of the United States, serving from 2017 to 2021.""}, {""role"": ""user"", ""text"": ""What did he do before becoming president?""}, {""role"": ""assistant"", ""text"": ""Before his presidency, he was a businessman and a reality TV star, known for his real estate empire and hosting \""The Apprentice.\""""}, {""role"": ""user"", ""text"": ""He made some controversial statements, didn't he?""}, {""role"": ""assistant"", ""text"": ""Yes, Trump was known for his outspoken and often provocative remarks on various issues, which generated significant media attention.""}, {""role"": ""user"", ""text"": ""What about his policies? What were some of his key initiatives?""}, {""role"": ""assistant"", ""text"": ""Some of his notable policies include the Tax Cuts and Jobs Act, a significant overhaul of the US tax code, and his efforts to roll back or repeal the Affordable Care Act.""}, {""role"": ""user"", ""text"": ""Wait, give me a minute to check something... (pauses) Okay, back. So, what were we saying?""}, {""role"": ""assistant"", ""text"": ""We were discussing Donald Trump's policies. You asked about his key initiatives.""}, {""role"": ""user"", ""text"": ""Right. And how did his presidency impact the economy?""}, {""role"": ""assistant"", ""text"": ""During his presidency, the US economy experienced a period of growth, with low unemployment rates and rising stock markets, although opinions are divided on the extent to which his policies contributed to this growth.""}, {""role"": ""user"", ""text"": ""That's interesting. What about his relationships with other world leaders? Did he get along with, say, Vladimir Putin?""}, {""role"": ""assistant"", ""text"": ""Trump's relationship with Putin was seen as unusually cordial, with both leaders expressing mutual admiration, although their interactions were also marked by tensions and criticisms from other nations.""}, {""role"": ""user"", ""text"": ""Compare him to Joe Biden, another recent president. How do their leadership styles differ?""}, {""role"": ""assistant"", ""text"": ""Donald Trump and Joe Biden have distinct leadership styles; Trump was known for his direct and often divisive approach, while Biden has emphasized a more measured and bipartisan approach during his presidency.""}, {""role"": ""user"", ""text"": ""Okay, now tell me about the Republican party. How has it changed since Trump left office?""}, {""role"": ""assistant"", ""text"": ""The Republican party has continued to evolve since Trump's departure, with some factions maintaining strong support for his policies and others seeking to distance themselves from his more divisive rhetoric.""}, {""role"": ""user"", ""text"": ""That's a good point. Did Trump influence the party's shift to the right?""}, {""role"": ""assistant"", ""text"": ""Trump's presidency and continued influence have contributed to a shift within the Republican party towards more conservative and populist positions, although the party's overall trajectory was already trending in that direction.""}]","[""Who is Donald Trump?"", ""What did he do before becoming president?"", ""He made some controversial statements, didn't he?"", ""What about his policies? What were some of his key initiatives?"", ""Wait, give me a minute to check something... (pauses) Okay, back. So, what were we saying?"", ""Right. And how did his presidency impact the economy?"", ""That's interesting. What about his relationships with other world leaders? Did he get along with, say, Vladimir Putin?"", ""Compare him to Joe Biden, another recent president. How do their leadership styles differ?"", ""Okay, now tell me about the Republican party. How has it changed since Trump left office?"", ""That's a good point. Did Trump influence the party's shift to the right?""]","[""Who is Donald Trump?"", ""What did Donald Trump do before becoming president?"", ""Donald Trump made some controversial statements, didn't he?"", ""What were some key policies of Donald Trump? What were some of his key initiatives?"", ""Wait, give me a minute to check something... (pauses) Okay, back. So, what were we saying?"", ""Right. And how did Donald Trump's presidency impact the economy?"", ""That's interesting. What about Donald Trump's relationships with other world leaders? Did he get along with Vladimir Putin?"", ""Compare Donald Trump to Joe Biden, another recent president. How do their leadership styles differ?"", ""Okay, now tell me about the Republican party. How has it changed since Donald Trump left office?"", ""That's a good point. Did Donald Trump influence the Republican party's shift to the right?""]","[[""Donald Trump""], [""Donald Trump""], [""Donald Trump""], [""Donald Trump""], [], [""Donald Trump""], [""Donald Trump"", ""Vladimir Putin""], [""Donald Trump"", ""Joe Biden""], [""Republican party"", ""Donald Trump""], [""Donald Trump"", ""Republican party""]]","[false, false, true, true, false, true, true, true, true, true]",2026-04-10T20:58:32.142864
conv_0181_sports_football,Sports,Football,Lionel Messi,"[{""role"": ""user"", ""text"": ""who's the greatest soccer player of all time?""}, {""role"": ""assistant"", ""text"": ""Many consider Lionel Messi to be the greatest soccer player of all time, with numerous records and accolades to his name.""}, {""role"": ""user"", ""text"": ""what makes him so special?""}, {""role"": ""assistant"", ""text"": ""He has incredible dribbling skills, vision, and goal-scoring ability, which have earned him six Ballon d'Or awards.""}, {""role"": ""user"", ""text"": ""those are impressive stats; how does he compare to Cristiano Ronaldo?""}, {""role"": ""assistant"", ""text"": ""Both Messi and Ronaldo have had incredible careers, with Ronaldo also having five Ballon d'Or awards, but their styles and strengths differ.""}, {""role"": ""user"", ""text"": ""yeah, I've seen Messi play; he's amazing, but what about his team?""}, {""role"": ""assistant"", ""text"": ""Messi has played for Barcelona for most of his career, leading them to numerous championships, including four UEFA Champions League titles.""}, {""role"": ""user"", ""text"": ""brb, gotta take a call""}, {""role"": ""assistant"", ""text"": ""Take your time!""}, {""role"": ""user"", ""text"": ""back, so what were we saying?""}, {""role"": ""assistant"", ""text"": ""We were discussing Messi's achievements with Barcelona.""}, {""role"": ""user"", ""text"": ""right, and what about his international career?""}, {""role"": ""assistant"", ""text"": ""Messi has also had a successful international career with Argentina, winning the 2021 Copa America and being the country's all-time leading scorer.""}, {""role"": ""user"", ""text"": ""that's impressive; what's his current team now?""}, {""role"": ""assistant"", ""text"": ""He currently plays for Paris Saint-Germain, where he's continued to excel.""}, {""role"": ""user"", ""text"": ""okay, now tell me about another great footballer, Kylian Mbappé""}, {""role"": ""assistant"", ""text"": ""Mbappé is an exceptional young player, known for his speed and goal-scoring ability, and he's already achieved great success with Paris Saint-Germain and the French national team.""}, {""role"": ""user"", ""text"": ""compare both of them; who's better?""}, {""role"": ""assistant"", ""text"": ""While both are incredible players, Messi's experience and consistency give him an edge, but Mbappé's youth and athleticism make him a strong contender.""}]","[""who's the greatest soccer player of all time?"", ""what makes him so special?"", ""those are impressive stats; how does he compare to Cristiano Ronaldo?"", ""yeah, I've seen Messi play; he's amazing, but what about his team?"", ""brb, gotta take a call"", ""back, so what were we saying?"", ""right, and what about his international career?"", ""that's impressive; what's his current team now?"", ""okay, now tell me about another great footballer, Kylian Mbappé"", ""compare both of them; who's better?""]","[""who's the greatest soccer player of all time?"", ""what makes Lionel Messi so special?"", ""those are impressive stats; how does Lionel Messi compare to Cristiano Ronaldo?"", ""yeah, I've seen Lionel Messi play; he's amazing, but what about his team?"", ""brb, gotta take a call"", ""back, so what were we saying?"", ""right, and what about Lionel Messi's international career?"", ""that's impressive; what's Lionel Messi's current team now?"", ""okay, now tell me about another great footballer, Kylian Mbappé"", ""compare both Lionel Messi and Kylian Mbappé; who's better?""]","[[], [""Lionel Messi""], [""Lionel Messi"", ""Cristiano Ronaldo""], [""Lionel Messi""], [], [], [""Lionel Messi""], [""Lionel Messi""], [""Kylian Mbappé""], [""Lionel Messi"", ""Kylian Mbappé""]]","[false, true, true, false, false, false, true, true, false, true]",2026-04-10T20:59:02.542189
conv_0186_technology_ai,Technology,AI,OpenAI,"[{""role"": ""user"", ""text"": ""what's the latest on OpenAI?""}, {""role"": ""assistant"", ""text"": ""OpenAI recently released GPT-4, their most advanced language model, showing significant improvements in understanding and generating human-like text.""}, {""role"": ""user"", ""text"": ""that's impressive, what are its applications?""}, {""role"": ""assistant"", ""text"": ""GPT-4 can be used for a wide range of tasks, including chatbots, content generation, and even coding assistance, making it a versatile tool for developers and businesses.""}, {""role"": ""user"", ""text"": ""I've heard it's being used in chatbots, how does it compare to others?""}, {""role"": ""assistant"", ""text"": ""Compared to other AI models, GPT-4's strengths lie in its ability to understand context and generate more coherent responses, making it a leader in the chatbot space, alongside Google's BERT and Meta's LLaMA.""}, {""role"": ""user"", ""text"": ""okay, what about its limitations?""}, {""role"": ""assistant"", ""text"": ""One major limitation is its reliance on large amounts of data, which can lead to biased outputs if the training data isn't carefully curated; OpenAI is actively working to address these concerns.""}, {""role"": ""user"", ""text"": ""give me a minute, I need to check something...""}, {""role"": ""assistant"", ""text"": ""Take your time!""}, {""role"": ""user"", ""text"": ""back, so what were we saying?""}, {""role"": ""assistant"", ""text"": ""We were discussing the limitations of GPT-4, particularly its potential biases and the need for careful data curation.""}, {""role"": ""user"", ""text"": ""right, and how does OpenAI plan to mitigate those biases?""}, {""role"": ""assistant"", ""text"": ""OpenAI is implementing various strategies, such as data preprocessing techniques and human oversight, to minimize biases in GPT-4's outputs and ensure more accurate and fair results.""}, {""role"": ""user"", ""text"": ""that's reassuring, what about its competitors, like Google's AI?""}, {""role"": ""assistant"", ""text"": ""Google's AI, particularly BERT, has its own strengths, especially in search and question-answering tasks; however, OpenAI's focus on generative capabilities sets GPT-4 apart in terms of creative applications.""}, {""role"": ""user"", ""text"": ""I've heard rumors about OpenAI's next project, what's the scoop?""}, {""role"": ""assistant"", ""text"": ""While OpenAI hasn't officially announced their next project, there are speculations about a potential multimodal model that could integrate text, images, and even audio; this could further expand GPT-4's capabilities.""}, {""role"": ""user"", ""text"": ""wait, multimodal? that sounds like a game-changer...""}, {""role"": ""assistant"", ""text"": ""If successful, a multimodal model could revolutionize how we interact with AI, enabling more natural and intuitive interfaces; OpenAI's advancements in this area will likely have significant implications for the tech industry.""}]","[""what's the latest on OpenAI?"", ""that's impressive, what are its applications?"", ""I've heard it's being used in chatbots, how does it compare to others?"", ""okay, what about its limitations?"", ""give me a minute, I need to check something..."", ""back, so what were we saying?"", ""right, and how does OpenAI plan to mitigate those biases?"", ""that's reassuring, what about its competitors, like Google's AI?"", ""I've heard rumors about OpenAI's next project, what's the scoop?"", ""wait, multimodal? that sounds like a game-changer...""]","[""what's the latest on OpenAI?"", ""that's impressive, what are the applications of GPT-4?"", ""I've heard GPT-4 is being used in chatbots, how does it compare to other AI models?"", ""okay, what are the limitations of GPT-4?"", ""give me a minute, I need to check something..."", ""back, so what were we saying?"", ""right, and how does OpenAI plan to mitigate the biases of GPT-4?"", ""that's reassuring, what about the competitors of OpenAI, like Google's AI?"", ""I've heard rumors about OpenAI's next project, what's the information about it?"", ""wait, multimodal? that sounds like a game-changer...""]","[[""OpenAI""], [""GPT-4""], [""GPT-4""], [""GPT-4""], [], [], [""OpenAI"", ""GPT-4""], [""OpenAI"", ""Google""], [""OpenAI""], []]","[false, true, true, true, false, false, true, true, true, false]",2026-04-10T20:59:34.442456
conv_0189_technology_space,Technology,Space,ISRO,"[{""role"": ""user"", ""text"": ""what's the latest on ISRO's space missions?""}, {""role"": ""assistant"", ""text"": ""ISRO recently launched Chandrayaan-3, a lunar mission to study the moon's south pole.""}, {""role"": ""user"", ""text"": ""they've been doing some impressive work, haven't they?""}, {""role"": ""assistant"", ""text"": ""Yes, ISRO has made significant contributions to space exploration, including Mangalyaan, India's first Mars orbiter.""}, {""role"": ""user"", ""text"": ""what about their future plans?""}, {""role"": ""assistant"", ""text"": ""ISRO is currently working on Gaganyaan, a human spaceflight mission aimed at sending astronauts to low Earth orbit.""}, {""role"": ""user"", ""text"": ""that sounds ambitious... what's the expected timeline?""}, {""role"": ""assistant"", ""text"": ""The mission is slated for 2025, with ISRO conducting extensive testing and training.""}, {""role"": ""user"", ""text"": ""give me a minute, I need to check something...""}, {""role"": ""assistant"", ""text"": ""Sure, take your time.""}, {""role"": ""user"", ""text"": ""back, so what were we saying about ISRO?""}, {""role"": ""assistant"", ""text"": ""We were discussing their Gaganyaan mission and its expected timeline.""}, {""role"": ""user"", ""text"": ""right, and what about their collaboration with other space agencies?""}, {""role"": ""assistant"", ""text"": ""ISRO has partnered with several international agencies, including NASA, to advance space research and exploration.""}, {""role"": ""user"", ""text"": ""compare ISRO's approach to, say, China's space program...""}, {""role"": ""assistant"", ""text"": ""While both countries have made significant strides, ISRO's focus on cost-effective and sustainable solutions sets it apart.""}, {""role"": ""user"", ""text"": ""that's interesting... okay, now tell me about private space companies in India.""}, {""role"": ""assistant"", ""text"": ""Companies like SpaceX and Agnikul Cosmos are working on innovative solutions, but ISRO remains a driving force in India's space endeavors.""}, {""role"": ""user"", ""text"": ""wait, what about ISRO's role in satellite technology?""}, {""role"": ""assistant"", ""text"": ""ISRO has played a crucial role in developing and launching satellites for various applications, including communication, navigation, and Earth observation.""}]","[""what's the latest on ISRO's space missions?"", ""they've been doing some impressive work, haven't they?"", ""what about their future plans?"", ""that sounds ambitious... what's the expected timeline?"", ""give me a minute, I need to check something..."", ""back, so what were we saying about ISRO?"", ""right, and what about their collaboration with other space agencies?"", ""compare ISRO's approach to, say, China's space program..."", ""that's interesting... okay, now tell me about private space companies in India."", ""wait, what about ISRO's role in satellite technology?""]","[""what's the latest on ISRO's space missions?"", ""ISRO has been doing some impressive work, hasn't it?"", ""what about ISRO's future plans?"", ""that sounds ambitious... what's the expected timeline for Gaganyaan?"", ""give me a minute, I need to check something..."", ""I'm back, so what were we saying about ISRO?"", ""right, and what about ISRO's collaboration with other space agencies?"", ""compare ISRO's approach to China's space program"", ""that's interesting... okay, now tell me about private space companies in India"", ""wait, what about ISRO's role in satellite technology?""]","[[""ISRO""], [""ISRO""], [""ISRO""], [""Gaganyaan""], [], [""ISRO""], [""ISRO""], [""ISRO"", ""China""], [""India""], [""ISRO""]]","[false, true, true, true, false, true, true, true, false, false]",2026-04-10T20:59:52.952448
conv_0192_entertainment_bollywood,Entertainment,Bollywood,Shah Rukh Khan,"[{""role"": ""user"", ""text"": ""who is the king of bollywood?""}, {""role"": ""assistant"", ""text"": ""That title is often given to Shah Rukh Khan, the most successful actor in Indian cinema.""}, {""role"": ""user"", ""text"": ""what's his claim to fame?""}, {""role"": ""assistant"", ""text"": ""He's known for his versatility in films like \""Dilwale Dulhania Le Jayenge\"", \""Kuch Kuch Hota Hai\"", and \""Chak De India\"".""}, {""role"": ""user"", ""text"": ""those are great films... and what about his personal life?""}, {""role"": ""assistant"", ""text"": ""Shah Rukh Khan is married to Gauri Khan and they have three children together.""}, {""role"": ""user"", ""text"": ""do his kids do acting?""}, {""role"": ""assistant"", ""text"": ""His children, Aaradhya, Aryan, and Suhana, are occasionally involved in the film industry, but Suhana's been more active, recently debuting in \""The Archies\"".""}, {""role"": ""user"", ""text"": ""nice, i've heard of suhana... by the way, what's shah rukh khan's nickname?""}, {""role"": ""assistant"", ""text"": ""He's often called the \""King of Bollywood\"".""}, {""role"": ""user"", ""text"": ""okay, got it... brb, gotta take a call.""}, {""role"": ""assistant"", ""text"": ""Take your time!""}, {""role"": ""user"", ""text"": ""back, so what were we saying?""}, {""role"": ""assistant"", ""text"": ""We were discussing Shah Rukh Khan's family and his children's involvement in the film industry.""}, {""role"": ""user"", ""text"": ""right! compare shah rukh khan and salman khan... both are huge stars, right?""}, {""role"": ""assistant"", ""text"": ""Both are prominent actors, but their film choices and on-screen personas differ; Shah Rukh is known for romantic roles, while Salman often plays action-oriented characters.""}, {""role"": ""user"", ""text"": ""that's true... what about akshay kumar? how does he fit in?""}, {""role"": ""assistant"", ""text"": ""Akshay Kumar is known for his diverse film choices, often taking on action, comedy, and socially conscious roles, setting him apart from Shah Rukh and Salman.""}, {""role"": ""user"", ""text"": ""okay, got it... now tell me about the oscars?""}, {""role"": ""assistant"", ""text"": ""The Oscars are prestigious awards for excellence in Hollywood cinema; while Bollywood films haven't yet received major Oscars, they're increasingly gaining international recognition.""}]","[""who is the king of bollywood?"", ""what's his claim to fame?"", ""those are great films... and what about his personal life?"", ""do his kids do acting?"", ""nice, i've heard of suhana... by the way, what's shah rukh khan's nickname?"", ""okay, got it... brb, gotta take a call."", ""back, so what were we saying?"", ""right! compare shah rukh khan and salman khan... both are huge stars, right?"", ""that's true... what about akshay kumar? how does he fit in?"", ""okay, got it... now tell me about the oscars?""]","[""who is the king of bollywood?"", ""what is Shah Rukh Khan's claim to fame?"", ""those are great films... and what about Shah Rukh Khan's personal life?"", ""do Shah Rukh Khan's kids do acting?"", ""nice, i've heard of Suhana... by the way, what is Shah Rukh Khan's nickname?"", ""okay, got it... brb, gotta take a call."", ""back, so what were we saying?"", ""right! compare Shah Rukh Khan and Salman Khan... both are huge stars, right?"", ""that's true... what about Akshay Kumar? how does he fit in?"", ""okay, got it... now tell me about the oscars?""]","[[""Bollywood""], [""Shah Rukh Khan""], [""Shah Rukh Khan""], [""Shah Rukh Khan""], [""Suhana"", ""Shah Rukh Khan""], [], [], [""Shah Rukh Khan"", ""Salman Khan""], [""Akshay Kumar""], [""Oscars""]]","[false, true, true, true, true, false, false, true, true, false]",2026-04-10T21:00:07.646055
conv_0193_entertainment_bollywood,Entertainment,Bollywood,Aamir Khan,"[{""role"": ""user"", ""text"": ""Who is Aamir Khan and why is he famous?""}, {""role"": ""assistant"", ""text"": ""Aamir Khan is a renowned Indian actor, producer, and director known for his versatility and impactful performances in Bollywood films.""}, {""role"": ""user"", ""text"": ""What made him a household name?""}, {""role"": ""assistant"", ""text"": ""His breakthrough films like 'Yaadon Ki Baaraat' and 'Qayamat Se Qayamat Tak' catapulted him to fame in the late 80s and early 90s.""}, {""role"": ""user"", ""text"": ""He's known for his social messages too, right?""}, {""role"": ""assistant"", ""text"": ""Yes, Aamir Khan is recognized for addressing social issues through his films, such as 'Taare Zameen Par' and 'Rang De Basanti'.""}, {""role"": ""user"", ""text"": ""That's impressive. What's his production company called?""}, {""role"": ""assistant"", ""text"": ""It's called Aamir Khan Productions, which has produced several critically acclaimed films.""}, {""role"": ""user"", ""text"": ""Give me a minute, I need to check something.""}, {""role"": ""assistant"", ""text"": ""Sure, take your time.""}, {""role"": ""user"", ""text"": ""Back, so what were we saying about Aamir Khan?""}, {""role"": ""assistant"", ""text"": ""We were discussing his filmography and production company. You asked about his production company.""}, {""role"": ""user"", ""text"": ""Right! Does he only produce his own films?""}, {""role"": ""assistant"", ""text"": ""No, Aamir Khan Productions has produced films for other directors and actors as well, like 'Peepli Live' and 'Dhobi Ghat'.""}, {""role"": ""user"", ""text"": ""That's interesting. How does he choose his projects?""}, {""role"": ""assistant"", ""text"": ""Aamir Khan is known to be selective about his roles and chooses projects that resonate with him personally and have a strong narrative.""}, {""role"": ""user"", ""text"": ""Compare him with another popular Bollywood actor, like Shah Rukh Khan.""}, {""role"": ""assistant"", ""text"": ""While both are leading actors, Aamir Khan is often praised for his adaptability and range, whereas Shah Rukh Khan has a strong presence in romantic and comedy genres.""}, {""role"": ""user"", ""text"": ""Okay, now tell me about Aamir Khan's personal life.""}, {""role"": ""assistant"", ""text"": ""Aamir Khan has been married twice, first to Reena Dutta and then to Kiran Rao, and has four children.""}]","[""Who is Aamir Khan and why is he famous?"", ""What made him a household name?"", ""He's known for his social messages too, right?"", ""That's impressive. What's his production company called?"", ""Give me a minute, I need to check something."", ""Back, so what were we saying about Aamir Khan?"", ""Right! Does he only produce his own films?"", ""That's interesting. How does he choose his projects?"", ""Compare him with another popular Bollywood actor, like Shah Rukh Khan."", ""Okay, now tell me about Aamir Khan's personal life.""]","[""Who is Aamir Khan and why is he famous?"", ""What made Aamir Khan a household name?"", ""Aamir Khan is known for his social messages too, right?"", ""That's impressive. What is Aamir Khan's production company called?"", ""Give me a minute, I need to check something."", ""Back, so what were we saying about Aamir Khan?"", ""Right! Does Aamir Khan only produce his own films?"", ""That's interesting. How does Aamir Khan choose his projects?"", ""Compare Aamir Khan with another popular Bollywood actor, like Shah Rukh Khan."", ""Okay, now tell me about Aamir Khan's personal life.""]","[[""Aamir Khan""], [""Aamir Khan""], [""Aamir Khan""], [""Aamir Khan""], [], [""Aamir Khan""], [""Aamir Khan""], [""Aamir Khan""], [""Aamir Khan"", ""Shah Rukh Khan""], [""Aamir Khan""]]","[false, false, false, false, false, false, false, false, false, false]",2026-04-10T21:00:14.427943
conv_0195_entertainment_hollywood,Entertainment,Hollywood,Marvel Studios,"[{""role"": ""user"", ""text"": ""what's the latest on marvel studios movies?""}, {""role"": ""assistant"", ""text"": ""Marvel Studios has announced several upcoming projects, including new Avengers and Spider-Man films.""}, {""role"": ""user"", ""text"": ""they're really dominating the box office, aren't they?""}, {""role"": ""assistant"", ""text"": ""Yes, Marvel Studios' movies have consistently broken records and received critical acclaim.""}, {""role"": ""user"", ""text"": ""what about their TV shows, are they doing well too?""}, {""role"": ""assistant"", ""text"": ""Marvel Studios' Disney+ shows, such as Loki and Hawkeye, have been well-received by audiences and critics.""}, {""role"": ""user"", ""text"": ""give me a minute, I need to check something""}, {""role"": ""assistant"", ""text"": ""Sure, take your time.""}, {""role"": ""user"", ""text"": ""back, so what were we saying about marvel?""}, {""role"": ""assistant"", ""text"": ""We were discussing their TV shows, like Loki and Hawkeye.""}, {""role"": ""user"", ""text"": ""compare them to dc's shows, how do they stack up?""}, {""role"": ""assistant"", ""text"": ""Marvel Studios' shows are often praised for their cohesive storytelling and character development, whereas DC's shows have been more hit-or-miss.""}, {""role"": ""user"", ""text"": ""that's interesting, what about the new batman movie?""}, {""role"": ""assistant"", ""text"": ""The new Batman movie is a DC project, not Marvel Studios, but it's received positive reviews for its dark and gritty take on the character.""}, {""role"": ""user"", ""text"": ""okay now tell me about the oscars, any notable snubs?""}, {""role"": ""assistant"", ""text"": ""The Oscars did snub some notable films, but the ceremony still recognized many talented individuals in the entertainment industry.""}, {""role"": ""user"", ""text"": ""who are some of the most influential people in hollywood right now?""}, {""role"": ""assistant"", ""text"": ""Along with Marvel Studios' Kevin Feige, other influential people in Hollywood include directors like Christopher Nolan and producers like Kathleen Kennedy.""}, {""role"": ""user"", ""text"": ""what are marvel's plans for phase 5?""}, {""role"": ""assistant"", ""text"": ""Marvel Studios has announced several Phase 5 projects, including new films featuring the Fantastic Four and the X-Men.""}]","[""what's the latest on marvel studios movies?"", ""they're really dominating the box office, aren't they?"", ""what about their TV shows, are they doing well too?"", ""give me a minute, I need to check something"", ""back, so what were we saying about marvel?"", ""compare them to dc's shows, how do they stack up?"", ""that's interesting, what about the new batman movie?"", ""okay now tell me about the oscars, any notable snubs?"", ""who are some of the most influential people in hollywood right now?"", ""what are marvel's plans for phase 5?""]","[""what's the latest on Marvel Studios movies?"", ""Marvel Studios' movies are really dominating the box office, aren't they?"", ""what about Marvel Studios' TV shows, are they doing well too?"", ""give me a minute, I need to check something"", ""I'm back, so what were we saying about Marvel Studios?"", ""compare Marvel Studios' shows to DC's shows, how do they stack up?"", ""that's interesting, what about the new Batman movie?"", ""okay now tell me about the Oscars, any notable snubs?"", ""who are some of the most influential people in Hollywood right now?"", ""what are Marvel Studios' plans for Phase 5?""]","[[""Marvel Studios""], [""Marvel Studios""], [""Marvel Studios""], [], [""Marvel Studios""], [""Marvel Studios"", ""DC""], [""Batman""], [""Oscars""], [""Hollywood""], [""Marvel Studios""]]","[false, true, true, false, true, true, false, false, false, true]",2026-04-10T21:00:25.504103
conv_0196_health_nutrition,Health,Nutrition,intermittent fasting,"[{""role"": ""user"", ""text"": ""I've been hearing a lot about intermittent fasting, what's the deal with it?""}, {""role"": ""assistant"", ""text"": ""Intermittent fasting is an eating pattern where you alternate between periods of eating and fasting to promote weight loss and improve overall health.""}, {""role"": ""user"", ""text"": ""how does it work exactly?""}, {""role"": ""assistant"", ""text"": ""There are several methods, but a common one is the 16:8 method, where you fast for 16 hours and eat within an 8-hour window. This allows your body to enter a fasting state, which can help with insulin sensitivity and autophagy.""}, {""role"": ""user"", ""text"": ""that sounds like a long time, what can I drink during the fasting period?""}, {""role"": ""assistant"", ""text"": ""You can drink water, black coffee, and tea, as they are low in calories and won't break your fast. Some people also consume bone broth or other low-calorie liquids.""}, {""role"": ""user"", ""text"": ""okay, got it. and what about the eating window? are there any specific food restrictions?""}, {""role"": ""assistant"", ""text"": ""No specific restrictions, but it's recommended to focus on whole, nutrient-dense foods like fruits, vegetables, lean proteins, and whole grains during your eating window.""}, {""role"": ""user"", ""text"": ""wait a sec, I need to take a call. brb""}, {""role"": ""assistant"", ""text"": ""Take your time!""}, {""role"": ""user"", ""text"": ""back, so what were we saying?""}, {""role"": ""assistant"", ""text"": ""We were discussing the eating window during intermittent fasting. You can eat whatever you like, but it's best to prioritize whole foods.""}, {""role"": ""user"", ""text"": ""that makes sense. I've heard it helps with weight loss, but what about muscle gain? can I still build muscle with intermittent fasting?""}, {""role"": ""assistant"", ""text"": ""Yes, you can still build muscle with intermittent fasting. It's essential to ensure you're consuming enough protein during your eating window and that you're not losing muscle mass during the fasting period.""}, {""role"": ""user"", ""text"": ""okay, cool. I've also been curious about how it compares to traditional calorie restriction. do they have similar benefits?""}, {""role"": ""assistant"", ""text"": ""Both intermittent fasting and traditional calorie restriction can lead to weight loss and improved health markers. However, intermittent fasting may have additional benefits, such as improved insulin sensitivity and increased human growth hormone production.""}, {""role"": ""user"", ""text"": ""that's really interesting. what about people with certain health conditions, like diabetes? is it safe for them to try intermittent fasting?""}, {""role"": ""assistant"", ""text"": ""People with certain health conditions, like diabetes, should consult with their healthcare provider before starting intermittent fasting. It may require adjustments to their medication or close monitoring of their blood sugar levels.""}, {""role"": ""user"", ""text"": ""okay, I'll keep that in mind. one more thing - what about athletic performance? can I still train intensely with intermittent fasting?""}, {""role"": ""assistant"", ""text"": ""Many athletes have successfully incorporated intermittent fasting into their training regimens. However, it's essential to listen to your body and adjust your fasting schedule as needed to ensure you're fueling your workouts properly.""}]","[""I've been hearing a lot about intermittent fasting, what's the deal with it?"", ""how does it work exactly?"", ""that sounds like a long time, what can I drink during the fasting period?"", ""okay, got it. and what about the eating window? are there any specific food restrictions?"", ""wait a sec, I need to take a call. brb"", ""back, so what were we saying?"", ""that makes sense. I've heard it helps with weight loss, but what about muscle gain? can I still build muscle with intermittent fasting?"", ""okay, cool. I've also been curious about how it compares to traditional calorie restriction. do they have similar benefits?"", ""that's really interesting. what about people with certain health conditions, like diabetes? is it safe for them to try intermittent fasting?"", ""okay, I'll keep that in mind. one more thing - what about athletic performance? can I still train intensely with intermittent fasting?""]","[""I've been hearing a lot about intermittent fasting, what's the deal with intermittent fasting?"", ""how does intermittent fasting work exactly?"", ""that sounds like a long time, what can I drink during the fasting period of intermittent fasting?"", ""okay, got it. and what about the eating window during intermittent fasting? are there any specific food restrictions?"", ""wait a sec, I need to take a call. brb"", ""back, so what were we saying?"", ""that makes sense. I've heard intermittent fasting helps with weight loss, but what about muscle gain? can I still build muscle with intermittent fasting?"", ""okay, cool. I've also been curious about how intermittent fasting compares to traditional calorie restriction. do they have similar benefits?"", ""that's really interesting. what about people with certain health conditions, like diabetes? is it safe for them to try intermittent fasting?"", ""okay, I'll keep that in mind. one more thing - what about athletic performance? can I still train intensely with intermittent fasting?""]","[[], [], [], [], [], [], [], [], [""diabetes""], []]","[false, true, true, true, false, false, true, true, false, false]",2026-04-10T21:00:33.996358
conv_0197_health_mental_health,Health,Mental Health,anxiety,"[{""role"": ""user"", ""text"": ""what's anxiety?""}, {""role"": ""assistant"", ""text"": ""Anxiety is a common mental health condition characterized by feelings of worry, nervousness, and fear that are persistent and overwhelming.""}, {""role"": ""user"", ""text"": ""it affects people in different ways, right?""}, {""role"": ""assistant"", ""text"": ""Yes, it can manifest differently in different individuals, affecting their daily lives, relationships, and overall well-being.""}, {""role"": ""user"", ""text"": ""what are some symptoms?""}, {""role"": ""assistant"", ""text"": ""Symptoms include rapid heartbeat, sweating, trembling, and difficulty concentrating, among others.""}, {""role"": ""user"", ""text"": ""that sounds awful; how's it usually treated?""}, {""role"": ""assistant"", ""text"": ""Treatment often involves a combination of therapy, such as cognitive-behavioral therapy (CBT), and medication, like antidepressants or anti-anxiety medications.""}, {""role"": ""user"", ""text"": ""okay, got it; and what about its impact on daily life?""}, {""role"": ""assistant"", ""text"": ""Anxiety can significantly impact daily life, making everyday tasks feel daunting, and affecting relationships, work, and overall quality of life.""}, {""role"": ""user"", ""text"": ""wait a sec, need to take a call; brb""}, {""role"": ""assistant"", ""text"": ""Take your time.""}, {""role"": ""user"", ""text"": ""back, so what were we saying?""}, {""role"": ""assistant"", ""text"": ""We were discussing how anxiety affects daily life.""}, {""role"": ""user"", ""text"": ""right; does it have any physical effects?""}, {""role"": ""assistant"", ""text"": ""Yes, chronic anxiety can lead to physical health problems, such as digestive issues, headaches, and a weakened immune system.""}, {""role"": ""user"", ""text"": ""that's scary; what about coping mechanisms?""}, {""role"": ""assistant"", ""text"": ""There are several coping strategies, including mindfulness, deep breathing exercises, and regular exercise, which can help manage anxiety.""}, {""role"": ""user"", ""text"": ""and can anxiety be cured?""}, {""role"": ""assistant"", ""text"": ""While anxiety can't be completely cured, it can be effectively managed with the right treatment and support, allowing individuals to lead fulfilling lives.""}]","[""what's anxiety?"", ""it affects people in different ways, right?"", ""what are some symptoms?"", ""that sounds awful; how's it usually treated?"", ""okay, got it; and what about its impact on daily life?"", ""wait a sec, need to take a call; brb"", ""back, so what were we saying?"", ""right; does it have any physical effects?"", ""that's scary; what about coping mechanisms?"", ""and can anxiety be cured?""]","[""what is anxiety?"", ""it affects people in different ways, right?"", ""what are some symptoms of anxiety?"", ""that sounds awful; how is anxiety usually treated?"", ""okay, got it; and what about the impact of anxiety on daily life?"", ""wait a sec, need to take a call; brb"", ""back, so what were we saying?"", ""right; does anxiety have any physical effects?"", ""that's scary; what about coping mechanisms for anxiety?"", ""and can anxiety be cured?""]","[[], [], [], [], [], [], [], [], [], []]","[false, false, true, true, true, false, false, true, true, false]",2026-04-10T21:00:39.977766
conv_0200_history_world_wars,History,World Wars,World War II,"[{""role"": ""user"", ""text"": ""What was World War II?""}, {""role"": ""assistant"", ""text"": ""World War II was a global conflict from 1939 to 1945, involving most nations, including all great powers.""}, {""role"": ""user"", ""text"": ""Who were the main leaders during it?""}, {""role"": ""assistant"", ""text"": ""The main leaders were Adolf Hitler of Germany, Benito Mussolini of Italy, Winston Churchill of the UK, and Franklin D. Roosevelt of the US.""}, {""role"": ""user"", ""text"": ""What was Hitler's role in it?""}, {""role"": ""assistant"", ""text"": ""Hitler was the dictator of Germany, and his aggressive expansionist policies are considered a primary cause of the war.""}, {""role"": ""user"", ""text"": ""That sounds terrible... what about the impact on civilians?""}, {""role"": ""assistant"", ""text"": ""Civilians suffered greatly, with millions displaced, injured, or killed, especially during the Holocaust, where six million Jews were systematically murdered.""}, {""role"": ""user"", ""text"": ""wait a sec, I need to check something""}, {""role"": ""assistant"", ""text"": ""Sure, take your time.""}, {""role"": ""user"", ""text"": ""back, so what were we saying?""}, {""role"": ""assistant"", ""text"": ""We were discussing the impact on civilians during World War II.""}, {""role"": ""user"", ""text"": ""right, the Holocaust... how did it end?""}, {""role"": ""assistant"", ""text"": ""The Holocaust ended with the defeat of Nazi Germany in 1945, and the liberation of concentration camps by Allied forces.""}, {""role"": ""user"", ""text"": ""And what about the war in the Pacific?""}, {""role"": ""assistant"", ""text"": ""The war in the Pacific was fought between the Allies and Japan, ultimately ending with the atomic bombings of Hiroshima and Nagasaki in August 1945.""}, {""role"": ""user"", ""text"": ""Those bombings... were they necessary?""}, {""role"": ""assistant"", ""text"": ""The necessity of the bombings is debated among historians, but they led to Japan's surrender, bringing an end to World War II.""}, {""role"": ""user"", ""text"": ""Okay, now tell me about the Cold War""}, {""role"": ""assistant"", ""text"": ""The Cold War was a period of geopolitical tension between the US and the USSR, beginning after World War II and lasting until the early 1990s.""}]","[""What was World War II?"", ""Who were the main leaders during it?"", ""What was Hitler's role in it?"", ""That sounds terrible... what about the impact on civilians?"", ""wait a sec, I need to check something"", ""back, so what were we saying?"", ""right, the Holocaust... how did it end?"", ""And what about the war in the Pacific?"", ""Those bombings... were they necessary?"", ""Okay, now tell me about the Cold War""]","[""What was World War II?"", ""Who were the main leaders during World War II?"", ""What was Adolf Hitler's role in World War II?"", ""That sounds terrible... what about the impact on civilians during World War II?"", ""wait a sec, I need to check something"", ""back, so what were we saying?"", ""right, the Holocaust... how did the Holocaust end?"", ""And what about the war in the Pacific during World War II?"", ""Were the atomic bombings of Hiroshima and Nagasaki necessary?"", ""Okay, now tell me about the Cold War""]","[[""World War II""], [""World War II""], [""Adolf Hitler"", ""World War II""], [""World War II""], [], [], [""Holocaust""], [""World War II""], [""Hiroshima"", ""Nagasaki""], []]","[false, false, false, false, false, false, false, false, false, false]",2026-04-10T21:00:58.354053
conv_0203_general_general,General,General,,"[{""role"": ""user"", ""text"": ""how's your day going?""}, {""role"": ""assistant"", ""text"": ""It's going well, thanks. Just got back from a morning walk.""}, {""role"": ""user"", ""text"": ""that sounds great, what made you go out?""}, {""role"": ""assistant"", ""text"": ""I like starting my day with some fresh air and exercise. It helps clear my mind.""}, {""role"": ""user"", ""text"": ""yeah, I should do that more often... what's the weather like today?""}, {""role"": ""assistant"", ""text"": ""It's quite sunny with a bit of a breeze. Perfect walking weather.""}, {""role"": ""user"", ""text"": ""hmm, I love sunny days... wait a sec, I need to take a call.""}, {""role"": ""assistant"", ""text"": ""Take your time.""}, {""role"": ""user"", ""text"": ""back, so what were we saying?""}, {""role"": ""assistant"", ""text"": ""We were talking about the weather. You were saying you love sunny days.""}, {""role"": ""user"", ""text"": ""right! do you have any fun plans for the weekend?""}, {""role"": ""assistant"", ""text"": ""I'm thinking of trying out a new restaurant downtown. How about you?""}, {""role"": ""user"", ""text"": ""that sounds fun, I've been meaning to try it too... is it expensive?""}, {""role"": ""assistant"", ""text"": ""From what I've heard, it's reasonably priced. Not too fancy, but good food.""}, {""role"": ""user"", ""text"": ""okay, cool... by the way, how was your weekend?""}, {""role"": ""assistant"", ""text"": ""It was good, thanks. Went on a short trip to the countryside. You?""}, {""role"": ""user"", ""text"": ""I stayed in, just relaxed... what about your family, how are they?""}, {""role"": ""assistant"", ""text"": ""They're all doing well. My kids are keeping me busy as usual.""}, {""role"": ""user"", ""text"": ""I can imagine... compare your life now to five years ago.""}, {""role"": ""assistant"", ""text"": ""Five years ago, I was more focused on my career, traveling for work. Now, I prioritize family and personal time.""}]","[""how's your day going?"", ""that sounds great, what made you go out?"", ""yeah, I should do that more often... what's the weather like today?"", ""hmm, I love sunny days... wait a sec, I need to take a call."", ""back, so what were we saying?"", ""right! do you have any fun plans for the weekend?"", ""that sounds fun, I've been meaning to try it too... is it expensive?"", ""okay, cool... by the way, how was your weekend?"", ""I stayed in, just relaxed... what about your family, how are they?"", ""I can imagine... compare your life now to five years ago.""]","[""how's your day going?"", ""that sounds great, what made you go out?"", ""yeah, I should do that more often... what's the weather like today?"", ""hmm, I love sunny days... wait a sec, I need to take a call."", ""back, so what were we saying?"", ""right! do you have any fun plans for the weekend?"", ""that sounds fun, I've been meaning to try it too... is it expensive?"", ""okay, cool... by the way, how was your weekend?"", ""I stayed in, just relaxed... what about your family, how are they?"", ""I can imagine... compare your life now to five years ago.""]","[[], [], [], [], [], [], [], [], [], []]","[false, false, false, false, false, false, false, false, false, false]",2026-04-10T21:01:17.443572
conv_0205_politics_india,Politics,India,Rahul Gandhi,"[{""role"": ""user"", ""text"": ""Who is Rahul Gandhi?""}, {""role"": ""assistant"", ""text"": ""Rahul Gandhi is an Indian politician and a member of the Nehru-Gandhi family.""}, {""role"": ""user"", ""text"": ""What party does he belong to?""}, {""role"": ""assistant"", ""text"": ""He is a member of the Indian National Congress and has been its president from 2017 to 2019.""}, {""role"": ""user"", ""text"": ""What's his stance on economic reforms?""}, {""role"": ""assistant"", ""text"": ""Rahul Gandhi has been critical of the government's economic policies, particularly the demonetization move and the implementation of GST.""}, {""role"": ""user"", ""text"": ""That's interesting... and what about his views on education?""}, {""role"": ""assistant"", ""text"": ""He has emphasized the need for affordable and quality education, and has proposed initiatives to improve the education system in India.""}, {""role"": ""user"", ""text"": ""Wait, give me a minute to check something.""}, {""role"": ""assistant"", ""text"": ""Sure, take your time.""}, {""role"": ""user"", ""text"": ""Back, so what were we saying about Rahul Gandhi's education policies?""}, {""role"": ""assistant"", ""text"": ""We were discussing his emphasis on affordable and quality education. He has also proposed increasing funding for government schools and improving teacher training.""}, {""role"": ""user"", ""text"": ""How does he compare to his sister Priyanka Gandhi?""}, {""role"": ""assistant"", ""text"": ""Both Rahul and Priyanka Gandhi are active in politics, but they have different portfolios. Priyanka has focused on eastern Uttar Pradesh, while Rahul has had a broader national role.""}, {""role"": ""user"", ""text"": ""Okay, and what about their mother Sonia Gandhi?""}, {""role"": ""assistant"", ""text"": ""Sonia Gandhi is a former president of the Indian National Congress and has been a significant influence on Indian politics. She has been Rahul's mentor and guide throughout his political career.""}, {""role"": ""user"", ""text"": ""That's great, now tell me about the BJP.""}, {""role"": ""assistant"", ""text"": ""The BJP, or Bharatiya Janata Party, is a major political party in India, known for its right-leaning ideology. They have been critical of the Congress party, including Rahul Gandhi's leadership.""}, {""role"": ""user"", ""text"": ""Compare both Rahul Gandhi and Narendra Modi's leadership styles.""}, {""role"": ""assistant"", ""text"": ""Rahul Gandhi and Narendra Modi have distinct leadership styles. Rahul Gandhi is known for his more consultative approach, while Narendra Modi is seen as more decisive and assertive.""}]","[""Who is Rahul Gandhi?"", ""What party does he belong to?"", ""What's his stance on economic reforms?"", ""and what about his views on education?"", ""Wait, give me a minute to check something."", ""Back, so what were we saying about Rahul Gandhi's education policies?"", ""How does he compare to his sister Priyanka Gandhi?"", ""Okay, and what about their mother Sonia Gandhi?"", ""That's great, now tell me about the BJP."", ""Compare both Rahul Gandhi and Narendra Modi's leadership styles.""]","[""Who is Rahul Gandhi?"", ""What party does Rahul Gandhi belong to?"", ""What is Rahul Gandhi's stance on economic reforms?"", ""and what about Rahul Gandhi's views on education?"", ""Wait, give me a minute to check something."", ""Back, so what were we saying about Rahul Gandhi's education policies?"", ""How does Rahul Gandhi compare to his sister Priyanka Gandhi?"", ""Okay, and what about Sonia Gandhi, the mother of Rahul Gandhi and Priyanka Gandhi?"", ""That's great, now tell me about the BJP."", ""Compare Rahul Gandhi's leadership style with Narendra Modi's leadership style.""]","[[""Rahul Gandhi""], [""Rahul Gandhi""], [""Rahul Gandhi""], [""Rahul Gandhi""], [], [""Rahul Gandhi""], [""Rahul Gandhi"", ""Priyanka Gandhi""], [""Sonia Gandhi"", ""Rahul Gandhi"", ""Priyanka Gandhi""], [""BJP""], [""Rahul Gandhi"", ""Narendra Modi""]]","[false, true, true, true, false, false, true, true, false, true]",2026-04-10T21:01:29.883697
conv_0206_politics_india,Politics,India,Manmohan Singh,"[{""role"": ""user"", ""text"": ""Who is the 13th Prime Minister of India?""}, {""role"": ""assistant"", ""text"": ""The 13th Prime Minister of India is Manmohan Singh, who served from 2004 to 2014.""}, {""role"": ""user"", ""text"": ""What were his major economic reforms?""}, {""role"": ""assistant"", ""text"": ""He implemented significant economic policies, including liberalization, privatization, and fiscal reforms.""}, {""role"": ""user"", ""text"": ""That's impressive. What were his views on globalization?""}, {""role"": ""assistant"", ""text"": ""Manmohan Singh was a strong proponent of globalization, believing it would boost India's economic growth.""}, {""role"": ""user"", ""text"": ""His tenure was quite long. What challenges did he face during his term?""}, {""role"": ""assistant"", ""text"": ""He faced several challenges, including the 2008 global financial crisis, inflation, and political instability.""}, {""role"": ""user"", ""text"": ""Give me a minute, I need to check something.""}, {""role"": ""assistant"", ""text"": ""Sure, take your time.""}, {""role"": ""user"", ""text"": ""Back, so what were we saying? Ah yes, his economic policies.""}, {""role"": ""assistant"", ""text"": ""We were discussing his handling of the global financial crisis and its impact on India.""}, {""role"": ""user"", ""text"": ""What about his role in the United Progressive Alliance?""}, {""role"": ""assistant"", ""text"": ""Manmohan Singh was the chairman of the UPA's National Advisory Committee and played a crucial role in its decision-making process.""}, {""role"": ""user"", ""text"": ""Compare him with his successor, Narendra Modi.""}, {""role"": ""assistant"", ""text"": ""While both were influential Prime Ministers, Manmohan Singh focused on economic reforms and diplomacy, whereas Narendra Modi emphasized nationalism and infrastructure development.""}, {""role"": ""user"", ""text"": ""That's a good point. Did Manmohan Singh have any notable achievements in education?""}, {""role"": ""assistant"", ""text"": ""He initiated several education reforms, including the Right to Education Act and increased funding for educational institutions.""}, {""role"": ""user"", ""text"": ""His statements on education are still referenced. What about healthcare?""}, {""role"": ""assistant"", ""text"": ""Manmohan Singh's government launched several healthcare initiatives, such as the National Rural Health Mission and increased funding for healthcare infrastructure.""}]","[""Who is the 13th Prime Minister of India?"", ""What were his major economic reforms?"", ""That's impressive. What were his views on globalization?"", ""His tenure was quite long. What challenges did he face during his term?"", ""Give me a minute, I need to check something."", ""Back, so what were we saying? Ah yes, his economic policies."", ""What about his role in the United Progressive Alliance?"", ""Compare him with his successor, Narendra Modi."", ""That's a good point. Did Manmohan Singh have any notable achievements in education?"", ""His statements on education are still referenced. What about healthcare?""]","[""Who is the 13th Prime Minister of India?"", ""What were the major economic reforms of Manmohan Singh?"", ""What were Manmohan Singh's views on globalization?"", ""What challenges did Manmohan Singh face during his term as Prime Minister of India?"", ""Give me a minute, I need to check something."", ""Back, so what were we saying? Ah yes, his economic policies."", ""What was Manmohan Singh's role in the United Progressive Alliance?"", ""Compare Manmohan Singh with his successor, Narendra Modi."", ""Did Manmohan Singh have any notable achievements in education?"", ""What were Manmohan Singh's achievements in healthcare?""]","[[""India""], [""Manmohan Singh""], [""Manmohan Singh""], [""Manmohan Singh"", ""India""], [], [], [""Manmohan Singh"", ""United Progressive Alliance""], [""Manmohan Singh"", ""Narendra Modi""], [""Manmohan Singh""], [""Manmohan Singh""]]","[false, true, true, true, false, false, true, true, false, true]",2026-04-10T21:01:35.720066
conv_0207_politics_uk,Politics,UK,Rishi Sunak,"[{""role"": ""user"", ""text"": ""Who is the current Prime Minister of the UK?""}, {""role"": ""assistant"", ""text"": ""The current Prime Minister of the UK is Rishi Sunak.""}, {""role"": ""user"", ""text"": ""What's his background?""}, {""role"": ""assistant"", ""text"": ""Rishi Sunak was born in Southampton to Indian parents, studied at Lincoln College, Oxford, and worked in finance before entering politics.""}, {""role"": ""user"", ""text"": ""He's rich, isn't he?""}, {""role"": ""assistant"", ""text"": ""Yes, Rishi Sunak is considered one of the wealthiest MPs, with a net worth largely attributed to his wife's family's business.""}, {""role"": ""user"", ""text"": ""That's interesting... what about his predecessor?""}, {""role"": ""assistant"", ""text"": ""Liz Truss served as Prime Minister briefly before Rishi Sunak took office in October 2022.""}, {""role"": ""user"", ""text"": ""Give me a minute, I'm getting a call... (pause) Back, so what were we saying?""}, {""role"": ""assistant"", ""text"": ""We were discussing Rishi Sunak's predecessor, Liz Truss. Would you like to continue with that or move on?""}, {""role"": ""user"", ""text"": ""No, let's get back to him. What are his key policies?""}, {""role"": ""assistant"", ""text"": ""As Prime Minister, Rishi Sunak has focused on stabilizing the economy, promoting tech growth, and addressing the cost of living crisis.""}, {""role"": ""user"", ""text"": ""How's he doing on those fronts?""}, {""role"": ""assistant"", ""text"": ""His administration has introduced measures like tax incentives for businesses and support for households with energy bills, but results are still being assessed.""}, {""role"": ""user"", ""text"": ""That sounds like a lot on his plate... what about his party?""}, {""role"": ""assistant"", ""text"": ""Rishi Sunak leads the Conservative Party, which has been navigating internal divisions and external challenges during his tenure.""}, {""role"": ""user"", ""text"": ""Compare him to Boris Johnson.""}, {""role"": ""assistant"", ""text"": ""While both are Conservatives, Rishi Sunak's approach is often seen as more fiscally conservative and technocratic, differing from Boris Johnson's more populist style.""}, {""role"": ""user"", ""text"": ""Okay, now tell me about Keir Starmer.""}, {""role"": ""assistant"", ""text"": ""Keir Starmer is the Leader of the Opposition and the Labour Party, presenting an alternative vision to Rishi Sunak's Conservatives.""}]","[""Who is the current Prime Minister of the UK?"", ""What's his background?"", ""He's rich, isn't he?"", ""That's interesting... what about his predecessor?"", ""Give me a minute, I'm getting a call... (pause) Back, so what were we saying?"", ""No, let's get back to him. What are his key policies?"", ""How's he doing on those fronts?"", ""That sounds like a lot on his plate... what about his party?"", ""Compare him to Boris Johnson."", ""Okay, now tell me about Keir Starmer.""]","[""Who is the current Prime Minister of the UK?"", ""What is Rishi Sunak's background?"", ""Is Rishi Sunak rich?"", ""That is interesting, what about Rishi Sunak's predecessor?"", ""Give me a minute, I'm getting a call... (pause) Back, so what were we saying?"", ""No, let's get back to Rishi Sunak, what are his key policies?"", ""How is Rishi Sunak doing on those fronts?"", ""That sounds like a lot on Rishi Sunak's plate, what about his party?"", ""Compare Rishi Sunak to Boris Johnson."", ""Okay, now tell me about Keir Starmer.""]","[[""UK""], [""Rishi Sunak""], [""Rishi Sunak""], [""Rishi Sunak""], [], [""Rishi Sunak""], [""Rishi Sunak""], [""Rishi Sunak""], [""Rishi Sunak"", ""Boris Johnson""], [""Keir Starmer""]]","[false, true, true, true, false, true, true, true, true, false]",2026-04-10T21:01:42.026313
conv_0208_politics_uk,Politics,UK,Boris Johnson,"[{""role"": ""user"", ""text"": ""Who is the current Prime Minister of the UK?""}, {""role"": ""assistant"", ""text"": ""The current Prime Minister of the UK is Rishi Sunak, but previously it was Boris Johnson, who served from 2019 to 2022.""}, {""role"": ""user"", ""text"": ""What were his major accomplishments during his tenure?""}, {""role"": ""assistant"", ""text"": ""Boris Johnson's major accomplishments include overseeing the UK's response to the COVID-19 pandemic and leading the country through Brexit.""}, {""role"": ""user"", ""text"": ""That was quite a challenge; what about his leadership style?""}, {""role"": ""assistant"", ""text"": ""His leadership style was often described as charismatic but also divisive, with a tendency to make controversial statements.""}, {""role"": ""user"", ""text"": ""Yeah, I recall he had some issues with Scotland, didn't he?""}, {""role"": ""assistant"", ""text"": ""Yes, Boris Johnson had a complicated relationship with Scotland, particularly regarding Scottish independence and the role of the UK government in Scotland.""}, {""role"": ""user"", ""text"": ""Compare him with his predecessor, Theresa May.""}, {""role"": ""assistant"", ""text"": ""While both were Conservatives, Theresa May focused more on consensus-building and had a more measured approach, whereas Boris Johnson was known for his more flamboyant and unpredictable style.""}, {""role"": ""user"", ""text"": ""Give me a minute, I need to check something.""}, {""role"": ""assistant"", ""text"": ""Sure, take your time.""}, {""role"": ""user"", ""text"": ""Back, so what were we saying about Boris Johnson?""}, {""role"": ""assistant"", ""text"": ""We were discussing his leadership style and comparing him to Theresa May.""}, {""role"": ""user"", ""text"": ""Right, and what about his successor, Liz Truss?""}, {""role"": ""assistant"", ""text"": ""Liz Truss succeeded Boris Johnson but had a very short tenure, lasting only 49 days, due to economic concerns and internal party conflicts.""}, {""role"": ""user"", ""text"": ""That was brief; how does Rishi Sunak compare to Boris Johnson?""}, {""role"": ""assistant"", ""text"": ""Rishi Sunak, as a more fiscally conservative leader, has taken a different approach to governance, focusing on economic stability and fiscal responsibility, which contrasts with some of Boris Johnson's more populist policies.""}, {""role"": ""user"", ""text"": ""Okay, now tell me about the Conservative Party's stance on climate change.""}, {""role"": ""assistant"", ""text"": ""The Conservative Party, under leaders like Boris Johnson and Rishi Sunak, has made various commitments to address climate change, including targets for net-zero emissions, though they've faced criticism for not moving quickly enough.""}]","[""Who is the current Prime Minister of the UK?"", ""What were his major accomplishments during his tenure?"", ""That was quite a challenge; what about his leadership style?"", ""Yeah, I recall he had some issues with Scotland, didn't he?"", ""Compare him with his predecessor, Theresa May."", ""Back, so what were we saying about Boris Johnson?"", ""Right, and what about his successor, Liz Truss?"", ""That was brief; how does Rishi Sunak compare to Boris Johnson?"", ""Okay, now tell me about the Conservative Party's stance on climate change."", ""The Conservative Party, under leaders like Boris Johnson and Rishi Sunak, has made various commitments to address climate change, including targets for net-zero emissions, though they've faced criticism for not moving quickly enough.""]","[""Who is the current Prime Minister of the UK?"", ""What were Boris Johnson's major accomplishments during his tenure as Prime Minister of the UK?"", ""That was quite a challenge; what about Boris Johnson's leadership style?"", ""Yeah, I recall Boris Johnson had some issues with Scotland, didn't he?"", ""Compare Boris Johnson with his predecessor, Theresa May."", ""Back, so what were we saying about Boris Johnson."", ""Right, and what about Liz Truss, the successor of Boris Johnson?"", ""That was brief; how does Rishi Sunak compare to Boris Johnson?"", ""Okay, now tell me about the Conservative Party's stance on climate change."", ""The Conservative Party, under leaders like Boris Johnson and Rishi Sunak, has made various commitments to address climate change, including targets for net-zero emissions, though they've faced criticism for not moving quickly enough.""]","[[""UK""], [""Boris Johnson"", ""UK""], [""Boris Johnson""], [""Boris Johnson"", ""Scotland""], [""Boris Johnson"", ""Theresa May""], [], [""Liz Truss"", ""Boris Johnson""], [""Rishi Sunak"", ""Boris Johnson""], [""Conservative Party""], [""Conservative Party"", ""Boris Johnson"", ""Rishi Sunak""]]","[false, true, true, true, true, false, true, false, false, false]",2026-04-10T21:01:48.745966
conv_0209_politics_usa,Politics,USA,Joe Biden,"[{""role"": ""user"", ""text"": ""who is the current president of the united states?""}, {""role"": ""assistant"", ""text"": ""The current President of the United States is Joe Biden.""}, {""role"": ""user"", ""text"": ""what are his main priorities as president?""}, {""role"": ""assistant"", ""text"": ""His main priorities include addressing climate change, improving healthcare, and strengthening the economy.""}, {""role"": ""user"", ""text"": ""that's interesting, what's his stance on climate change?""}, {""role"": ""assistant"", ""text"": ""Joe Biden has emphasized the need for immediate action to reduce carbon emissions and invest in renewable energy.""}, {""role"": ""user"", ""text"": ""give me a minute, i'm getting a call""}, {""role"": ""assistant"", ""text"": ""Take your time.""}, {""role"": ""user"", ""text"": ""back, so what were we saying about joe biden and climate change?""}, {""role"": ""assistant"", ""text"": ""We were discussing his focus on reducing carbon emissions and investing in renewable energy.""}, {""role"": ""user"", ""text"": ""right, and how does he plan to achieve that?""}, {""role"": ""assistant"", ""text"": ""He aims to achieve this through legislation, executive actions, and international cooperation.""}, {""role"": ""user"", ""text"": ""okay, what about his relationship with congress?""}, {""role"": ""assistant"", ""text"": ""Joe Biden has had to navigate a divided Congress, working with both Democrats and Republicans on various issues.""}, {""role"": ""user"", ""text"": ""that's tough, how does he handle bipartisan negotiations?""}, {""role"": ""assistant"", ""text"": ""He has emphasized the need for compromise and finding common ground with lawmakers.""}, {""role"": ""user"", ""text"": ""okay now tell me about healthcare in the usa""}, {""role"": ""assistant"", ""text"": ""The United States has a mixed healthcare system, with ongoing debates about access, affordability, and reform.""}, {""role"": ""user"", ""text"": ""yeah, joe biden has been trying to reform it, right?""}, {""role"": ""assistant"", ""text"": ""Yes, President Biden has worked to strengthen and expand the Affordable Care Act, also known as Obamacare.""}]","[""who is the current president of the united states?"", ""what are his main priorities as president?"", ""that's interesting, what's his stance on climate change?"", ""give me a minute, i'm getting a call"", ""back, so what were we saying about joe biden and climate change?"", ""right, and how does he plan to achieve that?"", ""okay, what about his relationship with congress?"", ""that's tough, how does he handle bipartisan negotiations?"", ""okay now tell me about healthcare in the usa"", ""yeah, joe biden has been trying to reform it, right?""]","[""who is the current president of the United States?"", ""what are Joe Biden's main priorities as President of the United States?"", ""that's interesting, what's Joe Biden's stance on climate change?"", ""give me a minute, i'm getting a call"", ""back, so what were we saying about Joe Biden and climate change?"", ""right, and how does Joe Biden plan to achieve reducing carbon emissions and investing in renewable energy?"", ""okay, what about Joe Biden's relationship with Congress?"", ""that's tough, how does Joe Biden handle bipartisan negotiations?"", ""okay now tell me about healthcare in the United States"", ""yeah, Joe Biden has been trying to reform healthcare in the United States, right?""]","[[""United States""], [""Joe Biden"", ""United States""], [""Joe Biden""], [], [""Joe Biden""], [""Joe Biden""], [""Joe Biden"", ""Congress""], [""Joe Biden""], [""United States""], [""Joe Biden"", ""United States""]]","[false, true, true, false, true, true, true, true, false, true]",2026-04-10T21:01:55.264164
conv_0210_politics_usa,Politics,USA,Donald Trump,"[{""role"": ""user"", ""text"": ""Who is Donald Trump?""}, {""role"": ""assistant"", ""text"": ""Donald Trump is the 45th President of the United States, serving from 2017 to 2021.""}, {""role"": ""user"", ""text"": ""What were his main goals during presidency?""}, {""role"": ""assistant"", ""text"": ""His main goals included reforming healthcare, reducing taxes, and tightening border security.""}, {""role"": ""user"", ""text"": ""He was quite famous for his...""}, {""role"": ""assistant"", ""text"": ""...controversial statements and Twitter presence, which often made headlines worldwide.""}, {""role"": ""user"", ""text"": ""Did he have any notable predecessors?""}, {""role"": ""assistant"", ""text"": ""Yes, his immediate predecessor was Barack Obama, and before that, George W. Bush.""}, {""role"": ""user"", ""text"": ""Compare both of them.""}, {""role"": ""assistant"", ""text"": ""Donald Trump and Barack Obama have distinct leadership styles; Trump focused on populism and America First policies, while Obama emphasized healthcare reform and international diplomacy.""}, {""role"": ""user"", ""text"": ""That makes sense... What about his vice president?""}, {""role"": ""assistant"", ""text"": ""Mike Pence served as Trump's Vice President throughout his presidency.""}, {""role"": ""user"", ""text"": ""brb, gotta take a call""}, {""role"": ""assistant"", ""text"": ""Sure, take your time.""}, {""role"": ""user"", ""text"": ""back, so what were we saying?""}, {""role"": ""assistant"", ""text"": ""We were discussing Mike Pence's role as Trump's Vice President.""}, {""role"": ""user"", ""text"": ""Right, and what did Pence do after leaving office?""}, {""role"": ""assistant"", ""text"": ""After leaving office, Mike Pence has remained active in politics, though he hasn't held public office.""}, {""role"": ""user"", ""text"": ""Now, tell me about the current president.""}, {""role"": ""assistant"", ""text"": ""The current President of the United States is Joe Biden, who took office in 2021.""}]","[""Who is Donald Trump?"", ""What were his main goals during presidency?"", ""He was quite famous for his..."", ""Did he have any notable predecessors?"", ""Compare both of them."", ""That makes sense... What about his vice president?"", ""brb, gotta take a call"", ""back, so what were we saying?"", ""Right, and what did Pence do after leaving office?"", ""Now, tell me about the current president.""]","[""Who is Donald Trump?"", ""What were Donald Trump's main goals during his presidency?"", ""He was quite famous for his controversial statements and Twitter presence"", ""Did Donald Trump have any notable predecessors?"", ""Compare Donald Trump and Barack Obama."", ""That makes sense. What about Donald Trump's vice president?"", ""brb, gotta take a call"", ""back, so what were we saying?"", ""Right, and what did Mike Pence do after leaving office?"", ""Now, tell me about the current President of the United States.""]","[[""Donald Trump""], [""Donald Trump""], [""Donald Trump""], [""Donald Trump""], [""Donald Trump"", ""Barack Obama""], [""Donald Trump""], [], [], [""Mike Pence""], []]","[false, true, true, true, true, true, false, false, true, true]",2026-04-10T21:02:01.020646
conv_0211_politics_usa,Politics,USA,Barack Obama,"[{""role"": ""user"", ""text"": ""Who is Barack Obama?""}, {""role"": ""assistant"", ""text"": ""Barack Obama is the 44th President of the United States, serving from 2009 to 2017.""}, {""role"": ""user"", ""text"": ""What were his major achievements?""}, {""role"": ""assistant"", ""text"": ""He implemented the Affordable Care Act, ended the war in Iraq, and restored diplomatic relations with Cuba.""}, {""role"": ""user"", ""text"": ""That's impressive... what about his economic policies?""}, {""role"": ""assistant"", ""text"": ""He focused on financial reform, passed the American Recovery and Reinvestment Act, and helped recover from the 2008 financial crisis.""}, {""role"": ""user"", ""text"": ""Give me a minute, I need to check something.""}, {""role"": ""assistant"", ""text"": ""Sure, take your time.""}, {""role"": ""user"", ""text"": ""Back, so what were we saying? Ah yes, his successor.""}, {""role"": ""assistant"", ""text"": ""That would be Donald Trump, who succeeded Obama as President in 2017.""}, {""role"": ""user"", ""text"": ""Compare Obama's and Trump's policies on healthcare.""}, {""role"": ""assistant"", ""text"": ""Obama's Affordable Care Act expanded healthcare coverage, while Trump attempted to repeal it, but was unsuccessful.""}, {""role"": ""user"", ""text"": ""What about their views on climate change?""}, {""role"": ""assistant"", ""text"": ""Obama prioritized environmental regulations and the Paris Climate Agreement, whereas Trump withdrew from the agreement.""}, {""role"": ""user"", ""text"": ""Did Obama face any major challenges during his presidency?""}, {""role"": ""assistant"", ""text"": ""He faced the Great Recession, two ongoing wars, and intense partisan division.""}, {""role"": ""user"", ""text"": ""That's tough... how did he handle racial issues?""}, {""role"": ""assistant"", ""text"": ""He addressed racial tensions, supported the Deferred Action for Childhood Arrivals (DACA) program, and advocated for civil rights.""}, {""role"": ""user"", ""text"": ""Okay, now tell me about Joe Biden's presidency.""}, {""role"": ""assistant"", ""text"": ""Joe Biden is the 46th President, focusing on issues like COVID-19 relief, climate action, and social justice.""}]","[""Who is Barack Obama?"", ""What were his major achievements?"", ""That's impressive... what about his economic policies?"", ""Give me a minute, I need to check something."", ""Back, so what were we saying? Ah yes, his successor."", ""Compare Obama's and Trump's policies on healthcare."", ""What about their views on climate change?"", ""Did Obama face any major challenges during his presidency?"", ""That's tough... how did he handle racial issues?"", ""Okay, now tell me about Joe Biden's presidency.""]","[""Who is Barack Obama?"", ""What were the major achievements of Barack Obama?"", ""That's impressive... what about the economic policies of Barack Obama?"", ""Give me a minute, I need to check something."", ""Back, so what were we saying? Ah yes, the successor of Barack Obama."", ""Compare the policies of Barack Obama and Donald Trump on healthcare."", ""What about the views of Barack Obama and Donald Trump on climate change?"", ""Did Barack Obama face any major challenges during his presidency?"", ""That's tough... how did Barack Obama handle racial issues?"", ""Okay, now tell me about Joe Biden's presidency.""]","[[""Barack Obama""], [""Barack Obama""], [""Barack Obama""], [], [""Barack Obama""], [""Barack Obama"", ""Donald Trump""], [""Barack Obama"", ""Donald Trump""], [""Barack Obama""], [""Barack Obama""], [""Joe Biden""]]","[false, true, true, false, true, true, true, true, true, false]",2026-04-10T21:02:07.503739
conv_0215_sports_football,Sports,Football,Lionel Messi,"[{""role"": ""user"", ""text"": ""who's the best football player of all time?""}, {""role"": ""assistant"", ""text"": ""Many consider Lionel Messi to be the greatest football player of all time, with numerous records and accolades to his name.""}, {""role"": ""user"", ""text"": ""what makes him so special?""}, {""role"": ""assistant"", ""text"": ""He has exceptional dribbling skills, vision, and goal-scoring ability, which have earned him a record-breaking seven Ballon d'Or awards.""}, {""role"": ""user"", ""text"": ""those are impressive stats; how does he compare to Cristiano Ronaldo?""}, {""role"": ""assistant"", ""text"": ""Both Messi and Ronaldo have achieved incredible success, but their styles and strengths differ; Messi is known for his agility and playmaking, while Ronaldo excels in power and precision.""}, {""role"": ""user"", ""text"": ""yeah, I've seen some of their games; what's Messi's current team?""}, {""role"": ""assistant"", ""text"": ""Currently, Lionel Messi plays for Paris Saint-Germain, having joined in 2021 after spending 21 years at Barcelona.""}, {""role"": ""user"", ""text"": ""wait a sec, I need to take a call; brb""}, {""role"": ""assistant"", ""text"": ""Take your time!""}, {""role"": ""user"", ""text"": ""back, so what were we saying about Messi?""}, {""role"": ""assistant"", ""text"": ""We were discussing his current team, Paris Saint-Germain; he's been instrumental in their success, leading them to several titles.""}, {""role"": ""user"", ""text"": ""that's amazing; has he won any international trophies?""}, {""role"": ""assistant"", ""text"": ""Messi has won the Copa America with Argentina in 2021, a significant achievement in his career, and also the FIFA World Cup in 2022.""}, {""role"": ""user"", ""text"": ""wow, that's huge; what about his records, are they still being broken?""}, {""role"": ""assistant"", ""text"": ""Messi continues to break records, recently becoming the all-time leading scorer in Europe's top five leagues; his consistency is remarkable.""}, {""role"": ""user"", ""text"": ""okay, now tell me about another football star, Kylian Mbappé""}, {""role"": ""assistant"", ""text"": ""Kylian Mbappé is a talented young French forward, known for his exceptional speed and goal-scoring ability; he's often compared to Messi and Ronaldo for his impressive performances.""}, {""role"": ""user"", ""text"": ""compare both of them; Mbappé and Messi""}, {""role"": ""assistant"", ""text"": ""While Mbappé excels in pace and finishing, Messi's overall skillset, experience, and achievements set him apart; however, Mbappé's potential and youth make him a compelling prospect.""}]","[""who's the best football player of all time?"", ""what makes him so special?"", ""those are impressive stats; how does he compare to Cristiano Ronaldo?"", ""yeah, I've seen some of their games; what's Messi's current team?"", ""wait a sec, I need to take a call; brb"", ""back, so what were we saying about Messi?"", ""that's amazing; has he won any international trophies?"", ""wow, that's huge; what about his records, are they still being broken?"", ""okay, now tell me about another football star, Kylian Mbappé"", ""compare both of them; Mbappé and Messi""]","[""who's the best football player of all time?"", ""what makes Lionel Messi so special?"", ""those are impressive stats; how does Lionel Messi compare to Cristiano Ronaldo?"", ""yeah, I've seen some of their games; what's Lionel Messi's current team?"", ""wait a sec, I need to take a call; brb"", ""back, so what were we saying about Lionel Messi?"", ""that's amazing; has Lionel Messi won any international trophies?"", ""wow, that's huge; what about Lionel Messi's records, are they still being broken?"", ""okay, now tell me about another football star, Kylian Mbappé"", ""compare Kylian Mbappé and Lionel Messi""]","[[], [""Lionel Messi""], [""Lionel Messi"", ""Cristiano Ronaldo""], [""Lionel Messi""], [], [""Lionel Messi""], [""Lionel Messi""], [""Lionel Messi""], [""Kylian Mbappé""], [""Kylian Mbappé"", ""Lionel Messi""]]","[false, true, true, true, false, true, true, true, false, true]",2026-04-10T21:02:31.703290
conv_0217_sports_tennis,Sports,Tennis,Novak Djokovic,"[{""role"": ""user"", ""text"": ""Who is the current number one tennis player in the world?""}, {""role"": ""assistant"", ""text"": ""As of now, Novak Djokovic holds the number one spot in men's tennis.""}, {""role"": ""user"", ""text"": ""He's been dominating for so long, what's his secret?""}, {""role"": ""assistant"", ""text"": ""His rigorous training, mental toughness, and exceptional defensive skills contribute to his success.""}, {""role"": ""user"", ""text"": ""That makes sense. How many grand slams has he won?""}, {""role"": ""assistant"", ""text"": ""Novak Djokovic has won 22 Grand Slam titles, including multiple wins at Wimbledon, Australian Open, and US Open.""}, {""role"": ""user"", ""text"": ""That's impressive. What about Rafael Nadal? How does he compare?""}, {""role"": ""assistant"", ""text"": ""Rafael Nadal is also a highly successful tennis player with 22 Grand Slam titles, often pushing Djokovic in their matches.""}, {""role"": ""user"", ""text"": ""Give me a minute to think about this...""}, {""role"": ""assistant"", ""text"": ""Take your time!""}, {""role"": ""user"", ""text"": ""Back, so what were we saying? Oh yeah, Nadal and Djokovic. Who's had the better career?""}, {""role"": ""assistant"", ""text"": ""Both players have remarkable careers, but Novak Djokovic has been ranked number one for a record 373 weeks.""}, {""role"": ""user"", ""text"": ""That's crazy. What's his stance on tennis politics?""}, {""role"": ""assistant"", ""text"": ""Djokovic has been vocal about players' rights and has supported the formation of the Professional Tennis Players' Association.""}, {""role"": ""user"", ""text"": ""That's interesting. What about the other top players, like Carlos Alcaraz?""}, {""role"": ""assistant"", ""text"": ""Carlos Alcaraz is a rising star in tennis, having won several titles and breaking into the top 5 rankings.""}, {""role"": ""user"", ""text"": ""Yeah, I heard he's been doing well. Okay, now tell me about golf.""}, {""role"": ""assistant"", ""text"": ""Golf is a popular sport with a rich history, featuring legendary players like Tiger Woods and Phil Mickelson.""}, {""role"": ""user"", ""text"": ""Hold on, let me check something real quick...""}, {""role"": ""assistant"", ""text"": ""Go ahead!""}]","[""Who is the current number one tennis player in the world?"", ""He's been dominating for so long, what's his secret?"", ""That makes sense. How many grand slams has he won?"", ""That's impressive. What about Rafael Nadal? How does he compare?"", ""Give me a minute to think about this..."", ""Back, so what were we saying? Oh yeah, Nadal and Djokovic. Who's had the better career?"", ""That's crazy. What's his stance on tennis politics?"", ""That's interesting. What about the other top players, like Carlos Alcaraz?"", ""Yeah, I heard he's been doing well. Okay, now tell me about golf."", ""Hold on, let me check something real quick...""]","[""Who is the current number one tennis player in the world?"", ""Novak Djokovic has been dominating for so long, what's his secret?"", ""That makes sense. How many Grand Slams has Novak Djokovic won?"", ""That's impressive. What about Rafael Nadal? How does Rafael Nadal compare to Novak Djokovic?"", ""Give me a minute to think about this..."", ""I'm back, so what were we saying? Oh yeah, Rafael Nadal and Novak Djokovic. Who's had the better career?"", ""That's crazy. What's Novak Djokovic's stance on tennis politics?"", ""That's interesting. What about the other top players, like Carlos Alcaraz?"", ""Yeah, I heard Carlos Alcaraz has been doing well. Okay, now tell me about golf."", ""Hold on, let me check something real quick...""]","[[], [""Novak Djokovic""], [""Novak Djokovic""], [""Rafael Nadal"", ""Novak Djokovic""], [], [""Rafael Nadal"", ""Novak Djokovic""], [""Novak Djokovic""], [""Carlos Alcaraz""], [""Carlos Alcaraz""], []]","[false, true, true, true, false, true, true, false, true, false]",2026-04-10T21:02:45.870181
conv_0218_sports_tennis,Sports,Tennis,Rafael Nadal,"[{""role"": ""user"", ""text"": ""who's the king of clay in tennis?""}, {""role"": ""assistant"", ""text"": ""That's Rafael Nadal, with a record 14 French Open titles.""}, {""role"": ""user"", ""text"": ""what's his playing style like?""}, {""role"": ""assistant"", ""text"": ""He's known for his aggressive baseline game, powerful forehand, and athleticism.""}, {""role"": ""user"", ""text"": ""that forehand of his is almost unfair""}, {""role"": ""assistant"", ""text"": ""His forehand is considered one of the greatest shots in tennis history.""}, {""role"": ""user"", ""text"": ""compare him to federer""}, {""role"": ""assistant"", ""text"": ""While Federer's all-court game is versatile, Nadal's dominance on clay is unmatched.""}, {""role"": ""user"", ""text"": ""yeah, and what about Djokovic?""}, {""role"": ""assistant"", ""text"": ""Djokovic's defensive skills are impressive, but Nadal's competitive record against him is strong.""}, {""role"": ""user"", ""text"": ""wait, give me a minute to grab a snack""}, {""role"": ""assistant"", ""text"": ""Take your time!""}, {""role"": ""user"", ""text"": ""back, so what were we saying?""}, {""role"": ""assistant"", ""text"": ""We were discussing Nadal, Federer, and Djokovic.""}, {""role"": ""user"", ""text"": ""right, and how many grand slams has nadal won?""}, {""role"": ""assistant"", ""text"": ""Nadal has won 22 Grand Slam titles, with a strong chance of adding more.""}, {""role"": ""user"", ""text"": ""that's incredible; what's his training regimen like?""}, {""role"": ""assistant"", ""text"": ""He focuses on intense physical conditioning, technical drills, and mental preparation.""}, {""role"": ""user"", ""text"": ""does he have any rivalries?""}, {""role"": ""assistant"", ""text"": ""His rivalry with Federer and Djokovic is well-known, with many epic matches.""}]","[""who's the king of clay in tennis?"", ""what's his playing style like?"", ""that forehand of his is almost unfair"", ""compare him to federer"", ""yeah, and what about djokovic?"", ""wait, give me a minute to grab a snack"", ""back, so what were we saying?"", ""right, and how many grand slams has nadal won?"", ""that's incredible; what's his training regimen like?"", ""does he have any rivalries?""]","[""who's the king of clay in tennis?"", ""what's Rafael Nadal's playing style like?"", ""that forehand of Rafael Nadal's is almost unfair"", ""compare Rafael Nadal to Roger Federer"", ""yeah, and what about Novak Djokovic?"", ""wait, give me a minute to grab a snack"", ""back, so what were we saying?"", ""right, and how many Grand Slams has Rafael Nadal won?"", ""that's incredible; what's Rafael Nadal's training regimen like?"", ""does Rafael Nadal have any rivalries?""]","[[], [""Rafael Nadal""], [""Rafael Nadal""], [""Rafael Nadal"", ""Roger Federer""], [""Novak Djokovic""], [], [], [""Rafael Nadal""], [""Rafael Nadal""], [""Rafael Nadal""]]","[false, true, true, true, true, false, false, true, true, true]",2026-04-10T21:02:51.640914
conv_0220_technology_ai,Technology,AI,OpenAI,"[{""role"": ""user"", ""text"": ""What's the latest on OpenAI?""}, {""role"": ""assistant"", ""text"": ""OpenAI is a leading AI research organization, known for its chatbot model ChatGPT and other AI technologies.""}, {""role"": ""user"", ""text"": ""They're doing some amazing stuff, what are their goals?""}, {""role"": ""assistant"", ""text"": ""Their primary goal is to ensure that artificial general intelligence benefits all of humanity, while mitigating potential risks.""}, {""role"": ""user"", ""text"": ""That's impressive, what's ChatGPT capable of?""}, {""role"": ""assistant"", ""text"": ""ChatGPT is a conversational AI model that can understand and respond to natural language inputs, generating human-like text.""}, {""role"": ""user"", ""text"": ""wait a sec, I need to take a call""}, {""role"": ""assistant"", ""text"": ""Take your time, I'll be here when you're ready.""}, {""role"": ""user"", ""text"": ""back, so what were we saying?""}, {""role"": ""assistant"", ""text"": ""We were discussing ChatGPT and its capabilities. You asked what it's capable of.""}, {""role"": ""user"", ""text"": ""right, and how does it compare to other AI models?""}, {""role"": ""assistant"", ""text"": ""ChatGPT stands out for its ability to understand context and generate coherent responses, but other models like Google's Bard and Meta's Llama are also making strides.""}, {""role"": ""user"", ""text"": ""What about OpenAI's GPT-4?""}, {""role"": ""assistant"", ""text"": ""GPT-4 is the latest iteration of their language model, showing significant improvements in accuracy, reasoning, and multimodal capabilities.""}, {""role"": ""user"", ""text"": ""That's really interesting, are they working on anything new?""}, {""role"": ""assistant"", ""text"": ""OpenAI is constantly researching and developing new AI technologies, including areas like reinforcement learning, computer vision, and natural language processing.""}, {""role"": ""user"", ""text"": ""I'd love to learn more about their approach to AI safety, does OpenAI prioritize that?""}, {""role"": ""assistant"", ""text"": ""Yes, OpenAI prioritizes AI safety, with a focus on developing AI systems that are transparent, explainable, and aligned with human values.""}, {""role"": ""user"", ""text"": ""Okay, now tell me about AI in healthcare.""}, {""role"": ""assistant"", ""text"": ""AI in healthcare is a rapidly growing field, with applications in medical diagnosis, personalized medicine, and patient care; OpenAI's technologies, for instance, are being explored for potential healthcare applications.""}]","[""What's the latest on OpenAI?"", ""They're doing some amazing stuff, what are their goals?"", ""That's impressive, what's ChatGPT capable of?"", ""wait a sec, I need to take a call"", ""back, so what were we saying?"", ""right, and how does it compare to other AI models?"", ""What about OpenAI's GPT-4?"", ""That's really interesting, are they working on anything new?"", ""I'd love to learn more about their approach to AI safety, does OpenAI prioritize that?"", ""Okay, now tell me about AI in healthcare.""]","[""What is the latest on OpenAI?"", ""OpenAI is doing some amazing stuff, what are their goals?"", ""That is impressive, what is ChatGPT capable of?"", ""wait a sec, I need to take a call"", ""back, so what were we saying?"", ""right, and how does ChatGPT compare to other AI models?"", ""What about OpenAI's GPT-4 model?"", ""That is really interesting, is OpenAI working on anything new?"", ""I would love to learn more about OpenAI's approach to AI safety, does OpenAI prioritize that?"", ""Okay, now tell me about AI in healthcare.""]","[[""OpenAI""], [""OpenAI""], [""ChatGPT""], [], [], [""ChatGPT""], [""OpenAI"", ""GPT-4""], [""OpenAI""], [""OpenAI""], []]","[false, false, false, false, false, true, false, true, true, false]",2026-04-10T21:03:51.091315
